Day_of_Week,Accident_Location_A,Accident_Location_A_Chainage_km,Accident_Location_A_Chainage_km_RoadSide,Causes_D,Road_Feature_E,Road_Condition_F,Weather_Conditions_H,Vehicle_Type_Involved_J_V1,Vehicle_Type_Involved_J_V2,Year,Month,Day,Hour
4,2,400.575,1,2,4,1,1,1,5.0,2017.0,7.0,6.0,7
5,2,508.05,1,2,4,1,4,6,5.0,2017.0,7.0,6.0,18
4,2,195.8,2,3,2,1,2,6,5.0,2017.0,11.0,5.0,17
6,2,510.2,1,3,4,1,1,5,5.0,2017.0,7.0,6.0,1
6,2,239.6,1,3,2,1,2,6,5.0,2017.0,7.0,6.0,20
5,2,487.85,1,1,4,1,1,6,5.0,2017.0,10.0,11.0,20
7,2,129.0,2,2,4,1,1,6,5.0,2017.0,7.0,6.0,23
2,2,175.4,1,2,4,1,1,6,5.0,2017.0,12.0,9.0,15
5,2,165.8,2,2,4,1,1,11,5.0,2017.0,7.0,6.0,17
3,1,491.1,2,2,4,1,1,9,5.0,2017.0,12.0,4.0,2
6,2,415.0,1,2,4,1,1,1,5.0,2016.0,5.0,11.0,12
7,2,232.6,2,3,2,4,10,2,5.0,2017.0,7.0,6.0,4
7,2,481.25,2,3,4,1,1,6,5.0,2017.0,7.0,6.0,8
5,2,191.9,1,3,4,1,2,5,5.0,2017.0,7.0,6.0,16
5,2,76.71,2,2,4,1,3,6,5.0,2022.0,7.0,7.0,16
6,2,487.25,1,3,4,1,1,6,5.0,2017.0,7.0,6.0,20
1,2,496.25,2,2,4,1,1,5,1.0,2017.0,7.0,6.0,22
5,1,498.95,1,3,4,1,1,6,5.0,2016.0,11.0,3.0,13
3,2,156.6,2,3,2,4,9,10,5.0,2017.0,7.0,6.0,7
6,2,416.52,1,2,4,1,1,5,5.0,2017.0,7.0,6.0,15
4,2,232.6,1,3,4,1,1,6,5.0,2017.0,7.0,6.0,20
6,2,78.7,1,2,4,1,3,6,5.0,2022.0,12.0,8.0,12
5,2,485.35,1,2,4,1,1,6,5.0,2016.0,4.0,3.0,19
5,2,672.195,2,2,4,1,1,6,5.0,2017.0,7.0,6.0,1
1,2,508.0,1,3,4,1,1,5,5.0,2015.0,12.0,10.0,1
2,2,157.1,2,3,2,1,1,6,5.0,2017.0,7.0,6.0,19
4,2,205.2,1,4,4,1,1,6,5.0,2017.0,7.0,6.0,8
2,2,509.2,2,2,4,1,3,5,5.0,2017.0,8.0,8.0,17
4,2,456.7,1,3,4,1,1,7,5.0,2017.0,7.0,6.0,22
6,2,45.3,1,2,4,1,1,1,5.0,2017.0,7.0,6.0,13
7,1,499.25,1,2,4,1,1,9,5.0,2017.0,10.0,9.0,10
4,2,506.65,2,3,4,1,3,5,5.0,2017.0,7.0,6.0,10
4,2,447.14,2,3,4,1,1,3,5.0,2017.0,7.0,6.0,1
1,2,178.8,2,2,2,2,1,6,10.0,2017.0,7.0,6.0,19
5,2,169.35,1,3,4,2,1,5,6.0,2015.0,12.0,6.0,18
5,1,495.55,2,2,4,1,1,12,6.0,2017.0,7.0,6.0,12
4,2,402.98,1,2,4,1,1,1,6.0,2015.0,2.0,4.0,11
2,2,159.3,2,3,4,1,1,1,5.0,2017.0,7.0,6.0,2
6,2,448.78,1,3,4,1,1,3,5.0,2017.0,7.0,10.0,1
5,2,480.7,2,2,4,1,1,5,5.0,2017.0,3.0,11.0,14
2,1,495.3,1,3,4,1,1,5,5.0,2017.0,7.0,6.0,3
5,2,213.0,2,4,4,1,2,6,5.0,2017.0,8.0,12.0,23
3,2,486.35,2,2,4,1,1,6,5.0,2017.0,7.0,6.0,22
5,1,497.7,2,2,4,1,1,1,5.0,2017.0,8.0,12.0,11
4,2,173.8,1,1,4,1,2,6,5.0,2017.0,7.0,6.0,22
3,2,214.2,1,2,2,4,10,11,5.0,2017.0,7.0,6.0,6
3,2,208.8,2,4,4,2,2,6,5.0,2017.0,4.0,10.0,18
6,1,73.2,2,2,4,1,3,15,15.0,2017.0,7.0,6.0,23
7,2,421.5,2,1,4,1,1,6,5.0,2017.0,7.0,6.0,21
5,2,152.5,2,3,4,1,1,7,5.0,2017.0,7.0,6.0,16
4,2,417.8,2,2,4,1,1,1,5.0,2017.0,7.0,6.0,3
1,2,468.86,2,3,4,1,1,1,5.0,2017.0,7.0,6.0,17
1,2,477.429,1,2,4,1,1,1,5.0,2017.0,7.0,6.0,6
5,2,207.1,2,3,4,2,2,1,5.0,2017.0,7.0,6.0,20
4,2,451.6,1,3,4,1,2,5,6.0,2017.0,7.0,6.0,8
6,1,497.35,2,2,4,1,10,6,5.0,2017.0,7.0,6.0,16
5,1,55.24,1,2,4,1,1,5,5.0,2017.0,7.0,6.0,11
5,2,508.4,2,2,4,1,1,1,5.0,2017.0,7.0,6.0,0
2,2,507.95,1,3,4,1,1,5,5.0,2017.0,7.0,6.0,9
5,2,210.69,2,4,4,1,1,5,5.0,2017.0,7.0,6.0,22
4,2,199.0,1,2,4,1,1,1,5.0,2017.0,7.0,6.0,10
1,2,452.9,2,3,4,1,1,5,5.0,2017.0,7.0,6.0,16
1,2,467.4,2,3,4,1,1,5,5.0,2017.0,7.0,6.0,0
3,2,261.4,1,2,4,1,1,1,5.0,2017.0,7.0,6.0,23
2,2,489.6,2,1,4,1,1,11,5.0,2017.0,7.0,6.0,20
3,2,135.4,2,2,4,1,1,6,5.0,2017.0,7.0,6.0,10
2,2,703.795,1,2,4,1,1,5,5.0,2017.0,7.0,6.0,13
3,2,141.45,2,2,4,1,1,1,5.0,2017.0,7.0,6.0,9
4,2,196.6,2,2,2,4,12,14,5.0,2017.0,7.0,6.0,6
6,2,477.7,2,3,4,1,2,11,5.0,2016.0,6.0,8.0,21
5,2,265.1,2,3,4,1,1,1,5.0,2022.0,9.0,6.0,20
1,2,44.26,2,3,4,1,1,6,5.0,2017.0,7.0,6.0,15
6,2,18.3,1,2,4,1,5,6,5.0,2017.0,7.0,6.0,6
7,2,248.8,2,1,4,2,2,5,9.0,2017.0,7.0,6.0,9
2,2,414.1,2,2,4,1,3,6,5.0,2017.0,7.0,6.0,18
4,2,491.6,1,3,4,1,1,9,5.0,2017.0,7.0,6.0,13
1,2,487.7,2,2,4,1,1,9,5.0,2016.0,10.0,10.0,23
3,1,494.0,2,2,4,1,1,6,5.0,2017.0,7.0,6.0,0
4,2,172.25,2,4,2,1,2,6,5.0,2017.0,7.0,6.0,22
7,2,14.2,1,4,4,1,1,6,6.0,2017.0,7.0,6.0,14
5,2,175.6,1,2,4,3,1,10,1.0,2015.0,8.0,5.0,8
6,2,184.05,1,4,4,1,1,11,5.0,2017.0,7.0,6.0,6
5,2,137.1,2,5,4,1,1,15,6.0,2023.0,9.0,2.0,14
1,2,227.5,1,4,2,4,1,1,5.0,2017.0,3.0,4.0,8
7,2,211.2,1,3,4,1,3,3,5.0,2017.0,7.0,6.0,1
3,2,423.4,2,3,4,1,1,1,6.0,2017.0,1.0,2.0,9
2,2,234.6,1,2,4,4,2,5,6.0,2017.0,7.0,6.0,23
6,2,422.32,1,2,4,1,11,3,5.0,2017.0,7.0,6.0,4
6,2,156.9,2,2,4,1,1,1,5.0,2017.0,7.0,6.0,5
4,2,437.25,2,3,4,1,1,9,5.0,2017.0,7.0,6.0,3
1,2,455.75,2,3,4,1,1,6,5.0,2017.0,7.0,6.0,23
1,2,509.6,2,2,4,1,1,1,5.0,2016.0,5.0,12.0,4
2,2,159.0,1,3,4,1,2,14,5.0,2017.0,7.0,6.0,17
2,2,206.2,2,1,2,1,9,11,5.0,2014.0,11.0,3.0,8
1,2,509.4,1,2,4,1,1,6,5.0,2017.0,7.0,6.0,17
7,1,492.8,1,2,4,1,1,9,5.0,2017.0,7.0,6.0,5
7,2,244.4,2,3,2,1,1,6,5.0,2017.0,12.0,2.0,10
7,1,496.3,2,3,4,1,1,6,5.0,2017.0,5.0,2.0,18
7,2,231.0,2,4,4,1,2,1,5.0,2017.0,7.0,6.0,16
5,2,237.4,2,2,4,1,2,1,5.0,2017.0,7.0,6.0,20
3,2,156.0,1,3,2,4,1,1,5.0,2014.0,2.0,7.0,13
2,2,38.4,2,2,4,1,1,6,5.0,2022.0,6.0,6.0,3
5,2,212.6,2,3,4,1,1,11,5.0,2017.0,7.0,6.0,7
5,2,173.5,1,3,2,1,1,5,5.0,2017.0,10.0,11.0,11
4,2,492.25,1,3,4,1,1,6,9.0,2017.0,6.0,4.0,18
4,2,136.85,2,5,4,1,1,5,1.0,2017.0,7.0,6.0,8
1,2,503.1,2,2,4,1,1,6,5.0,2017.0,7.0,6.0,12
7,2,481.1,2,3,4,1,4,11,5.0,2017.0,7.0,6.0,16
6,2,215.5,2,2,2,1,9,3,5.0,2017.0,7.0,6.0,2
5,2,168.0,1,2,4,1,2,14,5.0,2017.0,7.0,6.0,19
2,2,501.2,2,3,4,1,1,6,5.0,2017.0,7.0,6.0,19
4,2,465.5,2,2,4,1,1,6,5.0,2017.0,7.0,6.0,11
6,2,476.65,1,3,4,1,1,5,5.0,2017.0,1.0,4.0,0
2,2,224.8,1,4,4,1,1,7,5.0,2017.0,7.0,6.0,15
4,1,494.5,2,2,4,1,1,9,5.0,2017.0,7.0,6.0,5
4,2,249.1,2,2,4,1,1,11,5.0,2017.0,7.0,6.0,10
4,2,463.3,2,2,4,1,1,5,5.0,2016.0,11.0,2.0,11
3,2,441.2,2,3,4,1,1,1,5.0,2016.0,5.0,10.0,4
6,2,427.06,2,3,4,1,1,1,5.0,2017.0,7.0,6.0,7
4,2,226.9,2,4,4,1,2,14,5.0,2017.0,7.0,6.0,17
3,2,484.75,1,3,4,1,1,6,5.0,2017.0,7.0,6.0,20
6,2,162.8,1,2,4,2,1,11,5.0,2017.0,7.0,6.0,8
4,2,435.32,2,2,4,1,1,6,5.0,2016.0,7.0,4.0,23
3,1,496.6,2,3,4,1,1,6,5.0,2017.0,1.0,11.0,12
2,2,171.8,2,2,4,1,2,14,5.0,2017.0,7.0,6.0,15
5,2,242.2,2,4,4,1,1,1,5.0,2017.0,7.0,6.0,7
1,1,1.5,1,2,4,1,1,6,5.0,2017.0,7.0,6.0,17
5,2,207.4,2,4,4,1,2,3,5.0,2017.0,7.0,6.0,20
6,2,481.451,2,2,4,1,1,5,5.0,2015.0,12.0,9.0,5
1,1,495.8,1,2,4,1,1,9,5.0,2016.0,11.0,4.0,18
6,2,444.0,1,2,4,1,1,5,5.0,2017.0,7.0,6.0,13
1,2,226.2,1,1,4,2,1,6,6.0,2017.0,7.0,6.0,23
4,2,181.0,1,2,2,4,8,6,5.0,2013.0,12.0,12.0,9
7,2,454.76,1,2,4,1,1,1,5.0,2017.0,7.0,6.0,5
7,2,49.14,2,4,4,1,1,1,5.0,2023.0,11.0,3.0,13
7,2,177.2,1,1,4,1,1,1,1.0,2017.0,7.0,6.0,12
3,2,488.3,1,1,4,1,1,6,5.0,2017.0,7.0,6.0,11
6,2,233.8,2,2,4,1,1,11,5.0,2017.0,7.0,6.0,7
5,2,430.0,1,3,4,1,1,6,5.0,2017.0,7.0,6.0,16
5,1,499.95,2,1,4,1,1,9,5.0,2017.0,8.0,9.0,6
2,2,416.44,1,2,4,1,1,1,5.0,2017.0,7.0,6.0,15
4,1,493.6,1,3,4,1,1,6,5.0,2016.0,7.0,1.0,18
1,2,191.1,1,4,4,1,1,8,5.0,2022.0,12.0,6.0,12
6,2,18.095,2,2,4,1,1,1,5.0,2022.0,2.0,9.0,4
6,2,405.9,1,3,4,1,1,1,5.0,2017.0,7.0,6.0,6
6,2,23.65,2,2,4,1,1,11,5.0,2017.0,7.0,6.0,6
3,2,177.8,1,3,4,1,2,15,5.0,2017.0,7.0,6.0,14
2,1,413.76,1,2,4,1,1,6,5.0,2017.0,7.0,6.0,15
3,2,507.1,2,2,4,1,5,5,6.0,2017.0,7.0,6.0,21
4,1,496.85,2,1,4,1,1,6,5.0,2016.0,3.0,3.0,0
5,2,216.41,1,3,4,1,1,7,5.0,2017.0,7.0,6.0,18
4,2,222.8,2,2,4,1,1,1,5.0,2018.0,10.0,5.0,7
4,2,240.4,1,2,4,1,1,1,5.0,2017.0,7.0,6.0,6
7,2,500.12,1,2,4,1,1,6,5.0,2017.0,7.0,6.0,20
3,2,430.0,1,2,4,1,1,6,5.0,2017.0,7.0,6.0,18
3,2,460.72,1,3,4,1,1,5,5.0,2017.0,7.0,6.0,5
1,1,501.2,2,3,4,1,1,6,5.0,2017.0,7.0,6.0,17
5,2,666.795,1,4,4,1,1,5,5.0,2017.0,7.0,6.0,1
2,1,494.4,2,2,4,1,1,11,6.0,2017.0,7.0,11.0,15
2,2,224.2,2,3,2,2,10,11,5.0,2017.0,7.0,6.0,15
5,2,183.2,1,3,2,4,10,6,5.0,2017.0,7.0,6.0,11
5,2,221.6,2,1,2,4,6,3,5.0,2017.0,7.0,6.0,20
6,2,489.6,2,3,4,1,1,6,5.0,2016.0,9.0,1.0,20
2,2,440.4,1,3,4,1,1,5,5.0,2017.0,7.0,6.0,8
7,2,205.6,1,3,2,4,10,11,5.0,2014.0,2.0,3.0,1
4,2,429.0,2,3,4,1,3,5,5.0,2016.0,4.0,8.0,13
3,2,492.0,2,4,4,1,11,11,5.0,2017.0,7.0,6.0,1
2,2,34.9,2,3,4,1,1,14,5.0,2023.0,10.0,7.0,4
2,2,438.86,1,2,4,1,1,9,5.0,2017.0,7.0,6.0,12
2,2,41.1,2,1,4,1,1,10,5.0,2017.0,7.0,6.0,20
4,2,241.8,1,2,2,2,10,14,6.0,2014.0,12.0,6.0,4
3,2,210.5,1,2,4,1,1,5,5.0,2017.0,7.0,6.0,2
3,2,166.8,2,2,2,1,2,7,5.0,2017.0,7.0,6.0,19
1,2,176.9,1,3,4,1,1,1,5.0,2018.0,10.0,12.0,10
7,1,496.5,1,2,4,1,5,11,5.0,2015.0,2.0,8.0,9
7,2,246.8,1,3,4,1,5,11,5.0,2017.0,4.0,6.0,21
4,2,424.24,1,3,4,1,1,1,5.0,2017.0,7.0,6.0,23
7,1,499.25,2,3,4,1,1,6,5.0,2017.0,7.0,6.0,15
7,2,180.0,1,4,2,1,1,5,5.0,2017.0,7.0,6.0,16
6,2,452.2,2,2,4,1,1,5,5.0,2017.0,11.0,11.0,5
1,2,237.4,1,2,4,1,2,6,5.0,2017.0,7.0,6.0,22
7,2,450.88,2,3,4,1,1,3,5.0,2017.0,7.0,6.0,0
4,2,238.3,1,3,4,4,8,1,5.0,2017.0,7.0,6.0,10
6,2,454.4,1,3,4,1,2,1,5.0,2017.0,7.0,6.0,8
7,2,226.35,1,3,2,4,10,1,1.0,2014.0,6.0,7.0,0
4,2,476.2,1,3,4,1,1,5,11.0,2017.0,4.0,5.0,23
7,2,189.6,1,2,4,1,2,1,5.0,2017.0,11.0,6.0,12
6,1,493.75,2,2,4,1,1,6,5.0,2015.0,4.0,4.0,23
6,2,179.9,1,1,2,4,9,11,5.0,2014.0,1.0,2.0,12
1,2,191.8,2,4,4,2,2,6,6.0,2017.0,7.0,6.0,11
5,1,492.55,2,3,4,1,3,1,6.0,2017.0,7.0,6.0,19
6,2,413.12,1,2,4,1,1,5,1.0,2016.0,9.0,4.0,1
4,2,479.8,1,3,4,1,1,1,5.0,2017.0,4.0,5.0,9
5,2,137.5,1,2,4,1,1,6,6.0,2017.0,7.0,6.0,18
3,2,438.5,2,2,4,1,1,6,5.0,2017.0,7.0,6.0,12
7,2,507.4,1,2,4,1,1,1,5.0,2017.0,7.0,6.0,15
2,1,501.7,1,2,4,1,2,5,5.0,2017.0,7.0,6.0,9
1,2,420.84,2,3,4,1,1,3,5.0,2017.0,10.0,4.0,5
6,2,469.88,1,2,4,1,3,1,1.0,2017.0,7.0,6.0,8
4,2,189.8,2,3,4,4,1,1,5.0,2017.0,7.0,6.0,10
2,1,494.62,2,2,4,1,4,6,5.0,2017.0,7.0,6.0,13
6,2,472.02,1,3,4,1,1,3,5.0,2016.0,9.0,4.0,9
2,2,41.58,1,2,4,1,1,6,5.0,2023.0,7.0,8.0,9
7,2,489.2,2,3,4,1,1,5,1.0,2017.0,5.0,2.0,12
4,2,233.1,1,2,2,2,10,5,8.0,2014.0,2.0,1.0,5
6,2,487.5,1,3,4,1,1,6,5.0,2017.0,7.0,6.0,17
3,2,231.9,1,2,2,1,9,10,14.0,2017.0,7.0,6.0,1
7,2,206.6,1,3,4,1,2,6,5.0,2017.0,5.0,11.0,15
4,1,499.25,2,2,4,1,1,9,5.0,2016.0,5.0,5.0,13
3,2,157.9,2,2,4,1,2,3,5.0,2017.0,7.0,6.0,21
3,2,188.0,2,4,4,4,2,2,5.0,2017.0,7.0,6.0,13
5,1,496.5,1,3,4,1,1,6,5.0,2015.0,6.0,2.0,21
3,1,43.96,2,2,4,1,1,1,5.0,2017.0,7.0,6.0,20
2,2,187.8,2,2,4,3,1,6,5.0,2014.0,11.0,11.0,20
7,2,192.8,2,2,4,2,1,6,5.0,2017.0,7.0,6.0,23
7,1,496.8,2,3,4,1,1,1,5.0,2017.0,5.0,2.0,23
7,1,495.45,2,3,4,1,3,6,5.0,2016.0,3.0,1.0,0
3,1,498.75,2,4,4,1,1,6,5.0,2017.0,7.0,6.0,13
7,2,246.2,2,3,4,1,1,1,5.0,2017.0,7.0,6.0,3
1,2,211.4,2,2,2,1,2,3,5.0,2017.0,7.0,6.0,23
6,2,210.65,2,3,4,1,2,3,5.0,2017.0,7.0,6.0,14
5,2,430.4,2,2,4,1,1,6,5.0,2017.0,7.0,6.0,20
2,2,488.1,1,1,4,1,4,6,5.0,2017.0,7.0,6.0,23
1,2,14.36,1,2,4,1,1,6,5.0,2017.0,7.0,6.0,16
7,2,417.96,1,3,4,1,1,6,5.0,2015.0,11.0,10.0,9
6,2,152.4,1,2,4,3,2,6,5.0,2015.0,7.0,2.0,7
6,2,500.3,1,2,4,1,1,9,5.0,2017.0,7.0,6.0,5
6,2,181.8,2,1,4,1,1,14,5.0,2017.0,7.0,6.0,10
6,2,506.4,1,3,4,1,1,5,1.0,2015.0,10.0,10.0,3
6,2,508.2,1,3,4,1,1,1,1.0,2017.0,10.0,6.0,23
7,2,515.95,1,2,4,1,1,6,5.0,2017.0,7.0,6.0,10
3,2,440.82,2,3,4,1,1,1,5.0,2017.0,8.0,3.0,10
3,2,453.68,1,2,4,1,1,5,5.0,2017.0,7.0,6.0,11
3,2,436.4,2,2,4,1,1,11,6.0,2017.0,7.0,6.0,10
1,2,177.5,1,2,1,4,2,6,5.0,2017.0,7.0,6.0,14
6,2,226.1,2,3,4,1,2,6,5.0,2018.0,2.0,6.0,16
2,1,496.6,2,4,4,1,1,9,5.0,2017.0,7.0,6.0,14
6,2,465.5,1,2,4,1,1,6,5.0,2017.0,7.0,6.0,6
6,2,154.4,1,2,2,1,2,5,5.0,2017.0,1.0,7.0,15
1,2,430.16,1,3,4,1,4,5,6.0,2017.0,7.0,6.0,12
4,2,486.6,1,3,4,1,1,6,5.0,2017.0,7.0,6.0,13
2,2,220.0,2,2,4,1,1,1,5.0,2022.0,1.0,8.0,16
1,2,450.14,1,3,4,1,1,5,5.0,2017.0,7.0,6.0,4
7,2,36.97,2,1,4,1,1,6,5.0,2017.0,7.0,6.0,23
2,2,150.5,2,2,4,1,1,6,5.0,2017.0,7.0,6.0,19
7,2,242.2,2,3,4,1,2,6,5.0,2017.0,7.0,6.0,20
4,2,400.575,2,3,4,1,1,15,15.0,2022.0,10.0,8.0,5
5,2,35.4,1,3,4,1,1,1,5.0,2017.0,7.0,6.0,1
4,2,218.4,1,2,4,1,2,5,5.0,2017.0,7.0,12.0,13
2,2,33.5,2,2,4,1,1,5,1.0,2017.0,7.0,6.0,5
5,2,440.15,1,3,4,1,1,6,5.0,2016.0,11.0,3.0,8
7,1,25.34,1,2,4,1,1,6,5.0,2017.0,7.0,6.0,12
6,2,426.16,2,2,4,1,1,6,5.0,2017.0,7.0,6.0,22
4,2,130.6,1,2,4,1,1,11,9.0,2022.0,7.0,9.0,22
1,1,491.3,2,2,4,1,3,11,5.0,2017.0,7.0,6.0,18
5,2,488.9,1,3,4,1,1,6,5.0,2017.0,12.0,5.0,5
7,2,427.9,1,1,4,1,1,9,5.0,2017.0,7.0,6.0,19
3,1,492.75,1,3,4,1,3,7,6.0,2017.0,7.0,6.0,11
4,2,122.2,1,3,4,1,1,11,5.0,2017.0,7.0,6.0,4
3,2,55.4,1,2,4,1,1,1,14.0,2017.0,7.0,6.0,12
4,2,223.9,1,1,4,2,1,1,5.0,2017.0,7.0,6.0,16
1,2,190.0,1,3,4,1,2,1,5.0,2017.0,7.0,6.0,23
5,2,176.8,2,2,4,4,2,14,6.0,2017.0,7.0,6.0,10
2,1,497.4,2,3,4,1,1,11,5.0,2017.0,7.0,6.0,13
5,2,425.2,2,2,4,1,1,5,5.0,2016.0,3.0,6.0,3
6,2,165.5,2,2,2,1,10,6,5.0,2017.0,7.0,6.0,17
3,2,506.75,2,2,4,1,1,11,8.0,2017.0,7.0,6.0,22
6,2,173.6,1,3,4,4,2,6,5.0,2017.0,7.0,6.0,18
1,2,487.05,2,2,4,1,1,11,9.0,2017.0,6.0,11.0,19
1,2,492.35,1,2,4,1,1,11,5.0,2017.0,7.0,6.0,4
7,1,497.35,2,1,4,1,1,9,5.0,2017.0,7.0,6.0,20
3,2,669.695,1,2,4,1,1,6,5.0,2022.0,7.0,6.0,1
6,1,488.3,1,2,4,1,1,6,1.0,2017.0,7.0,6.0,10
1,2,403.08,1,3,4,1,3,1,5.0,2017.0,7.0,6.0,19
2,2,467.9,1,2,4,1,1,5,5.0,2017.0,7.0,6.0,0
7,2,411.2,1,3,4,1,1,6,5.0,2017.0,7.0,6.0,19
3,2,453.6,1,2,4,1,1,5,5.0,2017.0,7.0,6.0,9
7,2,482.7,1,3,4,1,1,1,5.0,2017.0,7.0,6.0,0
7,2,222.2,1,3,4,2,10,10,5.0,2017.0,7.0,6.0,17
1,2,439.72,1,3,4,1,1,7,5.0,2017.0,7.0,6.0,20
7,2,102.2,2,4,4,1,1,1,5.0,2022.0,9.0,7.0,14
2,2,422.32,1,3,4,1,1,5,5.0,2017.0,7.0,6.0,11
6,2,20.345,1,4,4,1,1,11,5.0,2022.0,12.0,8.0,17
6,2,229.2,1,2,2,1,9,2,3.0,2017.0,7.0,6.0,11
6,2,174.4,2,1,2,4,9,11,5.0,2014.0,8.0,3.0,9
7,2,520.7,1,3,4,1,1,6,5.0,2017.0,7.0,6.0,15
7,2,186.1,2,1,4,2,2,6,5.0,2015.0,10.0,5.0,16
5,1,494.12,2,2,4,1,1,1,5.0,2017.0,12.0,5.0,6
2,1,492.4,1,3,4,1,1,6,5.0,2017.0,7.0,6.0,15
1,1,490.95,2,3,4,1,1,5,5.0,2017.0,7.0,6.0,9
1,2,239.4,1,2,4,2,2,1,5.0,2017.0,9.0,10.0,13
3,2,270.6,2,4,4,1,1,8,5.0,2022.0,5.0,7.0,13
4,2,197.7,2,3,4,1,1,1,5.0,2017.0,7.0,6.0,6
1,2,202.8,2,4,4,1,1,10,5.0,2022.0,10.0,7.0,6
2,2,714.395,2,2,4,1,1,5,5.0,2022.0,6.0,6.0,12
2,2,457.64,2,3,4,1,1,5,5.0,2015.0,8.0,12.0,4
4,2,454.7,1,3,4,1,1,5,5.0,2017.0,7.0,6.0,13
2,2,501.9,2,3,4,1,1,1,5.0,2015.0,2.0,6.0,2
5,2,211.6,1,2,2,4,10,5,5.0,2017.0,7.0,6.0,5
7,2,249.6,2,2,2,1,9,5,6.0,2017.0,7.0,6.0,3
4,2,433.5,2,2,4,1,1,9,5.0,2017.0,7.0,6.0,13
4,1,502.05,1,3,4,1,2,5,5.0,2017.0,7.0,6.0,5
1,2,482.7,2,3,4,1,1,1,6.0,2016.0,7.0,11.0,0
5,2,247.2,2,3,4,1,1,5,5.0,2017.0,7.0,6.0,11
2,2,504.85,2,3,4,1,1,5,5.0,2016.0,5.0,1.0,23
4,1,693.195,1,4,4,1,1,11,5.0,2022.0,10.0,8.0,12
3,2,494.25,1,3,4,1,1,5,5.0,2016.0,4.0,5.0,12
7,2,450.25,2,2,4,1,1,6,5.0,2016.0,4.0,12.0,17
7,2,428.75,1,2,4,1,1,6,5.0,2017.0,7.0,6.0,18
1,2,450.54,2,3,4,1,1,5,5.0,2017.0,7.0,6.0,22
2,2,427.36,2,3,4,1,3,9,5.0,2017.0,7.0,6.0,16
4,2,481.9,2,2,4,1,1,8,5.0,2017.0,7.0,6.0,21
7,2,438.0,2,3,4,1,1,11,5.0,2016.0,12.0,6.0,19
1,2,469.8,1,3,4,1,1,5,5.0,2017.0,4.0,9.0,23
3,2,222.5,2,4,2,4,10,1,6.0,2017.0,7.0,6.0,4
5,2,189.2,1,2,4,1,1,11,1.0,2017.0,7.0,6.0,18
5,2,135.1,1,5,4,1,1,1,5.0,2022.0,8.0,9.0,11
7,2,489.46,2,2,4,1,10,5,5.0,2017.0,7.0,6.0,7
7,2,423.94,2,3,4,1,1,6,5.0,2017.0,7.0,6.0,21
4,1,499.3,1,2,4,1,1,6,3.0,2015.0,12.0,11.0,7
5,2,482.25,1,2,4,1,1,6,5.0,2017.0,3.0,2.0,21
3,2,178.5,1,3,2,4,9,5,5.0,2013.0,2.0,10.0,12
7,2,223.1,2,4,4,1,1,11,5.0,2018.0,6.0,5.0,1
6,2,170.05,1,2,4,1,1,6,5.0,2017.0,5.0,8.0,6
5,2,177.0,1,2,4,1,9,1,5.0,2017.0,7.0,6.0,1
4,1,490.15,2,3,4,1,1,5,5.0,2017.0,7.0,6.0,9
4,1,501.2,2,3,4,1,1,6,8.0,2016.0,7.0,4.0,8
7,2,222.02,1,4,4,1,1,11,5.0,2022.0,9.0,7.0,17
3,2,52.6,1,4,4,1,1,6,5.0,2017.0,7.0,6.0,14
6,2,703.495,2,2,4,1,1,5,5.0,2017.0,7.0,6.0,18
1,2,234.8,2,3,4,1,10,5,5.0,2017.0,7.0,6.0,16
5,2,413.58,1,4,4,1,10,5,5.0,2017.0,7.0,6.0,7
5,2,234.6,1,2,4,3,2,6,5.0,2015.0,10.0,7.0,16
4,2,434.96,1,4,4,1,3,9,5.0,2017.0,7.0,6.0,7
1,2,152.4,2,3,4,1,1,11,5.0,2017.0,7.0,6.0,9
3,2,152.3,1,1,2,1,8,11,5.0,2014.0,12.0,3.0,4
6,2,190.5,1,1,2,1,10,11,5.0,2017.0,7.0,6.0,5
6,2,509.35,1,3,4,1,4,1,5.0,2015.0,3.0,1.0,23
4,2,108.5,1,2,4,1,1,10,5.0,2017.0,7.0,6.0,17
1,2,58.2,1,2,4,1,5,5,5.0,2017.0,7.0,6.0,7
7,2,236.0,2,3,4,2,1,3,1.0,2015.0,12.0,4.0,12
6,2,204.5,2,3,4,1,2,1,5.0,2017.0,7.0,6.0,14
2,1,498.45,2,3,4,1,1,6,5.0,2017.0,7.0,6.0,2
4,2,242.8,2,2,2,2,3,10,5.0,2017.0,5.0,1.0,3
6,2,505.15,2,2,4,1,1,6,5.0,2017.0,7.0,6.0,22
5,2,218.2,1,2,2,1,10,1,6.0,2017.0,7.0,6.0,2
5,2,411.94,2,3,4,1,2,5,5.0,2017.0,7.0,6.0,10
4,2,234.4,2,3,4,1,1,6,5.0,2017.0,7.0,6.0,18
3,2,66.72,2,2,4,1,1,5,5.0,2022.0,5.0,7.0,1
3,1,456.6,2,3,4,1,1,1,5.0,2015.0,4.0,2.0,6
6,2,249.3,2,4,4,1,1,1,5.0,2017.0,7.0,6.0,5
2,2,15.3,1,2,4,1,1,6,5.0,2017.0,7.0,6.0,5
1,2,418.0,1,3,4,1,1,5,5.0,2017.0,7.0,6.0,6
6,2,438.84,1,3,4,1,10,5,5.0,2015.0,6.0,6.0,3
5,2,224.8,1,3,4,2,1,5,5.0,2017.0,7.0,6.0,9
5,2,126.65,2,2,4,1,1,6,14.0,2022.0,10.0,11.0,11
7,2,221.4,2,2,4,1,3,6,5.0,2017.0,7.0,6.0,5
6,2,427.64,2,2,4,1,1,5,5.0,2017.0,7.0,6.0,3
3,2,416.3,1,3,4,1,1,9,5.0,2016.0,10.0,2.0,11
7,1,491.3,1,3,4,1,3,6,5.0,2017.0,9.0,7.0,19
1,2,38.6,2,2,4,1,1,6,5.0,2023.0,1.0,1.0,18
6,2,189.6,1,2,4,1,2,5,5.0,2017.0,7.0,6.0,17
6,2,250.0,1,2,2,1,2,3,5.0,2017.0,7.0,6.0,17
2,1,494.3,2,2,4,1,1,6,5.0,2016.0,11.0,10.0,4
4,2,205.0,2,5,2,1,10,1,5.0,2017.0,7.0,6.0,15
4,2,681.195,2,2,4,1,1,6,5.0,2022.0,1.0,6.0,8
3,2,501.45,2,3,4,1,11,5,5.0,2017.0,7.0,6.0,6
5,2,223.2,1,4,2,2,1,14,14.0,2014.0,3.0,10.0,11
6,2,244.7,2,2,4,1,1,1,5.0,2017.0,7.0,6.0,8
7,2,231.2,2,3,4,2,1,6,5.0,2015.0,5.0,7.0,23
7,2,129.0,2,5,4,1,1,1,15.0,2023.0,11.0,2.0,6
2,2,277.4,1,3,4,1,1,5,8.0,2022.0,6.0,6.0,23
7,2,250.8,1,1,4,1,1,6,5.0,2017.0,7.0,6.0,16
5,1,492.35,2,3,4,1,1,5,5.0,2017.0,7.0,6.0,14
2,2,123.2,1,2,4,1,1,10,5.0,2017.0,7.0,6.0,0
3,2,201.6,1,3,2,2,3,1,6.0,2014.0,10.0,9.0,11
1,2,176.0,1,3,4,4,2,1,5.0,2017.0,7.0,6.0,5
1,2,243.4,2,2,4,2,2,6,5.0,2017.0,7.0,6.0,19
3,2,160.4,1,2,4,2,2,6,5.0,2018.0,6.0,6.0,14
6,2,502.7,1,3,4,1,1,5,5.0,2016.0,9.0,7.0,0
3,1,497.5,1,3,4,1,4,1,5.0,2016.0,7.0,9.0,17
1,2,230.6,1,3,4,1,2,6,5.0,2017.0,7.0,6.0,23
4,1,496.25,2,1,4,1,1,6,5.0,2017.0,7.0,6.0,5
3,2,20.0,1,2,4,1,1,5,5.0,2023.0,5.0,9.0,22
3,2,167.9,1,4,4,1,1,5,5.0,2017.0,7.0,6.0,10
2,2,211.5,1,3,2,1,12,5,5.0,2017.0,7.0,6.0,12
6,2,42.13,2,2,4,1,1,6,11.0,2017.0,7.0,6.0,20
5,2,456.18,1,3,4,1,1,5,1.0,2017.0,7.0,6.0,17
3,1,495.95,1,3,4,1,10,1,5.0,2017.0,7.0,6.0,5
3,2,425.68,1,2,4,1,1,5,5.0,2017.0,4.0,1.0,7
7,2,188.45,2,2,2,1,2,6,5.0,2017.0,7.0,6.0,23
6,2,140.45,2,3,4,1,1,1,5.0,2022.0,10.0,6.0,17
7,2,476.55,1,3,4,1,1,5,5.0,2017.0,7.0,6.0,3
6,2,159.15,2,4,4,1,2,1,5.0,2017.0,7.0,6.0,16
1,1,498.05,1,2,4,1,1,6,5.0,2017.0,7.0,6.0,21
3,2,175.4,1,1,4,1,1,6,5.0,2022.0,12.0,7.0,15
3,1,506.0,2,2,4,1,1,9,5.0,2017.0,7.0,6.0,23
7,2,177.8,2,3,4,1,1,6,5.0,2017.0,7.0,6.0,14
7,2,239.7,2,1,2,1,4,11,5.0,2017.0,11.0,6.0,20
3,2,519.1,2,3,4,1,5,10,5.0,2017.0,7.0,6.0,10
7,2,245.4,1,2,4,2,3,1,5.0,2017.0,7.0,6.0,2
7,2,433.72,1,2,4,1,1,1,1.0,2017.0,7.0,6.0,10
2,2,430.82,1,2,4,1,1,6,5.0,2015.0,6.0,10.0,20
7,2,240.0,2,4,4,1,1,5,5.0,2017.0,7.0,6.0,1
6,1,506.9,2,3,4,1,1,8,5.0,2017.0,7.0,6.0,22
6,2,18.245,2,2,4,1,1,6,5.0,2022.0,9.0,9.0,2
2,2,189.6,1,3,2,1,2,1,5.0,2017.0,7.0,6.0,20
4,2,192.8,1,3,4,1,1,8,5.0,2022.0,8.0,6.0,20
1,2,415.5,1,2,4,1,1,5,5.0,2017.0,6.0,11.0,6
5,2,138.4,1,5,4,1,1,1,7.0,2023.0,9.0,2.0,22
4,2,209.6,1,3,2,6,12,5,5.0,2017.0,7.0,6.0,23
6,1,495.0,2,3,4,1,1,6,5.0,2017.0,1.0,4.0,11
1,1,490.95,2,3,4,1,1,11,5.0,2017.0,7.0,6.0,9
6,2,187.6,1,2,4,1,2,1,5.0,2017.0,7.0,6.0,13
4,2,200.8,2,3,4,1,2,11,5.0,2017.0,7.0,6.0,16
6,2,231.6,1,2,4,1,1,1,5.0,2017.0,7.0,6.0,11
7,2,490.3,1,2,4,1,1,9,5.0,2017.0,7.0,6.0,1
7,2,156.6,2,2,4,1,2,1,5.0,2017.0,7.0,6.0,18
4,2,226.0,2,2,4,1,2,6,5.0,2017.0,7.0,6.0,13
3,2,109.9,1,2,4,1,1,11,1.0,2017.0,7.0,6.0,2
1,2,451.3,1,1,4,1,1,1,5.0,2015.0,2.0,11.0,1
3,2,210.9,2,3,4,1,1,5,5.0,2022.0,12.0,7.0,22
2,2,138.4,1,2,4,1,1,6,5.0,2022.0,12.0,12.0,6
4,2,187.0,1,1,4,1,2,3,5.0,2017.0,7.0,6.0,13
4,1,495.21,1,1,4,1,1,6,5.0,2016.0,6.0,10.0,20
4,2,228.0,2,3,2,4,1,11,5.0,2017.0,7.0,6.0,19
5,2,161.6,1,3,4,1,1,5,5.0,2017.0,7.0,6.0,16
4,2,181.8,1,3,2,2,2,6,6.0,2017.0,2.0,3.0,16
7,2,228.5,2,2,2,1,2,6,5.0,2017.0,5.0,2.0,22
3,2,45.75,1,1,4,1,1,6,5.0,2017.0,7.0,6.0,14
7,2,128.1,2,5,4,1,1,1,14.0,2023.0,11.0,2.0,6
4,2,501.85,2,3,4,1,4,5,5.0,2017.0,7.0,6.0,6
3,2,166.8,2,2,4,5,3,5,3.0,2015.0,1.0,4.0,23
7,1,501.95,1,2,4,1,1,4,5.0,2017.0,7.0,6.0,6
6,2,426.72,2,3,4,1,1,1,11.0,2017.0,7.0,6.0,6
7,2,486.75,2,2,4,1,1,9,5.0,2017.0,7.0,6.0,9
6,2,173.15,2,3,2,1,1,11,1.0,2015.0,2.0,5.0,11
1,2,398.24,1,3,4,1,1,5,5.0,2017.0,7.0,6.0,5
6,2,178.2,2,4,2,2,8,5,5.0,2014.0,12.0,7.0,20
3,2,47.0,1,3,4,1,1,3,5.0,2017.0,7.0,6.0,10
4,2,24.795,1,3,4,1,1,6,5.0,2017.0,7.0,6.0,17
4,2,237.3,1,3,4,1,1,1,5.0,2017.0,7.0,6.0,17
6,2,502.1,2,2,4,1,1,5,9.0,2017.0,7.0,6.0,17
5,2,199.4,2,3,4,1,1,5,5.0,2017.0,7.0,6.0,6
7,2,241.6,2,3,2,4,10,6,5.0,2014.0,12.0,1.0,6
3,2,439.2,1,2,4,1,1,6,5.0,2017.0,7.0,6.0,5
1,2,466.35,1,3,4,1,1,6,5.0,2017.0,7.0,6.0,19
4,2,264.8,1,3,4,1,1,5,5.0,2017.0,7.0,6.0,6
7,2,185.2,1,3,4,1,1,11,5.0,2017.0,7.0,6.0,1
2,2,476.6,2,2,4,1,1,11,1.0,2017.0,8.0,8.0,2
4,2,507.75,1,3,4,1,1,5,5.0,2017.0,9.0,3.0,17
2,2,167.3,2,4,2,1,4,5,5.0,2014.0,9.0,9.0,10
1,2,237.6,2,3,4,1,2,11,5.0,2017.0,7.0,6.0,20
2,2,438.22,1,3,4,1,1,6,5.0,2017.0,7.0,6.0,17
4,2,218.0,1,2,4,7,1,1,11.0,2017.0,7.0,6.0,17
1,2,414.32,2,3,4,1,1,1,5.0,2017.0,7.0,6.0,22
2,2,464.25,1,3,4,1,1,6,5.0,2017.0,7.0,6.0,0
2,2,168.5,2,3,2,2,10,2,1.0,2014.0,10.0,6.0,9
1,1,501.6,2,4,4,1,1,6,5.0,2017.0,7.0,6.0,21
7,2,178.1,1,3,1,1,1,11,5.0,2017.0,7.0,6.0,19
4,2,144.3,1,2,4,1,1,15,6.0,2017.0,7.0,6.0,16
3,2,178.0,1,1,2,1,1,1,5.0,2017.0,7.0,6.0,23
7,1,497.0,2,4,4,1,1,9,5.0,2017.0,7.0,6.0,0
4,1,498.4,2,3,4,1,1,1,5.0,2017.0,7.0,6.0,13
7,2,226.35,1,3,1,2,8,3,3.0,2017.0,7.0,6.0,6
7,2,241.6,2,4,4,1,1,1,5.0,2017.0,7.0,6.0,14
1,1,499.95,1,8,4,1,1,11,5.0,2017.0,7.0,6.0,20
7,2,151.8,2,2,4,2,2,1,5.0,2017.0,12.0,11.0,23
5,2,466.92,1,2,4,1,4,6,5.0,2017.0,7.0,6.0,1
2,1,490.85,2,3,4,1,1,5,3.0,2017.0,7.0,6.0,12
6,2,232.0,1,4,2,4,10,5,6.0,2014.0,6.0,9.0,12
6,2,481.8,1,4,4,1,1,1,5.0,2017.0,7.0,6.0,1
4,2,216.1,2,2,4,1,3,6,5.0,2017.0,7.0,6.0,6
7,1,495.5,1,2,4,1,1,1,5.0,2017.0,7.0,6.0,15
6,2,494.45,2,2,4,1,1,9,5.0,2017.0,7.0,6.0,0
2,1,496.25,2,2,4,1,10,4,6.0,2017.0,7.0,6.0,15
3,2,408.39,1,3,4,1,1,5,5.0,2017.0,7.0,6.0,3
4,2,413.8,1,3,4,1,1,5,5.0,2017.0,7.0,6.0,23
3,2,13.03,1,4,4,1,1,1,5.0,2017.0,7.0,6.0,0
1,2,413.78,1,2,4,1,1,1,5.0,2017.0,7.0,6.0,17
1,2,514.7,2,3,4,1,1,5,5.0,2017.0,7.0,6.0,0
5,2,506.85,2,2,4,1,1,6,5.0,2017.0,7.0,6.0,23
5,1,488.4,1,3,4,1,1,5,5.0,2017.0,7.0,6.0,21
6,2,156.0,1,2,4,1,1,11,5.0,2017.0,7.0,6.0,2
3,2,167.1,1,2,4,2,2,1,9.0,2017.0,7.0,6.0,18
5,2,130.3,2,2,4,1,1,15,5.0,2017.0,7.0,6.0,1
7,2,494.1,1,2,4,1,1,11,5.0,2017.0,7.0,6.0,22
4,2,225.5,2,2,4,4,2,11,6.0,2017.0,7.0,6.0,20
7,2,221.0,2,2,2,4,10,5,5.0,2017.0,5.0,3.0,15
1,1,499.3,1,2,4,1,1,6,5.0,2017.0,7.0,6.0,22
7,2,122.5,2,5,4,1,1,1,5.0,2017.0,7.0,6.0,3
1,2,431.0,1,3,4,1,1,6,5.0,2017.0,1.0,5.0,20
4,2,472.62,1,2,4,1,1,5,5.0,2017.0,7.0,6.0,4
6,2,207.3,2,4,4,1,1,14,5.0,2017.0,7.0,6.0,5
3,2,152.6,1,1,4,2,2,6,5.0,2017.0,7.0,6.0,16
6,2,53.86,2,3,4,1,1,11,5.0,2023.0,4.0,8.0,20
4,2,156.4,1,2,4,1,2,11,5.0,2017.0,7.0,6.0,12
5,2,501.38,2,4,4,1,1,5,5.0,2016.0,1.0,7.0,7
2,2,242.0,2,4,2,1,2,1,5.0,2017.0,7.0,6.0,9
4,1,496.15,1,2,4,1,1,9,5.0,2017.0,7.0,6.0,22
7,2,432.6,2,3,4,1,1,5,9.0,2015.0,8.0,11.0,10
7,2,185.2,1,1,4,1,1,5,5.0,2017.0,7.0,6.0,8
6,1,494.4,1,2,4,1,1,8,5.0,2017.0,7.0,6.0,6
5,2,681.695,1,2,4,1,1,6,5.0,2017.0,7.0,6.0,21
5,2,432.3,2,3,4,1,1,6,5.0,2017.0,7.0,6.0,8
7,2,450.01,1,2,4,1,1,5,5.0,2017.0,12.0,11.0,16
1,2,152.0,1,2,2,2,1,11,5.0,2017.0,9.0,1.0,20
7,2,409.3,2,3,4,1,1,1,5.0,2017.0,7.0,6.0,14
2,1,500.2,1,3,4,1,1,5,5.0,2017.0,7.0,6.0,19
3,2,17.595,2,4,4,1,1,11,5.0,2017.0,7.0,6.0,7
3,2,222.9,1,2,2,3,10,5,2.0,2013.0,11.0,12.0,8
6,2,436.54,2,3,4,1,10,6,5.0,2015.0,6.0,6.0,19
2,2,431.22,1,2,4,1,1,1,5.0,2016.0,1.0,3.0,0
5,2,178.6,1,4,4,3,3,5,5.0,2015.0,5.0,6.0,3
7,2,465.88,2,3,4,1,1,5,5.0,2017.0,10.0,9.0,0
7,2,404.02,2,3,4,1,4,3,5.0,2017.0,7.0,6.0,22
6,2,177.3,1,2,4,4,3,5,1.0,2015.0,3.0,1.0,20
5,1,501.52,2,2,4,1,1,5,5.0,2016.0,11.0,3.0,12
5,2,225.8,2,3,2,4,2,1,6.0,2017.0,7.0,6.0,11
6,2,428.2,2,2,4,1,1,11,5.0,2017.0,7.0,6.0,21
7,2,487.8,2,3,4,1,1,1,5.0,2017.0,7.0,6.0,18
2,2,179.3,1,3,2,1,1,1,5.0,2017.0,4.0,7.0,8
7,2,28.34,1,2,4,1,1,6,5.0,2022.0,6.0,8.0,1
6,1,502.0,2,2,4,1,3,5,5.0,2017.0,7.0,6.0,4
2,2,191.2,1,4,4,1,1,1,5.0,2017.0,7.0,6.0,0
4,1,501.15,2,2,4,1,1,6,5.0,2017.0,7.0,6.0,16
4,2,431.5,1,2,4,1,2,11,5.0,2017.0,7.0,6.0,6
7,2,239.6,2,2,1,1,2,6,5.0,2017.0,7.0,6.0,21
6,2,185.0,1,2,2,1,1,1,5.0,2017.0,7.0,6.0,7
5,1,515.23,2,3,4,1,1,5,5.0,2017.0,7.0,6.0,1
5,2,218.0,1,3,2,2,10,6,6.0,2017.0,7.0,6.0,14
5,2,179.1,1,2,4,1,2,1,5.0,2017.0,7.0,6.0,16
6,2,228.6,2,2,2,1,2,6,5.0,2017.0,11.0,2.0,16
5,2,152.45,1,2,4,1,1,6,5.0,2017.0,7.0,6.0,15
6,2,125.0,2,3,4,1,1,11,5.0,2017.0,7.0,6.0,22
7,2,52.15,2,2,4,1,1,6,10.0,2023.0,11.0,2.0,12
3,2,440.5,2,2,4,1,1,11,6.0,2017.0,7.0,6.0,14
3,1,490.35,2,3,4,1,1,5,5.0,2017.0,7.0,6.0,16
6,2,204.2,1,3,4,2,10,11,1.0,2017.0,7.0,6.0,14
2,2,470.26,2,3,4,1,1,1,8.0,2017.0,7.0,6.0,8
3,2,222.8,1,4,4,1,1,5,5.0,2022.0,12.0,7.0,21
2,2,247.6,1,4,4,1,3,15,5.0,2017.0,7.0,6.0,0
2,2,679.245,2,2,4,1,1,1,5.0,2017.0,7.0,6.0,15
3,2,197.05,1,4,4,2,2,6,1.0,2017.0,7.0,6.0,10
7,2,130.7,2,2,4,1,1,6,15.0,2017.0,7.0,6.0,2
1,2,467.94,1,3,4,1,1,5,5.0,2017.0,7.0,6.0,23
7,2,213.3,1,2,4,1,2,11,5.0,2017.0,7.0,6.0,21
6,1,463.18,2,3,4,1,1,1,5.0,2016.0,6.0,2.0,10
1,2,218.9,2,2,4,1,1,1,5.0,2017.0,7.0,6.0,9
1,2,210.8,1,4,4,1,1,1,5.0,2017.0,7.0,6.0,17
7,1,499.0,2,2,4,1,1,6,5.0,2017.0,7.0,6.0,18
6,2,244.9,2,4,4,1,1,6,5.0,2017.0,7.0,6.0,9
5,1,491.8,1,3,4,1,1,6,5.0,2017.0,5.0,5.0,19
6,2,24.42,2,2,4,1,5,1,5.0,2023.0,5.0,5.0,20
4,2,462.98,2,3,4,1,1,5,5.0,2017.0,7.0,6.0,6
1,2,136.6,2,2,4,1,1,6,1.0,2017.0,7.0,6.0,17
7,2,176.6,2,3,2,5,8,5,7.0,2017.0,7.0,6.0,6
7,2,214.4,1,3,4,1,1,8,5.0,2017.0,7.0,6.0,11
2,2,478.35,1,2,4,1,4,6,5.0,2017.0,7.0,6.0,19
3,2,690.705,1,2,4,1,1,5,5.0,2017.0,7.0,6.0,3
1,2,34.25,2,2,4,1,1,6,9.0,2023.0,3.0,9.0,22
4,1,497.35,2,2,4,1,1,11,9.0,2017.0,7.0,6.0,10
6,2,435.52,2,2,4,1,1,6,5.0,2017.0,7.0,6.0,15
3,2,118.4,1,5,4,1,1,6,1.0,2017.0,7.0,6.0,18
1,2,427.7,2,3,4,1,1,7,5.0,2016.0,3.0,10.0,9
6,2,168.4,1,2,2,1,2,6,5.0,2017.0,7.0,6.0,18
1,1,499.25,1,3,4,1,1,3,1.0,2017.0,3.0,4.0,18
5,2,234.2,1,2,2,4,1,1,5.0,2017.0,7.0,4.0,11
3,2,179.6,2,4,2,4,10,3,6.0,2017.0,7.0,6.0,14
7,2,434.14,2,2,4,1,11,9,5.0,2017.0,7.0,6.0,23
6,2,492.5,2,2,4,1,1,11,5.0,2017.0,7.0,6.0,17
4,2,439.3,1,1,4,1,1,1,5.0,2017.0,7.0,6.0,20
2,2,468.2,1,3,4,1,1,1,5.0,2017.0,5.0,9.0,23
3,2,491.1,1,1,4,1,10,6,5.0,2017.0,7.0,6.0,1
2,1,499.25,1,3,4,1,1,8,5.0,2017.0,7.0,6.0,19
4,2,107.5,2,5,4,1,1,1,5.0,2017.0,7.0,6.0,7
7,2,244.8,2,4,4,1,3,1,1.0,2017.0,7.0,6.0,16
5,1,488.0,1,2,4,1,1,6,5.0,2017.0,7.0,6.0,11
3,2,118.9,2,3,4,1,1,5,5.0,2022.0,7.0,6.0,3
6,2,448.24,1,2,4,1,1,5,5.0,2017.0,7.0,6.0,0
3,2,500.3,1,2,4,1,3,6,5.0,2017.0,7.0,6.0,2
7,2,506.65,1,2,4,1,1,3,5.0,2015.0,11.0,10.0,5
7,2,431.08,1,2,4,1,1,6,5.0,2017.0,7.0,6.0,22
5,2,502.05,1,3,4,1,1,5,5.0,2015.0,8.0,5.0,22
5,2,437.58,2,3,4,1,1,7,5.0,2016.0,8.0,1.0,12
4,2,213.8,2,3,2,1,7,3,1.0,2014.0,8.0,5.0,10
6,2,189.0,2,1,4,4,8,5,1.0,2017.0,7.0,6.0,11
6,2,512.4,2,2,4,1,1,6,5.0,2017.0,7.0,6.0,23
4,2,472.3,2,2,4,1,4,5,5.0,2017.0,7.0,6.0,5
3,2,139.1,2,2,4,1,1,6,5.0,2022.0,11.0,10.0,22
4,2,138.3,2,2,4,1,1,6,14.0,2022.0,12.0,10.0,16
7,2,189.8,1,3,4,1,1,10,5.0,2017.0,7.0,6.0,2
4,2,222.9,1,2,2,5,8,5,5.0,2013.0,12.0,12.0,7
7,2,43.4,1,2,4,1,1,6,5.0,2022.0,4.0,6.0,3
7,2,227.4,2,4,2,1,2,11,5.0,2017.0,7.0,6.0,20
7,2,486.15,2,4,4,1,11,11,5.0,2017.0,7.0,6.0,16
6,1,87.7,1,1,4,1,1,2,7.0,2017.0,7.0,6.0,11
2,2,495.45,1,2,4,1,1,6,5.0,2015.0,8.0,12.0,17
2,2,191.7,2,4,4,1,2,11,5.0,2018.0,12.0,6.0,13
3,2,401.78,2,3,4,1,1,9,5.0,2017.0,7.0,6.0,13
3,2,400.575,2,2,4,1,1,1,5.0,2017.0,7.0,6.0,7
2,1,501.8,1,2,4,1,1,5,5.0,2015.0,8.0,9.0,5
1,2,247.4,2,2,4,1,1,6,5.0,2017.0,7.0,6.0,4
4,2,197.05,2,3,2,8,4,1,5.0,2013.0,10.0,10.0,10
7,2,470.25,2,5,4,1,1,5,5.0,2017.0,7.0,6.0,4
4,2,192.5,2,3,4,1,1,3,1.0,2017.0,7.0,6.0,2
6,2,419.78,2,2,4,1,3,1,1.0,2017.0,7.0,6.0,12
2,2,157.8,2,2,4,1,2,1,5.0,2017.0,7.0,6.0,18
3,2,428.92,1,3,4,1,1,5,5.0,2017.0,7.0,6.0,11
5,2,429.82,2,2,4,1,1,1,5.0,2015.0,3.0,7.0,2
6,2,473.9,1,3,4,1,1,3,5.0,2017.0,7.0,6.0,22
2,2,206.0,1,4,4,1,2,14,5.0,2017.0,6.0,6.0,20
3,2,168.0,2,3,4,2,2,6,5.0,2017.0,7.0,6.0,18
6,2,188.8,1,1,1,1,2,1,5.0,2017.0,7.0,6.0,1
7,2,53.35,1,2,4,1,1,5,5.0,2017.0,7.0,6.0,16
6,2,137.25,2,3,4,1,1,6,6.0,2017.0,7.0,6.0,12
3,2,45.875,1,3,4,1,1,12,5.0,2023.0,11.0,4.0,4
6,2,152.1,2,2,4,1,1,11,5.0,2017.0,7.0,6.0,9
1,2,189.1,2,2,4,1,1,1,5.0,2017.0,7.0,6.0,18
1,2,230.2,1,1,4,1,2,1,5.0,2017.0,7.0,6.0,13
6,2,179.8,2,2,4,2,1,6,9.0,2017.0,7.0,6.0,15
2,2,178.8,1,2,2,1,2,11,5.0,2017.0,7.0,6.0,17
6,2,481.6,1,3,4,1,1,1,5.0,2017.0,8.0,7.0,19
5,2,178.85,1,3,4,1,1,3,5.0,2017.0,7.0,6.0,1
6,2,177.2,2,2,4,1,1,1,5.0,2017.0,7.0,6.0,8
3,2,37.4,1,2,4,1,1,3,5.0,2023.0,10.0,1.0,0
4,2,183.0,1,2,4,1,1,10,5.0,2022.0,6.0,7.0,5
5,2,687.195,2,2,4,1,1,6,5.0,2022.0,2.0,6.0,7
1,2,227.4,2,3,4,1,2,5,5.0,2018.0,4.0,6.0,12
2,1,499.25,1,2,4,1,1,6,5.0,2017.0,7.0,6.0,12
2,2,159.55,2,4,2,1,2,5,5.0,2017.0,7.0,6.0,10
4,2,230.0,1,1,4,2,2,14,6.0,2015.0,7.0,5.0,17
2,2,512.75,1,4,4,1,1,5,5.0,2017.0,7.0,6.0,2
4,2,520.66,2,4,4,1,1,5,6.0,2017.0,6.0,4.0,17
7,1,493.25,2,2,4,1,1,6,5.0,2017.0,5.0,3.0,15
7,2,138.9,1,2,4,1,1,1,5.0,2022.0,12.0,11.0,15
6,2,157.6,1,4,2,4,12,1,5.0,2014.0,4.0,1.0,5
2,2,236.6,2,3,4,3,3,6,5.0,2015.0,3.0,2.0,17
7,2,230.2,1,4,4,1,1,1,5.0,2017.0,7.0,6.0,5
4,2,500.95,1,2,4,1,3,6,5.0,2017.0,10.0,8.0,21
1,2,201.1,2,3,2,4,10,1,5.0,2017.0,7.0,6.0,12
1,1,495.7,1,2,4,1,1,5,6.0,2017.0,7.0,6.0,12
2,1,427.74,2,2,4,1,1,6,5.0,2017.0,7.0,6.0,22
2,2,154.95,1,2,2,2,3,11,5.0,2017.0,7.0,6.0,4
6,2,441.2,1,3,4,1,1,5,1.0,2017.0,7.0,6.0,9
5,2,160.0,1,3,2,3,9,9,5.0,2017.0,7.0,6.0,2
3,2,6.89,1,2,4,1,1,1,5.0,2017.0,7.0,6.0,14
6,2,440.26,2,3,4,1,1,5,6.0,2017.0,7.0,6.0,13
3,2,238.1,1,2,4,6,2,1,5.0,2017.0,7.0,6.0,18
6,2,204.6,2,3,2,4,1,1,5.0,2017.0,7.0,6.0,11
6,2,156.5,2,4,4,3,2,6,1.0,2017.0,7.0,6.0,20
1,2,159.1,2,2,4,2,1,5,5.0,2017.0,7.0,6.0,9
6,2,430.2,1,2,4,1,10,4,5.0,2015.0,6.0,6.0,16
7,2,183.2,2,4,4,1,1,1,7.0,2022.0,11.0,6.0,19
5,2,476.88,1,2,4,1,1,5,5.0,2017.0,7.0,6.0,3
1,2,183.3,1,2,4,1,2,1,5.0,2017.0,7.0,6.0,15
4,2,226.0,1,3,4,2,1,1,5.0,2017.0,12.0,10.0,4
5,2,239.1,2,2,2,4,2,14,5.0,2017.0,5.0,5.0,10
7,2,236.85,2,3,2,2,9,5,5.0,2017.0,7.0,6.0,10
3,2,415.34,2,2,4,1,1,11,5.0,2017.0,7.0,6.0,20
4,2,427.78,2,3,4,1,1,6,5.0,2017.0,7.0,6.0,21
6,2,487.3,1,3,4,1,2,1,6.0,2017.0,7.0,6.0,16
5,2,150.6,2,2,2,4,3,5,5.0,2017.0,7.0,6.0,19
5,2,226.5,2,3,4,1,2,1,5.0,2017.0,7.0,6.0,23
7,2,406.1,2,3,4,1,1,9,5.0,2016.0,3.0,4.0,13
1,2,19.6,2,2,4,1,1,6,9.0,2023.0,9.0,7.0,23
2,2,158.0,2,3,2,2,8,6,5.0,2017.0,7.0,6.0,4
2,2,154.05,2,2,4,1,1,5,5.0,2017.0,7.0,6.0,9
7,2,229.5,1,2,2,2,9,5,5.0,2017.0,7.0,6.0,9
6,2,520.9,1,3,4,1,1,5,5.0,2017.0,11.0,2.0,23
4,2,170.0,1,3,4,2,3,11,14.0,2015.0,2.0,4.0,1
5,1,520.665,1,3,4,1,1,1,5.0,2017.0,7.0,6.0,17
2,2,230.2,1,3,2,1,1,11,5.0,2017.0,11.0,7.0,7
4,2,473.9,1,2,4,1,5,11,1.0,2017.0,7.0,6.0,5
5,2,480.6,1,3,4,1,1,1,5.0,2016.0,9.0,9.0,14
6,2,219.2,2,3,4,1,2,1,5.0,2017.0,9.0,12.0,19
3,2,456.02,2,3,4,1,1,5,1.0,2016.0,9.0,3.0,20
7,2,425.8,1,2,4,1,1,12,6.0,2017.0,7.0,6.0,19
1,2,448.8,2,3,4,1,1,5,5.0,2017.0,7.0,6.0,8
7,2,242.4,2,3,4,1,2,6,5.0,2017.0,7.0,6.0,15
1,2,117.45,1,5,4,1,1,1,5.0,2022.0,4.0,9.0,15
6,2,413.7,1,2,4,1,2,1,5.0,2017.0,7.0,6.0,17
6,2,144.4,2,5,4,1,1,3,5.0,2022.0,9.0,12.0,5
1,2,455.86,2,1,4,1,1,5,5.0,2017.0,7.0,6.0,19
4,2,229.5,1,1,4,3,1,10,5.0,2017.0,7.0,6.0,12
7,2,463.9,2,2,4,1,1,6,5.0,2017.0,7.0,6.0,19
7,2,421.16,2,2,4,1,1,1,5.0,2016.0,10.0,1.0,20
5,2,198.6,2,2,4,3,3,1,5.0,2017.0,7.0,6.0,17
7,2,204.4,2,2,2,4,9,5,5.0,2014.0,2.0,2.0,6
5,2,210.69,1,4,4,1,1,5,5.0,2017.0,7.0,6.0,22
1,2,101.8,2,2,4,1,1,8,5.0,2022.0,12.0,6.0,12
4,2,251.8,1,1,4,1,2,11,5.0,2018.0,5.0,4.0,14
7,2,155.6,1,2,2,5,8,6,5.0,2017.0,7.0,6.0,7
3,2,428.9,1,3,4,1,1,9,5.0,2016.0,2.0,3.0,16
6,2,228.0,1,2,4,1,2,6,5.0,2015.0,9.0,5.0,9
6,2,260.8,2,3,4,1,1,5,5.0,2017.0,7.0,6.0,6
2,2,415.12,1,3,4,1,3,5,5.0,2017.0,7.0,6.0,19
5,2,44.93,1,2,4,1,1,6,5.0,2017.0,7.0,6.0,21
6,2,734.035,2,4,4,1,1,5,5.0,2022.0,8.0,7.0,13
5,1,499.25,2,2,4,1,1,6,5.0,2017.0,7.0,6.0,11
2,2,464.3,1,2,4,1,2,6,9.0,2017.0,7.0,6.0,19
4,2,433.38,1,3,4,1,10,1,6.0,2015.0,4.0,6.0,11
2,2,217.6,2,2,4,1,2,6,5.0,2017.0,7.0,6.0,15
4,2,231.8,1,2,2,4,9,6,5.0,2017.0,7.0,6.0,4
3,2,193.35,1,2,2,1,2,1,5.0,2017.0,7.0,6.0,15
6,2,7.53,1,4,4,1,1,3,7.0,2017.0,7.0,6.0,18
2,2,247.3,2,1,4,2,2,1,5.0,2017.0,12.0,12.0,23
5,2,426.28,1,2,4,1,1,1,5.0,2017.0,7.0,6.0,0
1,2,479.55,2,3,4,1,1,5,5.0,2017.0,7.0,6.0,19
4,2,199.7,2,2,2,1,10,11,5.0,2017.0,7.0,6.0,3
6,2,480.25,2,3,4,1,1,5,5.0,2016.0,2.0,7.0,7
1,2,48.65,1,4,4,1,1,1,5.0,2023.0,12.0,3.0,11
4,2,488.9,2,3,4,1,1,6,5.0,2017.0,7.0,6.0,21
2,2,433.3,2,4,4,1,3,5,5.0,2017.0,7.0,6.0,0
4,2,143.3,2,5,4,1,1,11,1.0,2017.0,7.0,6.0,3
2,2,435.18,1,2,4,1,1,6,5.0,2017.0,7.0,6.0,18
3,1,501.4,2,3,4,1,2,5,5.0,2017.0,1.0,11.0,0
4,2,235.35,1,2,4,1,1,6,5.0,2017.0,7.0,6.0,13
5,2,240.5,2,1,4,2,2,6,1.0,2017.0,7.0,6.0,20
4,1,36.595,2,2,4,1,1,6,5.0,2017.0,7.0,6.0,14
7,2,184.6,1,3,2,1,10,6,5.0,2017.0,2.0,4.0,16
6,2,465.5,1,2,4,1,1,6,5.0,2022.0,1.0,7.0,10
3,2,400.575,2,2,4,1,1,1,6.0,2017.0,7.0,6.0,12
4,2,481.5,1,3,4,1,1,3,6.0,2017.0,9.0,3.0,16
4,2,493.0,1,3,4,1,1,1,5.0,2017.0,7.0,6.0,23
7,2,16.7,1,1,4,1,5,5,5.0,2022.0,9.0,7.0,19
5,2,194.25,2,2,4,1,1,5,5.0,2022.0,7.0,7.0,15
7,2,191.5,1,4,4,2,1,5,5.0,2017.0,7.0,6.0,7
3,2,138.8,2,2,4,1,1,6,9.0,2017.0,7.0,6.0,10
4,1,256.8,1,5,4,1,1,5,5.0,2022.0,8.0,6.0,2
6,2,232.7,2,2,4,1,1,5,5.0,2018.0,7.0,4.0,11
2,1,498.45,2,3,4,1,1,6,5.0,2017.0,7.0,6.0,18
3,2,417.25,2,3,4,1,1,1,5.0,2017.0,3.0,5.0,7
7,2,179.4,2,2,4,1,2,1,5.0,2017.0,7.0,6.0,19
5,2,170.0,2,4,2,4,10,1,5.0,2017.0,7.0,6.0,18
4,2,241.6,2,2,2,1,1,6,5.0,2017.0,7.0,6.0,3
1,2,403.308,2,3,4,1,1,1,5.0,2015.0,2.0,2.0,1
5,2,209.0,2,2,4,2,2,1,5.0,2017.0,7.0,6.0,16
1,2,440.5,1,3,4,1,2,5,5.0,2016.0,11.0,7.0,9
1,2,133.7,2,3,4,1,1,8,5.0,2017.0,7.0,6.0,22
1,1,501.95,1,3,4,1,1,5,1.0,2017.0,7.0,6.0,12
1,2,454.8,1,2,4,1,1,5,5.0,2017.0,6.0,11.0,1
4,2,242.1,1,3,4,8,2,10,5.0,2015.0,12.0,2.0,17
6,2,415.36,2,3,4,1,1,5,5.0,2017.0,7.0,6.0,5
3,1,496.6,2,2,4,1,1,1,5.0,2015.0,8.0,4.0,21
2,2,491.5,2,3,4,1,3,9,5.0,2017.0,7.0,6.0,1
1,2,479.6,1,3,4,1,1,5,5.0,2017.0,7.0,6.0,19
7,2,421.18,2,2,4,1,1,6,5.0,2015.0,11.0,10.0,11
1,2,236.8,1,2,4,4,3,6,5.0,2015.0,2.0,2.0,19
1,2,678.195,2,2,4,1,1,1,5.0,2022.0,5.0,6.0,2
6,1,492.85,1,3,4,1,10,5,1.0,2015.0,6.0,6.0,15
2,2,435.32,1,3,4,1,1,11,5.0,2017.0,12.0,9.0,20
5,2,233.4,2,3,4,1,2,5,5.0,2017.0,7.0,6.0,14
7,1,497.95,1,3,4,1,1,9,5.0,2017.0,7.0,6.0,2
7,2,161.9,2,3,4,1,1,1,5.0,2022.0,11.0,6.0,23
7,2,244.4,2,2,2,4,12,5,3.0,2013.0,6.0,1.0,8
2,1,494.35,2,3,4,1,1,9,5.0,2016.0,11.0,10.0,22
2,2,422.5,2,3,4,1,1,6,5.0,2015.0,4.0,8.0,0
2,1,496.141,2,3,4,1,1,11,5.0,2015.0,3.0,2.0,11
1,2,197.3,1,2,2,1,2,5,5.0,2017.0,7.0,6.0,20
1,2,247.8,2,5,4,1,3,1,5.0,2018.0,1.0,1.0,23
3,2,162.7,1,2,4,2,2,11,5.0,2017.0,7.0,6.0,18
6,2,450.16,1,2,4,1,1,5,5.0,2017.0,7.0,6.0,6
1,2,410.9,2,3,4,1,10,1,5.0,2015.0,8.0,6.0,11
6,2,186.2,1,3,2,2,9,5,5.0,2017.0,7.0,6.0,10
3,2,220.8,1,2,2,2,8,1,1.0,2013.0,6.0,11.0,13
4,2,484.0,1,2,4,1,1,11,6.0,2017.0,12.0,10.0,22
6,1,499.35,2,1,4,1,1,5,6.0,2017.0,7.0,6.0,20
6,2,29.3,1,2,4,1,1,1,5.0,2017.0,7.0,6.0,13
1,2,450.15,1,2,4,1,1,6,5.0,2017.0,7.0,6.0,8
3,2,47.2,1,1,4,1,1,6,5.0,2023.0,3.0,10.0,20
5,2,231.8,2,2,2,1,10,6,5.0,2017.0,7.0,6.0,3
4,2,200.2,2,3,4,2,2,5,5.0,2017.0,7.0,6.0,9
7,2,230.5,1,4,2,1,2,7,5.0,2017.0,2.0,7.0,15
4,1,496.15,2,2,4,1,2,6,5.0,2015.0,9.0,7.0,16
7,2,225.2,2,5,2,2,2,6,5.0,2017.0,7.0,6.0,12
1,1,492.84,2,3,4,1,1,5,5.0,2017.0,7.0,6.0,0
7,2,141.45,2,5,4,1,1,1,5.0,2017.0,7.0,6.0,23
1,2,451.08,2,3,4,1,1,1,5.0,2015.0,6.0,7.0,12
7,2,27.9,1,3,4,1,1,7,5.0,2017.0,7.0,6.0,16
6,2,158.9,2,1,4,2,2,6,5.0,2017.0,7.0,6.0,18
6,2,102.2,2,2,4,1,1,1,5.0,2022.0,8.0,7.0,19
1,2,27.75,1,2,4,1,1,1,5.0,2017.0,7.0,6.0,10
2,2,231.2,1,2,2,1,10,5,1.0,2013.0,10.0,12.0,9
3,2,508.2,1,3,4,1,1,5,5.0,2017.0,7.0,6.0,21
5,2,139.6,1,5,4,1,1,11,1.0,2022.0,10.0,11.0,21
5,2,494.35,2,3,4,1,1,5,5.0,2017.0,7.0,6.0,14
4,2,205.5,1,2,4,1,1,7,8.0,2022.0,6.0,7.0,14
5,2,189.6,1,1,4,1,1,6,5.0,2018.0,9.0,3.0,11
2,1,490.0,2,2,4,1,2,6,5.0,2017.0,7.0,6.0,13
6,1,492.0,2,3,4,1,11,1,5.0,2017.0,7.0,6.0,3
4,2,56.8,2,2,4,1,1,5,5.0,2017.0,7.0,6.0,16
3,1,400.575,2,2,4,1,5,1,5.0,2022.0,9.0,8.0,11
5,2,213.6,2,2,2,1,10,5,5.0,2017.0,12.0,5.0,13
4,2,471.9,2,2,4,1,3,1,5.0,2017.0,7.0,6.0,8
4,2,484.0,2,3,4,1,1,5,5.0,2015.0,12.0,3.0,3
7,2,94.68,2,3,4,1,1,15,5.0,2017.0,7.0,6.0,13
6,2,468.32,1,3,4,1,1,3,5.0,2017.0,7.0,6.0,13
7,1,503.96,2,3,4,1,1,5,5.0,2017.0,7.0,5.0,23
6,2,233.4,2,4,2,1,2,5,5.0,2017.0,7.0,6.0,20
7,2,178.4,2,4,4,1,1,6,5.0,2017.0,7.0,6.0,6
5,2,205.4,1,3,4,1,1,5,5.0,2017.0,7.0,6.0,3
3,2,183.9,1,2,4,1,2,1,5.0,2017.0,7.0,6.0,11
1,2,123.9,1,2,4,1,1,1,15.0,2017.0,7.0,6.0,6
4,2,142.6,1,5,4,1,1,3,15.0,2017.0,7.0,6.0,16
1,2,120.4,2,2,4,1,1,6,5.0,2022.0,4.0,9.0,20
4,2,234.9,1,4,4,1,1,5,5.0,2017.0,7.0,6.0,7
4,2,502.5,2,3,4,1,1,6,5.0,2017.0,7.0,6.0,13
1,2,229.0,1,3,2,2,9,1,5.0,2017.0,7.0,6.0,1
7,2,48.62,2,2,4,1,1,6,1.0,2023.0,8.0,7.0,16
6,2,422.3,1,3,4,1,1,3,5.0,2017.0,7.0,6.0,0
3,2,415.0,2,2,4,1,1,1,5.0,2017.0,7.0,6.0,12
3,2,451.45,2,2,4,1,1,5,5.0,2017.0,7.0,6.0,14
4,2,491.3,2,3,4,1,1,5,5.0,2015.0,5.0,11.0,4
1,2,514.5,2,3,4,1,1,11,5.0,2017.0,1.0,5.0,16
4,2,509.7,2,3,4,1,1,5,5.0,2016.0,8.0,12.0,5
2,2,484.55,1,2,4,1,2,5,5.0,2017.0,7.0,6.0,5
4,2,204.7,2,1,2,1,1,11,5.0,2017.0,4.0,5.0,19
4,2,219.2,1,3,2,8,10,11,5.0,2017.0,7.0,6.0,16
6,2,431.2,2,2,4,1,11,6,5.0,2017.0,7.0,1.0,20
2,1,497.7,2,3,4,1,1,6,5.0,2016.0,1.0,11.0,8
2,2,203.6,2,4,2,2,2,5,5.0,2017.0,7.0,6.0,7
7,1,500.05,2,4,4,1,1,8,5.0,2017.0,7.0,6.0,11
4,2,483.85,2,3,4,1,3,1,5.0,2017.0,6.0,7.0,17
2,2,207.6,2,1,2,1,12,1,5.0,2017.0,7.0,6.0,19
3,2,493.6,1,3,4,1,1,9,5.0,2016.0,10.0,2.0,16
6,2,228.2,1,3,4,1,2,6,5.0,2017.0,7.0,6.0,18
7,2,453.18,2,2,4,1,1,5,6.0,2017.0,7.0,6.0,7
7,2,184.9,2,3,4,1,1,10,5.0,2017.0,7.0,6.0,16
6,2,510.0,2,3,4,1,1,1,5.0,2017.0,11.0,2.0,10
1,2,180.1,1,2,1,1,2,1,5.0,2017.0,7.0,6.0,12
5,2,185.4,1,2,2,4,10,6,5.0,2017.0,7.0,6.0,8
6,2,180.0,2,3,4,1,2,5,5.0,2017.0,9.0,12.0,19
3,2,416.36,2,3,4,1,1,1,5.0,2017.0,12.0,4.0,19
3,2,15.195,2,4,4,1,1,6,5.0,2017.0,7.0,6.0,15
6,2,413.2,1,3,4,1,11,1,5.0,2017.0,7.0,6.0,6
1,2,238.7,2,3,4,1,2,11,5.0,2017.0,5.0,6.0,13
4,2,17.495,1,2,4,1,1,1,5.0,2017.0,7.0,6.0,22
1,2,482.7,1,3,4,1,1,5,5.0,2017.0,7.0,6.0,8
7,2,239.9,1,2,4,2,1,6,5.0,2017.0,8.0,10.0,2
3,2,501.6,2,2,4,1,3,1,5.0,2017.0,7.0,6.0,15
6,2,464.45,2,1,4,1,3,1,5.0,2017.0,8.0,4.0,23
1,2,477.0,1,3,4,1,10,5,5.0,2015.0,1.0,6.0,23
7,2,282.8,1,3,4,1,1,1,5.0,2017.0,7.0,6.0,16
1,2,223.1,2,2,4,1,2,6,5.0,2018.0,2.0,4.0,19
6,2,82.1,1,2,4,1,5,1,5.0,2017.0,7.0,6.0,8
5,2,413.2,2,3,4,1,1,5,5.0,2017.0,7.0,6.0,19
2,2,430.62,2,3,4,1,4,1,5.0,2016.0,9.0,8.0,1
4,2,187.7,2,3,4,1,2,11,5.0,2017.0,7.0,6.0,19
2,2,181.8,2,1,4,1,1,5,5.0,2018.0,12.0,6.0,4
7,2,210.4,2,3,2,3,4,5,5.0,2017.0,7.0,6.0,1
5,1,464.62,2,3,4,1,1,3,5.0,2017.0,7.0,6.0,12
6,1,506.1,2,3,4,1,1,11,5.0,2017.0,7.0,6.0,21
4,2,515.23,1,1,4,1,10,5,5.0,2015.0,4.0,6.0,1
4,2,37.75,2,3,4,1,1,6,5.0,2017.0,7.0,6.0,6
6,2,104.3,2,5,4,1,1,11,1.0,2022.0,7.0,10.0,2
3,1,507.1,2,3,4,1,1,6,5.0,2017.0,7.0,6.0,14
1,2,112.1,2,5,4,1,1,1,14.0,2017.0,7.0,6.0,18
1,1,494.35,2,3,4,1,4,9,5.0,2017.0,7.0,6.0,18
1,2,258.8,1,2,4,1,1,1,5.0,2022.0,5.0,6.0,13
5,2,211.0,2,4,4,2,1,6,5.0,2018.0,5.0,1.0,11
7,1,42.65,2,2,4,1,1,6,5.0,2017.0,7.0,6.0,12
6,2,240.0,2,1,2,2,1,14,5.0,2017.0,7.0,1.0,20
3,2,448.6,2,3,4,1,1,5,5.0,2017.0,7.0,6.0,10
5,2,83.5,2,2,4,1,1,1,5.0,2017.0,7.0,6.0,11
1,2,458.42,1,3,4,1,1,6,5.0,2016.0,7.0,3.0,8
7,2,19.0,1,2,4,1,1,1,5.0,2017.0,7.0,6.0,18
6,2,407.7,1,3,4,1,10,5,5.0,2015.0,2.0,5.0,23
6,2,227.8,1,2,2,4,10,6,12.0,2014.0,10.0,5.0,9
7,2,220.0,1,2,4,1,2,1,5.0,2017.0,7.0,6.0,16
2,2,177.8,1,2,2,1,2,6,5.0,2017.0,12.0,12.0,14
1,2,191.7,1,2,4,1,2,1,5.0,2017.0,7.0,6.0,15
5,2,200.0,2,4,4,1,1,1,5.0,2017.0,7.0,6.0,0
4,2,249.4,1,2,4,4,2,1,5.0,2018.0,6.0,12.0,23
4,2,203.2,2,2,4,1,3,5,5.0,2015.0,9.0,4.0,6
3,2,491.12,1,2,4,1,10,5,5.0,2017.0,7.0,6.0,16
1,2,123.0,2,2,4,1,1,1,14.0,2017.0,7.0,6.0,4
3,2,420.36,1,3,4,1,1,1,6.0,2015.0,1.0,4.0,18
5,2,245.8,2,2,4,4,10,7,6.0,2017.0,7.0,6.0,9
6,2,155.2,1,3,4,1,2,5,5.0,2017.0,7.0,6.0,0
3,2,485.0,2,2,4,1,1,8,5.0,2015.0,4.0,3.0,1
5,2,183.25,1,3,2,1,1,6,5.0,2017.0,7.0,6.0,5
3,1,741.375,2,4,4,1,1,11,5.0,2017.0,7.0,6.0,12
6,2,187.2,1,3,2,1,1,1,5.0,2017.0,7.0,6.0,11
6,2,468.18,2,3,4,1,2,8,5.0,2016.0,6.0,8.0,22
7,2,189.3,2,2,4,1,2,1,5.0,2017.0,8.0,10.0,18
1,2,447.2,2,3,4,1,1,11,1.0,2017.0,7.0,6.0,6
2,2,20.6,2,2,4,1,1,5,5.0,2017.0,7.0,6.0,17
5,2,44.88,1,2,4,1,1,1,5.0,2023.0,12.0,1.0,21
5,2,453.1,1,2,4,1,1,5,5.0,2017.0,7.0,6.0,1
5,2,230.2,1,5,4,4,1,5,6.0,2017.0,7.0,6.0,14
5,2,454.15,1,3,4,1,1,5,1.0,2017.0,8.0,9.0,19
6,2,432.7,2,4,4,1,1,6,5.0,2017.0,4.0,2.0,20
1,2,400.575,1,2,4,1,1,6,5.0,2017.0,7.0,6.0,20
2,2,21.19,1,2,4,1,5,6,5.0,2022.0,8.0,8.0,12
3,1,501.6,1,2,4,1,1,1,5.0,2017.0,7.0,6.0,2
6,2,436.98,1,2,4,1,1,5,5.0,2017.0,7.0,6.0,16
2,1,492.9,1,2,4,1,1,11,5.0,2017.0,7.0,6.0,18
7,1,493.2,1,4,4,1,1,5,5.0,2017.0,7.0,6.0,6
3,2,465.3,1,3,4,1,1,5,5.0,2015.0,12.0,8.0,9
1,2,226.2,1,3,1,4,8,11,5.0,2017.0,7.0,6.0,11
2,2,236.5,1,2,2,8,9,5,5.0,2013.0,12.0,11.0,20
3,2,242.0,1,4,4,4,2,3,5.0,2017.0,7.0,6.0,20
1,2,245.2,1,2,4,2,2,1,6.0,2015.0,1.0,6.0,19
2,2,173.4,2,4,3,4,7,1,5.0,2017.0,7.0,6.0,13
3,2,400.575,2,2,4,1,1,6,6.0,2017.0,7.0,6.0,18
7,2,520.0,2,3,4,1,1,6,5.0,2017.0,9.0,4.0,14
5,2,462.7,1,3,4,1,1,5,5.0,2017.0,7.0,6.0,14
7,2,202.6,2,2,2,4,9,1,2.0,2017.0,7.0,6.0,4
3,2,213.6,2,4,4,1,1,1,5.0,2017.0,1.0,11.0,7
7,2,191.5,2,1,4,2,2,6,5.0,2017.0,12.0,11.0,19
6,2,508.5,1,3,4,1,1,1,5.0,2016.0,3.0,12.0,23
5,2,38.9,1,2,4,1,1,1,9.0,2023.0,4.0,5.0,16
4,2,508.5,2,4,4,1,1,1,5.0,2017.0,7.0,6.0,11
1,2,486.8,1,1,4,1,1,9,5.0,2016.0,2.0,5.0,20
7,2,225.1,1,2,2,4,9,5,1.0,2014.0,8.0,6.0,5
6,2,178.1,1,3,2,4,10,6,5.0,2017.0,7.0,6.0,5
1,2,221.4,2,3,2,2,1,6,5.0,2017.0,7.0,6.0,8
5,2,450.0,2,3,4,1,1,6,5.0,2016.0,5.0,2.0,16
1,2,191.0,2,4,4,3,2,11,1.0,2017.0,7.0,6.0,2
1,2,221.4,1,3,2,1,2,6,5.0,2017.0,10.0,7.0,19
2,2,234.8,2,3,4,1,1,1,5.0,2022.0,6.0,6.0,7
6,2,28.2,1,3,4,1,1,5,5.0,2017.0,7.0,6.0,2
4,2,454.9,1,2,4,1,1,1,5.0,2016.0,1.0,12.0,21
1,1,27.6,2,2,4,1,1,6,5.0,2022.0,3.0,7.0,16
7,2,153.6,2,2,4,1,2,14,5.0,2017.0,7.0,6.0,20
7,2,185.2,2,3,4,3,3,5,5.0,2017.0,7.0,6.0,22
7,2,238.9,1,2,2,1,2,6,5.0,2017.0,7.0,6.0,19
5,1,493.1,2,2,4,1,3,11,5.0,2015.0,2.0,1.0,15
6,2,138.9,1,2,4,1,1,1,6.0,2017.0,7.0,6.0,18
1,2,177.6,2,4,4,8,3,1,6.0,2017.0,7.0,6.0,2
4,1,497.1,1,2,4,1,1,6,5.0,2016.0,11.0,2.0,11
6,2,425.4,2,2,4,1,1,6,5.0,2017.0,7.0,6.0,7
5,2,400.575,2,2,4,1,1,11,5.0,2022.0,4.0,8.0,20
3,2,189.3,2,2,4,1,1,6,5.0,2017.0,11.0,10.0,8
5,1,497.85,1,2,4,1,11,5,5.0,2017.0,6.0,1.0,22
7,1,501.55,2,2,4,1,1,6,5.0,2017.0,7.0,6.0,17
6,2,46.3,1,2,4,1,1,6,1.0,2017.0,7.0,6.0,16
7,2,170.95,1,2,4,1,1,15,5.0,2017.0,7.0,6.0,10
2,2,226.4,2,3,4,1,2,6,5.0,2017.0,7.0,6.0,16
4,2,143.6,2,2,4,1,1,11,6.0,2017.0,7.0,6.0,7
2,1,485.4,2,1,4,1,1,9,5.0,2016.0,11.0,10.0,0
3,2,173.4,2,2,2,4,9,5,5.0,2017.0,7.0,6.0,9
2,2,177.6,1,3,2,4,9,1,1.0,2013.0,5.0,11.0,8
4,2,502.0,1,2,4,1,1,5,5.0,2015.0,7.0,5.0,13
2,2,460.65,1,2,4,1,4,6,5.0,2017.0,7.0,6.0,21
5,2,251.9,1,2,4,1,1,5,5.0,2017.0,7.0,6.0,21
7,1,493.1,2,3,4,1,1,9,5.0,2015.0,12.0,7.0,20
3,2,441.7,2,1,4,1,1,6,5.0,2016.0,12.0,10.0,19
1,2,126.85,2,5,4,1,1,1,5.0,2017.0,7.0,6.0,23
3,2,242.0,2,2,4,1,2,6,5.0,2017.0,7.0,6.0,16
5,2,229.0,1,3,2,1,10,7,6.0,2014.0,2.0,5.0,10
5,2,225.8,2,2,4,1,2,11,5.0,2017.0,7.0,6.0,19
2,2,737.695,2,4,4,1,1,5,5.0,2017.0,7.0,6.0,12
6,2,196.6,2,3,4,1,2,1,5.0,2017.0,7.0,6.0,7
5,2,49.09,2,2,4,1,1,6,1.0,2017.0,7.0,6.0,10
4,2,479.8,1,2,4,1,1,3,5.0,2017.0,1.0,6.0,2
5,2,418.1,1,2,4,1,1,1,3.0,2015.0,6.0,2.0,0
3,1,495.4,2,2,4,1,1,9,5.0,2015.0,4.0,11.0,20
5,2,189.6,1,4,4,1,1,1,5.0,2017.0,7.0,6.0,2
3,2,221.0,1,2,4,4,3,5,5.0,2017.0,7.0,6.0,12
3,2,467.3,1,2,4,1,3,5,5.0,2017.0,7.0,6.0,22
5,2,476.8,1,3,4,1,1,1,11.0,2017.0,7.0,6.0,6
1,1,497.9,1,2,4,1,1,5,6.0,2017.0,7.0,6.0,7
3,2,232.8,2,3,2,3,8,6,5.0,2013.0,4.0,12.0,5
3,2,242.0,2,2,4,1,2,14,5.0,2017.0,2.0,8.0,15
2,2,157.7,1,2,2,4,1,5,1.0,2014.0,9.0,9.0,17
2,2,415.14,2,2,4,1,2,5,5.0,2015.0,7.0,7.0,21
1,2,411.32,2,2,4,1,1,5,5.0,2017.0,7.0,6.0,20
1,2,477.5,1,3,4,1,1,5,5.0,2017.0,7.0,6.0,4
2,1,496.05,1,2,4,1,1,6,5.0,2017.0,7.0,6.0,18
5,2,228.0,1,1,4,1,1,6,5.0,2015.0,12.0,6.0,14
4,2,481.95,2,3,4,1,1,10,6.0,2017.0,7.0,6.0,14
3,2,238.0,1,3,2,4,1,5,6.0,2017.0,7.0,6.0,19
3,2,403.3,1,4,4,1,1,8,5.0,2017.0,7.0,6.0,17
1,2,492.2,2,2,4,1,1,9,5.0,2016.0,10.0,10.0,16
3,2,250.15,1,3,2,2,9,5,5.0,2017.0,7.0,6.0,5
6,2,152.4,1,3,4,2,2,1,5.0,2017.0,7.0,6.0,18
2,2,704.395,2,4,4,1,1,6,5.0,2017.0,7.0,6.0,14
4,1,494.4,2,2,4,1,1,5,5.0,2017.0,7.0,6.0,9
3,2,221.7,2,2,4,4,2,6,1.0,2017.0,7.0,6.0,14
4,2,466.95,2,3,4,1,1,5,5.0,2017.0,7.0,6.0,21
4,2,161.9,2,4,4,1,2,15,5.0,2018.0,10.0,5.0,14
6,2,456.35,1,2,4,1,1,5,5.0,2016.0,5.0,3.0,2
7,1,499.3,1,2,4,1,1,1,5.0,2015.0,4.0,10.0,5
5,2,202.4,1,2,2,1,1,11,5.0,2017.0,7.0,6.0,23
1,2,412.76,2,3,4,1,2,7,5.0,2017.0,7.0,6.0,12
3,1,496.6,1,3,4,1,3,6,5.0,2017.0,7.0,6.0,14
6,2,221.2,2,1,2,1,1,3,14.0,2017.0,7.0,6.0,14
5,2,511.4,2,3,4,1,1,1,5.0,2017.0,7.0,6.0,1
2,2,465.5,2,2,4,1,1,1,5.0,2022.0,11.0,7.0,15
5,2,485.6,2,2,4,1,1,6,5.0,2017.0,4.0,8.0,11
6,2,435.8,1,2,4,1,1,9,5.0,2017.0,7.0,6.0,8
7,2,178.65,2,3,2,4,1,1,5.0,2017.0,9.0,4.0,10
5,2,205.8,2,2,2,4,10,11,5.0,2017.0,7.0,6.0,4
5,1,14.5,2,2,4,1,5,5,5.0,2017.0,7.0,6.0,14
5,2,221.3,1,2,4,1,2,3,5.0,2018.0,9.0,3.0,19
1,2,204.0,1,2,2,3,3,6,5.0,2017.0,7.0,6.0,21
2,2,194.1,1,2,2,1,10,6,5.0,2017.0,7.0,6.0,11
5,2,513.27,1,2,4,1,1,5,5.0,2017.0,7.0,6.0,21
3,2,235.0,2,2,4,1,1,11,5.0,2017.0,7.0,6.0,21
1,1,492.25,2,2,4,1,1,5,5.0,2017.0,7.0,6.0,15
3,2,248.6,2,3,2,8,2,5,5.0,2017.0,7.0,6.0,4
1,2,176.0,1,4,4,4,2,6,5.0,2015.0,12.0,1.0,16
2,2,477.89,2,5,4,1,5,4,5.0,2017.0,7.0,6.0,18
5,2,235.2,2,1,4,2,2,1,1.0,2017.0,7.0,6.0,17
1,2,176.8,2,2,2,1,1,5,5.0,2017.0,7.0,6.0,18
2,2,191.6,1,1,2,2,9,5,5.0,2017.0,7.0,6.0,5
6,1,495.6,1,2,4,1,1,5,5.0,2017.0,7.0,6.0,14
4,1,492.95,1,2,4,1,10,8,5.0,2017.0,7.0,6.0,18
4,2,102.2,1,3,4,1,1,1,5.0,2017.0,7.0,6.0,10
7,1,502.05,2,3,4,1,1,5,5.0,2017.0,7.0,6.0,2
5,2,238.2,2,3,4,2,1,6,11.0,2015.0,2.0,1.0,18
6,2,215.4,2,2,2,2,10,5,5.0,2017.0,7.0,6.0,4
6,2,468.4,2,2,4,1,1,5,5.0,2017.0,3.0,6.0,2
6,2,251.0,1,1,2,2,8,5,5.0,2017.0,7.0,6.0,1
4,2,124.8,2,2,4,1,1,6,5.0,2017.0,7.0,6.0,6
6,2,225.2,1,2,2,4,10,1,1.0,2014.0,6.0,9.0,23
1,2,704.395,2,4,4,1,1,6,5.0,2017.0,7.0,6.0,13
4,2,226.9,2,3,4,1,1,5,5.0,2017.0,7.0,6.0,11
7,1,496.05,2,3,4,1,1,6,5.0,2017.0,7.0,6.0,13
5,2,181.4,1,3,1,1,10,6,5.0,2017.0,7.0,6.0,14
4,2,214.35,2,3,4,1,1,1,5.0,2017.0,7.0,6.0,23
6,2,170.8,2,2,4,1,1,5,5.0,2017.0,7.0,6.0,12
4,1,497.05,2,3,4,1,3,9,5.0,2017.0,7.0,6.0,11
7,1,496.75,2,3,4,1,1,5,5.0,2017.0,7.0,6.0,15
7,2,168.7,2,2,4,4,2,6,5.0,2018.0,4.0,3.0,15
5,2,488.0,1,4,4,1,3,6,5.0,2016.0,1.0,1.0,22
4,2,246.6,2,1,2,2,10,11,5.0,2017.0,7.0,6.0,5
1,1,491.25,1,3,4,1,1,1,5.0,2017.0,7.0,6.0,12
6,2,255.9,2,3,4,1,1,8,5.0,2022.0,10.0,6.0,14
3,2,235.0,1,3,4,6,1,6,6.0,2017.0,7.0,6.0,6
2,2,220.8,2,3,2,6,10,6,5.0,2013.0,3.0,12.0,12
5,2,437.74,1,2,4,1,1,11,5.0,2017.0,7.0,6.0,23
4,2,405.85,2,2,4,1,1,1,5.0,2017.0,7.0,12.0,21
7,2,39.4,2,3,4,1,1,1,5.0,2023.0,11.0,3.0,0
6,2,152.45,2,3,4,1,2,6,5.0,2017.0,7.0,6.0,10
2,2,239.2,2,2,2,4,9,1,5.0,2017.0,7.0,6.0,8
1,2,424.24,2,3,4,1,1,6,5.0,2017.0,7.0,6.0,15
6,2,188.45,1,2,4,1,1,8,5.0,2022.0,8.0,7.0,12
7,2,501.55,1,2,4,1,10,1,7.0,2017.0,7.0,6.0,10
5,2,227.4,1,2,2,4,10,1,5.0,2017.0,7.0,6.0,5
7,2,245.2,1,4,4,2,1,5,5.0,2018.0,7.0,1.0,19
7,2,423.95,1,3,4,1,1,6,5.0,2015.0,6.0,12.0,14
7,2,509.0,2,3,4,1,1,5,1.0,2015.0,11.0,10.0,7
6,2,476.78,1,2,4,1,3,1,5.0,2017.0,9.0,12.0,19
1,2,447.65,1,3,4,1,1,5,5.0,2017.0,7.0,6.0,2
7,2,421.8,1,2,4,1,1,5,5.0,2017.0,9.0,4.0,0
5,2,221.5,2,4,4,1,1,8,1.0,2017.0,7.0,6.0,20
1,2,161.35,2,1,4,1,2,6,5.0,2017.0,7.0,6.0,19
4,2,240.0,2,3,4,2,2,5,6.0,2017.0,7.0,6.0,0
3,2,480.48,2,3,4,1,10,1,5.0,2015.0,6.0,5.0,9
6,2,222.2,1,3,4,1,2,1,5.0,2017.0,7.0,6.0,23
6,2,467.34,2,2,4,1,1,5,5.0,2017.0,7.0,6.0,12
6,2,243.6,2,1,4,2,2,6,5.0,2014.0,11.0,10.0,19
6,2,424.16,1,2,4,1,2,5,5.0,2017.0,7.0,6.0,15
6,2,129.8,2,2,4,1,1,6,5.0,2022.0,1.0,7.0,10
6,2,174.45,2,1,4,2,1,11,5.0,2017.0,7.0,6.0,11
3,2,215.8,2,2,4,1,2,15,5.0,2017.0,7.0,6.0,15
5,1,494.4,2,3,4,1,1,9,5.0,2016.0,7.0,10.0,20
4,2,227.9,2,4,4,1,2,1,5.0,2017.0,12.0,10.0,23
1,1,500.7,2,3,4,1,1,1,5.0,2015.0,5.0,10.0,7
6,2,434.48,2,2,4,1,4,6,5.0,2017.0,7.0,6.0,21
6,2,499.35,1,3,4,1,3,6,5.0,2017.0,7.0,6.0,13
6,2,465.5,2,2,4,1,1,1,6.0,2017.0,7.0,6.0,6
2,2,40.12,1,3,4,1,1,6,5.0,2023.0,1.0,5.0,18
3,2,458.77,2,3,4,1,1,5,5.0,2017.0,7.0,6.0,5
6,2,191.7,1,2,4,1,1,6,5.0,2017.0,7.0,6.0,6
7,2,234.0,1,4,4,1,1,5,5.0,2017.0,5.0,11.0,1
4,2,507.3,1,3,4,1,1,1,5.0,2015.0,9.0,4.0,3
5,2,170.0,2,2,2,2,9,6,1.0,2017.0,7.0,6.0,4
3,2,239.4,2,2,4,2,2,1,3.0,2015.0,10.0,6.0,14
2,1,453.28,2,3,4,1,1,1,5.0,2017.0,7.0,6.0,20
3,2,175.0,2,2,2,1,8,6,12.0,2013.0,6.0,11.0,9
4,2,229.4,2,2,4,1,1,5,5.0,2022.0,1.0,6.0,13
1,2,208.0,2,4,4,1,3,1,5.0,2017.0,7.0,6.0,6
2,2,157.8,2,3,2,2,2,3,5.0,2017.0,11.0,4.0,22
1,2,72.55,1,2,4,1,1,6,5.0,2017.0,7.0,6.0,16
6,2,209.6,2,2,4,1,1,6,5.0,2017.0,7.0,6.0,3
1,1,132.6,1,3,4,1,2,10,6.0,2017.0,7.0,6.0,11
1,2,473.3,2,1,4,1,1,5,5.0,2017.0,11.0,9.0,18
7,2,154.1,1,2,2,2,8,11,5.0,2017.0,7.0,6.0,3
3,2,228.0,2,2,4,1,2,6,5.0,2017.0,1.0,11.0,23
3,2,232.4,2,3,2,4,10,6,5.0,2017.0,7.0,6.0,10
1,2,411.32,2,2,4,1,1,5,5.0,2017.0,7.0,6.0,20
7,2,432.36,2,3,4,1,1,6,5.0,2017.0,7.0,6.0,1
6,2,112.9,2,5,4,1,1,1,14.0,2022.0,11.0,11.0,12
6,2,174.8,2,4,4,1,1,14,5.0,2017.0,7.0,6.0,9
5,2,177.0,2,3,2,1,2,14,5.0,2017.0,7.0,6.0,19
4,2,160.4,2,2,4,1,1,1,5.0,2017.0,7.0,6.0,5
6,2,482.2,1,3,4,1,1,5,1.0,2017.0,7.0,6.0,7
2,1,495.05,2,3,4,1,1,6,5.0,2015.0,10.0,3.0,22
4,2,444.54,1,2,4,1,4,5,5.0,2017.0,7.0,6.0,7
4,2,216.6,1,2,2,2,2,1,5.0,2017.0,11.0,5.0,22
4,2,492.3,2,3,4,1,1,9,5.0,2017.0,7.0,6.0,12
6,2,199.0,2,2,4,1,1,5,5.0,2017.0,7.0,6.0,4
4,2,191.6,1,2,2,4,8,11,5.0,2017.0,7.0,6.0,12
6,2,179.1,2,2,2,4,8,1,5.0,2017.0,7.0,6.0,10
1,2,427.0,2,2,4,1,1,5,5.0,2017.0,7.0,6.0,5
7,2,47.2,1,3,4,1,1,6,5.0,2023.0,2.0,9.0,7
1,2,27.8,1,2,4,1,1,6,5.0,2022.0,7.0,8.0,2
7,2,455.62,1,3,4,1,1,3,5.0,2017.0,7.0,6.0,21
2,2,506.05,1,3,4,1,3,5,5.0,2017.0,7.0,6.0,0
4,2,506.45,2,3,4,1,1,6,5.0,2017.0,7.0,6.0,20
6,2,408.35,2,3,4,1,1,9,5.0,2017.0,7.0,6.0,20
5,2,63.9,1,1,4,1,3,15,1.0,2017.0,7.0,6.0,23
4,2,702.095,1,3,4,1,1,6,5.0,2022.0,6.0,7.0,10
5,2,77.75,1,2,4,1,1,1,5.0,2022.0,8.0,9.0,15
3,2,187.6,1,2,2,1,2,11,5.0,2017.0,7.0,6.0,13
4,2,492.34,1,3,4,1,11,6,5.0,2017.0,7.0,6.0,10
5,2,429.6,1,3,4,1,1,6,5.0,2017.0,7.0,6.0,21
1,2,430.18,1,3,4,1,1,5,5.0,2017.0,1.0,5.0,15
6,2,221.4,1,2,2,1,1,1,5.0,2017.0,7.0,6.0,22
6,2,225.7,1,3,4,1,1,6,5.0,2017.0,7.0,6.0,0
4,2,500.1,2,3,4,1,3,3,6.0,2017.0,6.0,7.0,16
3,2,187.7,2,2,2,1,9,5,5.0,2017.0,7.0,6.0,8
5,1,490.3,1,2,4,1,1,8,5.0,2015.0,11.0,12.0,16
2,2,489.5,2,2,4,1,2,9,5.0,2017.0,7.0,6.0,7
6,2,63.85,2,2,4,1,3,1,6.0,2017.0,7.0,6.0,17
1,2,186.8,1,4,4,1,1,14,5.0,2018.0,7.0,5.0,1
3,1,456.4,2,3,4,1,1,5,5.0,2017.0,7.0,6.0,1
4,2,140.8,2,2,4,1,1,6,1.0,2022.0,7.0,12.0,23
2,1,465.21,1,3,4,1,1,5,5.0,2017.0,7.0,6.0,5
3,2,218.2,2,2,2,4,1,6,5.0,2017.0,7.0,6.0,21
3,2,142.0,2,2,4,1,1,6,9.0,2017.0,7.0,6.0,16
4,2,179.3,2,4,4,1,2,1,5.0,2017.0,7.0,6.0,18
1,2,479.9,2,2,4,1,1,5,5.0,2015.0,9.0,2.0,10
1,2,187.8,1,3,4,1,2,6,5.0,2017.0,7.0,6.0,20
4,2,223.5,2,4,4,1,1,11,5.0,2017.0,7.0,6.0,23
3,2,385.0,1,2,4,1,1,5,5.0,2017.0,7.0,6.0,13
2,2,453.2,1,2,4,1,1,11,8.0,2017.0,7.0,6.0,22
1,2,480.75,2,5,4,1,1,1,5.0,2017.0,10.0,4.0,13
4,2,428.32,2,2,4,1,1,10,5.0,2017.0,9.0,3.0,20
2,2,412.1,1,2,4,1,1,5,5.0,2017.0,8.0,8.0,6
1,1,498.7,1,2,4,1,1,6,5.0,2017.0,6.0,2.0,21
7,2,462.38,1,2,4,1,1,1,5.0,2017.0,7.0,6.0,4
1,1,501.95,1,3,4,1,1,1,5.0,2017.0,7.0,6.0,6
1,2,222.0,1,1,4,3,1,11,1.0,2017.0,7.0,6.0,13
1,2,514.8,2,2,4,1,1,5,5.0,2017.0,7.0,6.0,13
4,2,166.8,2,4,2,1,2,11,5.0,2017.0,7.0,6.0,20
5,2,485.5,2,1,4,1,1,9,5.0,2016.0,9.0,9.0,3
5,2,225.4,2,4,4,1,2,6,5.0,2017.0,7.0,6.0,4
7,2,12.95,2,2,4,1,1,6,5.0,2017.0,7.0,6.0,7
1,2,438.2,1,1,4,1,1,11,5.0,2015.0,12.0,10.0,13
6,2,215.0,1,3,2,4,10,10,10.0,2017.0,7.0,6.0,6
4,2,151.4,2,4,2,4,1,7,12.0,2017.0,7.0,6.0,9
1,2,216.0,1,3,4,4,1,1,1.0,2015.0,1.0,6.0,18
7,2,164.3,2,2,4,1,1,8,5.0,2017.0,7.0,6.0,10
7,2,186.6,1,2,2,4,1,5,5.0,2017.0,7.0,6.0,8
3,2,450.82,1,3,4,1,1,6,5.0,2016.0,6.0,1.0,14
4,1,495.8,1,2,4,1,1,6,5.0,2015.0,12.0,11.0,15
6,1,496.25,2,2,4,1,2,5,8.0,2015.0,5.0,9.0,8
6,2,165.8,2,2,2,1,2,6,5.0,2017.0,7.0,6.0,10
6,2,467.41,2,4,4,1,1,9,5.0,2017.0,7.0,6.0,15
2,2,204.8,2,3,4,2,1,1,1.0,2017.0,7.0,6.0,0
5,2,186.15,2,3,4,2,2,6,5.0,2017.0,8.0,9.0,7
3,2,202.6,2,4,4,1,3,7,5.0,2017.0,7.0,6.0,1
7,2,492.4,1,1,4,1,1,6,5.0,2016.0,5.0,6.0,16
7,2,439.0,2,3,4,1,1,6,5.0,2017.0,7.0,6.0,21
7,2,681.295,2,4,4,1,1,5,5.0,2017.0,7.0,6.0,11
2,2,456.3,1,2,4,1,1,5,5.0,2016.0,7.0,6.0,0
5,2,479.8,1,2,4,1,1,5,5.0,2017.0,5.0,5.0,9
5,2,468.6,2,3,4,1,1,1,5.0,2017.0,7.0,6.0,8
5,2,221.0,2,1,4,1,1,5,5.0,2017.0,7.0,6.0,4
5,2,158.4,2,3,4,1,1,11,5.0,2017.0,7.0,6.0,4
6,1,495.0,2,1,4,1,1,1,5.0,2015.0,8.0,8.0,4
1,2,419.26,2,2,4,1,1,11,5.0,2015.0,9.0,3.0,3
5,2,110.25,2,3,4,1,1,11,5.0,2022.0,9.0,6.0,7
3,1,492.4,1,2,4,1,1,9,5.0,2016.0,12.0,10.0,1
7,2,504.95,1,2,4,1,1,1,5.0,2017.0,11.0,6.0,21
1,2,433.48,1,3,4,1,1,5,6.0,2016.0,10.0,10.0,8
4,2,197.2,2,2,4,1,1,8,5.0,2022.0,6.0,7.0,13
2,2,58.23,1,2,4,1,1,10,5.0,2017.0,7.0,6.0,4
3,2,443.9,1,2,4,1,1,1,5.0,2017.0,7.0,6.0,8
2,2,513.2,2,2,4,1,10,5,1.0,2017.0,7.0,6.0,15
4,2,464.36,2,3,4,1,1,5,5.0,2017.0,7.0,6.0,23
7,2,438.1,1,2,4,1,1,6,5.0,2017.0,7.0,6.0,22
2,2,411.04,1,2,4,1,1,5,11.0,2017.0,7.0,6.0,23
3,1,495.85,2,3,4,1,1,5,5.0,2017.0,7.0,6.0,3
2,2,422.26,2,3,4,1,1,6,5.0,2017.0,7.0,6.0,12
2,2,182.45,1,2,2,2,3,6,5.0,2018.0,2.0,1.0,23
1,2,228.4,2,2,4,1,1,5,5.0,2017.0,7.0,6.0,1
1,1,495.3,1,4,4,1,1,10,5.0,2017.0,6.0,2.0,18
3,2,227.3,1,2,3,2,10,6,5.0,2017.0,7.0,6.0,8
4,2,223.2,2,1,2,4,8,1,6.0,2017.0,7.0,6.0,18
3,2,180.3,1,2,4,5,2,1,1.0,2017.0,7.0,6.0,13
6,2,167.4,1,2,4,1,2,1,5.0,2018.0,5.0,5.0,16
5,2,488.45,2,2,4,1,1,6,5.0,2017.0,12.0,5.0,6
5,2,225.7,2,2,2,2,10,11,5.0,2017.0,7.0,6.0,4
1,2,507.5,1,2,4,1,1,6,5.0,2017.0,7.0,6.0,18
3,2,241.3,1,4,4,1,2,11,5.0,2017.0,9.0,8.0,22
1,2,438.6,2,3,4,1,1,6,5.0,2017.0,7.0,6.0,21
7,2,443.15,1,3,4,1,1,5,5.0,2017.0,7.0,6.0,22
2,2,21.52,2,2,4,1,1,1,5.0,2022.0,1.0,8.0,3
5,2,423.54,2,2,4,1,1,6,5.0,2015.0,8.0,5.0,20
6,2,508.7,1,2,4,1,1,5,1.0,2016.0,5.0,3.0,5
5,1,495.25,2,2,4,1,3,5,5.0,2017.0,7.0,6.0,6
4,2,435.12,2,2,4,1,1,6,5.0,2016.0,7.0,4.0,22
5,2,0.2,1,2,4,1,1,1,5.0,2017.0,7.0,6.0,1
3,2,400.575,2,3,4,1,1,1,5.0,2017.0,7.0,6.0,8
4,2,433.1,2,2,4,1,1,1,5.0,2017.0,7.0,6.0,1
5,2,507.15,1,2,4,1,1,5,5.0,2017.0,7.0,6.0,10
2,1,18.995,2,4,4,1,1,11,5.0,2022.0,1.0,8.0,20
5,2,197.5,2,2,4,1,1,6,5.0,2017.0,11.0,8.0,6
3,2,480.35,2,3,4,1,1,5,6.0,2017.0,7.0,6.0,14
6,2,166.8,1,2,4,2,3,6,5.0,2015.0,2.0,5.0,1
4,2,427.1,2,2,4,1,1,7,5.0,2017.0,7.0,6.0,14
1,1,497.7,1,2,4,1,1,11,6.0,2017.0,6.0,11.0,17
1,2,36.15,2,2,4,1,1,1,5.0,2017.0,7.0,6.0,3
3,2,109.9,1,5,4,1,1,14,5.0,2017.0,7.0,6.0,22
1,2,469.2,1,3,4,1,1,5,9.0,2017.0,7.0,6.0,7
2,2,157.3,2,4,4,1,1,11,5.0,2022.0,6.0,6.0,23
5,2,504.6,1,1,4,1,1,11,5.0,2017.0,7.0,6.0,15
1,1,496.2,2,2,4,1,1,6,5.0,2017.0,4.0,12.0,17
2,2,436.32,2,3,4,1,1,6,5.0,2015.0,10.0,11.0,21
4,2,510.6,1,3,4,1,2,5,5.0,2016.0,4.0,8.0,3
7,2,241.15,2,3,1,1,10,5,5.0,2017.0,7.0,6.0,12
4,2,491.2,1,2,4,1,1,6,9.0,2017.0,7.0,6.0,21
6,2,441.2,1,2,4,1,1,8,5.0,2016.0,8.0,10.0,21
4,2,443.2,1,3,4,1,1,5,5.0,2017.0,7.0,6.0,10
4,2,719.995,2,2,4,1,1,6,5.0,2022.0,7.0,9.0,5
2,2,198.8,2,2,2,7,9,1,7.0,2013.0,1.0,10.0,23
3,2,228.8,2,3,2,1,2,6,5.0,2017.0,7.0,6.0,9
1,2,197.8,1,3,2,4,2,6,7.0,2017.0,7.0,6.0,10
1,2,239.5,2,5,4,2,2,1,5.0,2017.0,9.0,10.0,15
6,2,506.9,2,3,4,1,1,5,6.0,2016.0,5.0,11.0,14
6,2,398.78,2,2,4,1,3,5,5.0,2017.0,7.0,6.0,4
3,2,171.7,1,2,1,1,9,1,5.0,2014.0,1.0,1.0,12
3,2,227.1,2,2,4,1,2,1,5.0,2018.0,11.0,4.0,17
4,2,179.85,1,2,2,1,1,5,1.0,2017.0,2.0,3.0,7
7,2,173.9,1,2,2,1,2,6,5.0,2018.0,8.0,4.0,18
2,2,431.16,1,3,4,1,1,7,5.0,2017.0,7.0,6.0,20
7,2,211.6,2,3,4,1,1,5,5.0,2018.0,7.0,1.0,19
5,1,498.3,2,2,4,1,1,6,5.0,2017.0,7.0,6.0,19
5,2,180.4,1,2,2,4,1,6,5.0,2017.0,7.0,6.0,17
1,2,418.3,2,2,4,1,10,5,1.0,2017.0,7.0,6.0,10
7,2,454.7,2,3,4,1,1,5,5.0,2017.0,7.0,6.0,19
2,2,477.3,2,3,4,1,1,3,5.0,2017.0,7.0,2.0,17
7,2,128.3,2,2,4,1,1,11,14.0,2017.0,7.0,6.0,13
2,2,239.6,1,3,4,1,1,1,5.0,2017.0,7.0,6.0,9
7,2,1.21,1,2,4,1,1,1,5.0,2017.0,7.0,6.0,1
4,2,484.2,1,3,4,1,1,6,5.0,2017.0,7.0,6.0,18
4,2,191.35,1,3,2,1,1,11,5.0,2018.0,5.0,4.0,8
2,2,425.25,2,3,4,1,1,7,8.0,2017.0,7.0,6.0,13
5,2,520.66,1,3,4,1,1,5,5.0,2017.0,7.0,6.0,9
1,2,435.9,1,3,4,1,1,6,5.0,2017.0,7.0,6.0,18
3,2,172.2,2,4,4,1,2,6,5.0,2017.0,7.0,6.0,15
2,2,491.45,2,2,4,1,10,8,5.0,2015.0,12.0,5.0,5
7,1,507.0,1,3,4,1,1,5,5.0,2015.0,8.0,11.0,0
1,2,42.24,2,2,4,1,1,1,5.0,2022.0,10.0,7.0,5
1,1,496.9,2,1,4,1,1,6,5.0,2017.0,7.0,6.0,15
5,2,213.8,2,1,2,2,9,2,1.0,2013.0,4.0,10.0,18
4,2,508.44,1,2,4,1,1,1,5.0,2016.0,1.0,12.0,1
6,2,434.1,1,3,4,1,3,5,5.0,2016.0,6.0,8.0,3
6,2,228.6,1,4,4,1,2,1,5.0,2017.0,2.0,12.0,19
1,2,174.2,2,2,4,2,1,1,5.0,2017.0,7.0,6.0,10
6,2,453.0,1,2,4,1,2,5,5.0,2017.0,7.0,6.0,5
1,1,500.1,1,2,4,1,1,6,5.0,2017.0,7.0,6.0,15
2,2,219.6,2,2,2,2,2,1,5.0,2017.0,7.0,6.0,12
4,1,496.25,2,2,4,1,1,6,5.0,2017.0,7.0,6.0,9
6,2,58.7,1,2,4,1,1,6,5.0,2023.0,3.0,3.0,9
7,2,220.5,2,2,4,1,2,10,5.0,2017.0,5.0,11.0,17
1,2,185.2,1,2,4,1,3,1,1.0,2017.0,7.0,6.0,0
2,2,415.12,1,3,4,1,1,5,5.0,2017.0,7.0,6.0,4
7,2,451.2,1,3,4,1,3,5,5.0,2016.0,11.0,9.0,9
5,2,234.05,1,2,2,2,10,6,5.0,2017.0,7.0,6.0,5
3,2,239.8,2,5,4,1,1,1,5.0,2018.0,9.0,5.0,8
4,2,214.0,2,3,2,2,9,5,10.0,2013.0,12.0,12.0,11
1,2,236.2,2,3,4,2,1,1,6.0,2015.0,2.0,2.0,16
1,2,204.9,1,3,2,2,9,5,5.0,2017.0,7.0,6.0,12
1,2,431.25,1,1,4,1,1,5,5.0,2017.0,7.0,6.0,11
3,2,508.4,2,2,4,1,1,11,5.0,2016.0,11.0,5.0,23
4,2,60.82,2,3,4,1,1,14,5.0,2023.0,12.0,7.0,7
2,2,487.2,1,3,4,1,1,9,5.0,2016.0,3.0,5.0,16
7,1,499.0,1,2,4,1,1,6,5.0,2017.0,7.0,6.0,19
7,2,228.6,2,2,4,4,10,6,5.0,2014.0,9.0,2.0,10
7,2,467.04,1,3,4,1,1,5,5.0,2017.0,7.0,6.0,3
7,1,499.25,1,2,4,1,1,6,5.0,2017.0,7.0,6.0,18
4,2,156.0,2,2,4,1,1,3,3.0,2022.0,1.0,6.0,9
3,2,486.35,2,2,4,1,1,11,5.0,2017.0,8.0,3.0,19
5,2,212.2,2,3,2,2,10,11,5.0,2017.0,7.0,4.0,15
4,2,437.74,2,3,4,1,4,5,6.0,2016.0,8.0,9.0,11
1,2,119.8,1,5,4,1,1,14,14.0,2017.0,7.0,6.0,8
2,2,178.5,1,4,2,4,10,3,5.0,2017.0,7.0,6.0,12
7,2,38.04,2,3,4,1,1,6,3.0,2023.0,1.0,4.0,6
6,2,250.1,2,4,4,1,3,10,5.0,2017.0,7.0,6.0,0
4,2,35.76,2,1,4,1,1,6,5.0,2017.0,7.0,6.0,21
7,2,400.575,1,2,4,1,1,11,5.0,2022.0,2.0,7.0,16
4,2,452.36,1,2,4,1,3,5,5.0,2017.0,7.0,6.0,5
2,2,204.3,2,2,4,1,2,10,5.0,2018.0,9.0,1.0,14
2,2,487.7,2,3,4,1,1,6,5.0,2016.0,9.0,2.0,19
4,2,398.24,2,3,4,1,10,5,5.0,2017.0,7.0,6.0,4
3,2,152.4,1,4,4,1,1,1,5.0,2017.0,7.0,6.0,10
3,2,189.7,2,1,4,1,2,6,5.0,2017.0,4.0,10.0,21
4,2,180.6,1,2,4,1,2,5,5.0,2017.0,8.0,6.0,20
2,1,499.25,2,2,4,1,1,6,5.0,2015.0,11.0,8.0,9
2,2,681.695,2,2,4,1,1,6,5.0,2022.0,5.0,9.0,8
1,1,496.8,2,2,4,1,10,8,5.0,2017.0,7.0,6.0,14
6,2,213.8,2,3,4,1,2,1,1.0,2015.0,7.0,3.0,11
7,2,229.8,1,3,2,4,1,1,5.0,2017.0,7.0,6.0,14
3,2,426.6,1,3,4,1,1,6,5.0,2017.0,10.0,5.0,17
5,1,494.55,1,3,4,1,1,9,5.0,2017.0,7.0,6.0,0
4,2,228.0,2,3,2,1,1,1,5.0,2017.0,7.0,6.0,19
3,2,240.8,2,2,2,4,3,5,2.0,2017.0,7.0,6.0,9
4,2,465.9,1,3,4,1,11,5,5.0,2017.0,7.0,6.0,23
6,2,454.42,2,2,4,1,1,5,5.0,2016.0,2.0,4.0,10
4,2,226.5,1,3,4,1,2,6,5.0,2017.0,7.0,6.0,23
6,2,476.3,1,3,4,1,1,5,5.0,2017.0,7.0,6.0,1
2,2,493.1,1,3,4,1,2,2,5.0,2017.0,7.0,6.0,8
6,2,212.8,2,2,2,5,10,2,6.0,2017.0,7.0,6.0,12
6,2,240.0,2,3,2,1,8,6,5.0,2017.0,7.0,6.0,1
7,2,405.34,1,3,4,1,2,1,5.0,2015.0,6.0,9.0,17
2,1,497.2,1,2,4,1,1,1,5.0,2017.0,7.0,6.0,2
5,2,225.5,2,2,4,2,1,11,6.0,2017.0,7.0,6.0,23
1,2,189.3,1,4,2,4,2,9,5.0,2014.0,11.0,8.0,5
5,2,240.6,2,2,4,1,2,6,5.0,2018.0,7.0,12.0,19
3,2,436.6,1,3,4,1,1,5,5.0,2017.0,7.0,6.0,9
1,2,270.6,1,2,4,1,1,5,10.0,2017.0,7.0,6.0,16
2,2,197.03,1,2,2,1,2,6,5.0,2017.0,7.0,6.0,7
3,2,471.48,1,2,4,1,3,5,5.0,2017.0,11.0,1.0,6
2,2,244.6,2,2,2,4,2,1,5.0,2017.0,10.0,1.0,19
4,1,495.9,1,2,4,1,1,6,5.0,2015.0,1.0,1.0,8
7,1,502.5,2,3,4,1,1,5,5.0,2017.0,7.0,6.0,18
5,2,195.3,2,2,2,1,2,5,5.0,2017.0,7.0,6.0,8
4,1,494.3,2,1,4,1,1,8,5.0,2017.0,7.0,6.0,20
7,2,168.0,2,2,2,4,10,6,5.0,2017.0,7.0,6.0,12
1,2,480.15,2,3,4,1,4,1,6.0,2016.0,1.0,8.0,20
5,2,233.6,2,2,4,2,1,6,13.0,2017.0,7.0,6.0,5
5,2,423.76,2,3,4,1,1,5,5.0,2017.0,7.0,6.0,15
6,2,35.54,2,3,4,1,1,1,5.0,2017.0,7.0,6.0,0
4,1,497.5,2,2,4,1,1,5,1.0,2017.0,7.0,9.0,10
3,2,26.95,1,2,4,1,1,6,5.0,2017.0,7.0,6.0,21
2,2,235.4,2,2,2,1,1,1,5.0,2017.0,7.0,6.0,20
4,2,215.0,2,2,2,2,10,1,5.0,2017.0,7.0,6.0,12
6,1,501.3,2,3,4,1,1,6,5.0,2017.0,4.0,2.0,21
7,2,239.0,1,1,1,4,1,1,5.0,2017.0,7.0,6.0,18
5,2,187.5,1,3,2,1,2,6,5.0,2017.0,3.0,3.0,23
4,2,223.0,1,4,4,1,1,15,5.0,2017.0,7.0,6.0,4
4,2,469.18,2,2,4,1,1,1,5.0,2017.0,7.0,6.0,0
6,2,456.55,1,3,4,1,1,6,5.0,2017.0,7.0,6.0,6
4,2,24.945,1,4,4,1,1,6,5.0,2017.0,7.0,6.0,23
1,2,123.4,2,2,4,1,1,6,5.0,2017.0,7.0,6.0,5
1,2,433.18,1,2,4,1,1,5,5.0,2017.0,7.0,6.0,19
5,2,422.36,1,2,4,1,1,6,5.0,2017.0,7.0,6.0,17
2,2,180.9,1,3,4,1,2,5,5.0,2017.0,7.0,6.0,20
1,1,504.25,2,3,4,1,1,5,5.0,2017.0,7.0,6.0,0
4,2,240.2,2,2,4,6,2,11,9.0,2017.0,7.0,6.0,18
4,2,159.2,1,4,4,2,2,1,5.0,2017.0,7.0,6.0,22
7,2,25.3,2,2,4,1,1,6,5.0,2023.0,7.0,1.0,21
7,2,488.0,1,1,4,1,1,1,5.0,2017.0,7.0,6.0,4
5,1,504.3,1,2,4,1,1,3,3.0,2017.0,7.0,6.0,19
6,2,431.7,1,2,4,1,1,1,5.0,2017.0,7.0,6.0,17
5,2,475.26,1,2,4,1,1,6,5.0,2017.0,7.0,6.0,7
7,2,12.5,2,2,4,1,1,6,5.0,2022.0,10.0,9.0,16
5,2,214.7,2,2,4,1,3,1,5.0,2017.0,7.0,6.0,2
7,2,434.2,1,2,4,1,1,11,6.0,2017.0,7.0,6.0,0
3,2,508.3,1,2,4,1,1,5,5.0,2017.0,7.0,6.0,5
2,2,15.36,1,2,4,1,1,6,1.0,2023.0,2.0,10.0,8
5,1,491.25,2,3,4,1,1,6,5.0,2017.0,7.0,6.0,1
1,2,521.125,1,2,4,1,1,3,5.0,2017.0,12.0,6.0,19
7,2,438.32,2,3,4,1,1,5,5.0,2017.0,12.0,11.0,19
3,2,249.0,2,2,2,1,2,5,5.0,2017.0,8.0,2.0,14
6,2,434.14,1,3,4,1,1,8,5.0,2017.0,7.0,6.0,11
5,2,247.4,2,2,4,2,2,5,5.0,2017.0,8.0,12.0,21
3,2,488.7,2,3,4,1,1,1,5.0,2017.0,7.0,6.0,12
1,2,233.6,2,2,4,1,2,6,6.0,2017.0,7.0,6.0,0
3,2,169.5,1,3,4,1,2,5,5.0,2017.0,7.0,6.0,16
6,2,5.17,1,3,4,1,1,5,5.0,2023.0,7.0,4.0,21
4,2,105.05,2,2,4,1,1,14,15.0,2022.0,5.0,10.0,10
1,2,206.7,1,3,2,1,1,5,5.0,2017.0,7.0,6.0,1
1,1,493.9,1,3,4,1,4,5,1.0,2016.0,5.0,9.0,14
1,2,45.9,1,3,4,1,1,6,5.0,2023.0,8.0,10.0,13
7,2,179.35,1,1,4,1,1,1,5.0,2017.0,7.0,6.0,10
7,2,211.2,2,2,4,2,1,6,6.0,2017.0,7.0,6.0,19
2,1,501.4,2,2,4,1,3,1,5.0,2016.0,2.0,8.0,11
5,2,423.0,1,2,4,1,3,6,5.0,2017.0,7.0,6.0,0
6,2,103.38,2,2,4,1,1,1,15.0,2022.0,8.0,7.0,1
4,2,487.9,1,3,4,1,1,6,5.0,2017.0,7.0,6.0,20
7,2,202.5,1,4,4,1,1,1,5.0,2017.0,7.0,6.0,6
5,2,432.34,2,3,4,1,1,5,5.0,2017.0,7.0,6.0,1
2,2,180.2,1,3,4,1,1,6,5.0,2017.0,7.0,6.0,11
6,2,162.3,2,3,4,1,1,5,5.0,2017.0,7.0,6.0,12
3,2,401.8,1,4,4,1,2,11,5.0,2017.0,7.0,6.0,9
3,1,496.25,2,3,4,1,1,5,1.0,2016.0,2.0,3.0,9
7,2,195.5,2,2,2,1,9,11,5.0,2017.0,7.0,6.0,12
7,2,230.2,2,4,2,1,1,1,6.0,2017.0,7.0,6.0,13
6,2,490.1,2,2,4,1,1,9,5.0,2017.0,7.0,6.0,5
6,2,220.4,2,3,2,4,5,5,5.0,2013.0,12.0,10.0,9
3,2,177.5,2,2,2,1,10,6,5.0,2017.0,7.0,6.0,15
1,2,411.92,2,2,4,1,1,5,5.0,2017.0,7.0,6.0,12
1,2,25.75,1,3,4,1,1,7,5.0,2023.0,12.0,2.0,13
2,2,121.65,1,2,4,1,1,11,6.0,2022.0,3.0,10.0,16
6,2,481.95,1,2,4,1,1,6,5.0,2017.0,7.0,6.0,19
1,2,429.86,1,3,4,1,1,9,5.0,2017.0,7.0,6.0,19
6,2,112.8,1,2,4,1,1,5,14.0,2022.0,11.0,11.0,20
5,2,471.99,1,3,4,1,1,1,5.0,2017.0,7.0,6.0,7
5,2,481.8,2,2,4,1,1,1,5.0,2017.0,7.0,6.0,23
7,2,487.5,2,1,4,1,4,6,5.0,2017.0,7.0,6.0,19
6,2,162.8,1,2,4,2,2,14,5.0,2017.0,7.0,6.0,17
3,1,423.06,1,2,4,1,1,6,5.0,2017.0,7.0,6.0,19
1,2,455.84,2,3,4,1,1,5,5.0,2016.0,10.0,10.0,20
5,2,472.8,1,3,4,1,1,5,5.0,2015.0,3.0,4.0,23
6,2,239.1,1,4,4,1,2,3,5.0,2017.0,7.0,6.0,19
5,2,485.3,2,2,4,1,1,5,5.0,2016.0,6.0,5.0,22
2,2,168.0,1,2,4,4,2,6,1.0,2017.0,7.0,6.0,17
2,1,494.3,2,2,4,1,1,6,5.0,2017.0,7.0,3.0,18
7,2,220.05,2,4,4,1,1,11,5.0,2022.0,9.0,7.0,20
5,2,456.88,1,3,4,1,1,5,6.0,2017.0,7.0,6.0,14
2,2,174.0,1,1,1,2,2,1,5.0,2017.0,10.0,1.0,8
5,2,456.7,1,3,4,1,1,5,5.0,2017.0,1.0,9.0,9
3,1,475.6,2,1,4,1,1,6,5.0,2017.0,7.0,6.0,18
4,2,197.6,1,1,4,1,10,1,5.0,2015.0,5.0,3.0,17
4,2,227.9,1,2,2,4,9,1,1.0,2014.0,6.0,2.0,4
2,2,203.8,2,2,4,1,2,5,5.0,2017.0,7.0,6.0,18
2,2,449.58,2,2,4,1,1,1,5.0,2017.0,9.0,5.0,8
3,2,460.88,1,3,4,1,1,5,5.0,2017.0,7.0,6.0,13
7,2,491.8,1,3,4,1,1,6,5.0,2015.0,8.0,3.0,13
2,2,464.8,2,2,4,1,1,1,5.0,2017.0,7.0,6.0,14
7,2,427.9,1,2,4,1,1,1,5.0,2017.0,7.0,6.0,18
5,2,228.7,1,3,4,1,2,6,5.0,2017.0,7.0,6.0,7
7,2,217.3,1,2,4,4,10,6,1.0,2017.0,7.0,6.0,6
3,1,494.1,2,2,4,1,1,8,5.0,2017.0,7.0,6.0,5
6,2,237.0,1,2,4,3,2,11,5.0,2017.0,7.0,6.0,22
1,2,155.15,2,4,2,4,2,5,5.0,2017.0,7.0,6.0,8
1,2,224.9,1,2,4,3,1,6,11.0,2017.0,7.0,6.0,9
2,2,177.8,1,1,4,2,2,15,5.0,2017.0,7.0,6.0,17
7,2,415.0,2,3,4,1,1,5,6.0,2017.0,7.0,6.0,11
5,2,24.6,2,2,4,1,1,1,5.0,2017.0,7.0,6.0,9
7,2,238.8,2,2,2,2,2,6,5.0,2017.0,7.0,6.0,21
4,2,179.2,2,4,4,2,2,1,5.0,2017.0,7.0,6.0,20
2,2,200.7,2,4,4,4,2,10,5.0,2015.0,10.0,2.0,23
7,2,232.6,2,3,2,4,10,6,5.0,2017.0,7.0,6.0,8
6,2,241.6,2,3,4,2,2,6,5.0,2017.0,7.0,6.0,22
4,2,488.4,1,2,4,1,1,5,11.0,2017.0,7.0,6.0,23
1,2,242.8,2,3,2,2,2,6,5.0,2017.0,8.0,5.0,5
5,2,33.1,2,2,4,1,3,1,5.0,2023.0,4.0,5.0,3
6,2,431.1,2,3,4,1,1,6,7.0,2017.0,4.0,11.0,18
7,1,494.5,1,2,4,1,2,6,5.0,2017.0,1.0,1.0,18
6,1,501.3,1,2,4,1,1,5,1.0,2017.0,7.0,6.0,16
6,2,186.6,2,3,2,4,9,5,6.0,2017.0,7.0,6.0,8
1,2,493.75,1,2,4,1,1,6,5.0,2017.0,7.0,6.0,20
2,2,242.5,2,2,2,2,10,5,1.0,2017.0,7.0,6.0,12
1,2,705.495,1,4,4,1,1,11,5.0,2017.0,7.0,6.0,4
5,2,484.95,2,2,4,1,1,1,5.0,2017.0,7.0,6.0,17
1,2,200.4,1,2,4,3,2,6,5.0,2017.0,7.0,6.0,23
3,1,493.65,2,3,4,1,1,9,5.0,2016.0,3.0,2.0,14
1,2,464.48,2,3,4,1,1,6,5.0,2017.0,7.0,6.0,19
6,1,498.0,1,3,4,1,1,6,5.0,2015.0,7.0,3.0,16
7,2,194.0,1,3,2,1,10,6,5.0,2017.0,7.0,6.0,10
5,2,209.3,2,2,4,1,2,15,5.0,2017.0,7.0,6.0,13
4,2,423.6,1,2,4,1,1,6,5.0,2017.0,2.0,2.0,13
7,2,218.6,1,2,4,1,2,5,1.0,2017.0,7.0,6.0,15
4,2,193.9,1,2,4,2,1,6,5.0,2018.0,8.0,3.0,0
5,2,134.4,1,3,4,1,1,10,11.0,2017.0,7.0,6.0,22
6,2,486.65,2,2,4,1,1,5,5.0,2017.0,7.0,6.0,13
7,2,513.25,2,3,4,1,1,5,5.0,2017.0,7.0,6.0,4
7,2,136.0,2,2,4,1,1,6,6.0,2017.0,7.0,6.0,20
6,2,234.9,1,4,4,1,2,1,5.0,2017.0,2.0,9.0,6
7,2,487.1,1,3,4,1,4,6,6.0,2017.0,7.0,6.0,13
6,2,496.5,2,2,4,1,1,6,5.0,2017.0,7.0,6.0,12
4,2,459.1,1,2,4,1,1,1,5.0,2016.0,3.0,3.0,22
3,2,506.1,2,2,4,1,1,5,5.0,2017.0,7.0,6.0,2
6,2,217.4,2,2,2,1,10,11,5.0,2017.0,8.0,4.0,13
4,2,14.4,1,3,4,1,1,14,14.0,2023.0,2.0,8.0,13
4,2,450.24,1,3,4,1,1,5,5.0,2017.0,7.0,9.0,6
4,2,178.6,2,2,2,4,10,1,5.0,2017.0,7.0,6.0,7
5,2,12.0,1,3,4,1,1,1,5.0,2017.0,7.0,6.0,18
6,2,506.25,1,2,4,1,1,5,6.0,2017.0,7.0,6.0,19
1,2,403.3,2,2,4,1,1,11,5.0,2017.0,7.0,6.0,14
6,2,180.6,2,1,4,3,1,5,5.0,2017.0,7.0,6.0,21
7,2,220.0,1,2,2,2,10,4,1.0,2017.0,7.0,6.0,3
7,2,209.65,2,3,4,1,1,1,5.0,2018.0,8.0,4.0,9
6,1,500.1,1,2,4,1,1,1,5.0,2017.0,7.0,6.0,5
4,1,253.0,1,2,4,1,1,11,5.0,2022.0,6.0,7.0,10
4,2,468.74,1,3,4,1,1,6,5.0,2017.0,7.0,6.0,17
1,2,33.32,2,4,4,1,1,6,1.0,2017.0,7.0,6.0,7
4,2,248.7,1,3,2,1,2,11,5.0,2017.0,6.0,7.0,19
3,1,493.75,1,2,4,1,1,3,9.0,2017.0,7.0,6.0,17
5,2,167.65,1,4,4,1,1,4,5.0,2017.0,7.0,6.0,11
3,2,179.5,2,4,4,1,1,5,5.0,2018.0,11.0,4.0,8
2,2,225.6,2,2,4,1,2,5,5.0,2018.0,12.0,6.0,18
2,2,237.2,1,3,2,4,4,6,5.0,2017.0,7.0,6.0,21
6,2,180.0,1,2,4,4,1,6,1.0,2015.0,10.0,1.0,16
2,1,499.1,2,2,4,1,1,1,8.0,2015.0,3.0,2.0,12
1,2,14.6,1,2,4,1,5,1,5.0,2022.0,3.0,7.0,10
6,2,242.6,1,2,4,1,2,1,5.0,2018.0,3.0,3.0,22
7,2,183.6,1,3,4,3,3,6,11.0,2015.0,4.0,1.0,23
1,2,406.6,2,3,4,1,1,5,5.0,2017.0,6.0,3.0,4
7,2,176.8,1,3,4,4,3,1,11.0,2014.0,11.0,5.0,14
4,2,424.82,2,2,4,1,1,6,5.0,2017.0,7.0,6.0,20
3,2,191.9,1,2,4,1,2,1,5.0,2017.0,7.0,6.0,23
3,2,472.4,1,3,4,1,1,5,5.0,2017.0,7.0,6.0,20
2,1,498.4,2,3,4,1,1,5,6.0,2017.0,7.0,6.0,14
4,2,179.8,2,3,2,1,1,11,5.0,2017.0,9.0,3.0,8
6,2,197.4,2,2,2,2,9,11,5.0,2017.0,7.0,6.0,10
5,2,244.2,1,2,4,1,1,6,5.0,2022.0,4.0,8.0,10
5,2,449.58,2,3,4,1,2,5,5.0,2017.0,7.0,6.0,17
2,2,427.6,1,2,4,1,1,6,5.0,2017.0,9.0,5.0,10
5,1,501.1,2,2,4,1,1,6,5.0,2017.0,7.0,6.0,18
6,2,218.2,1,2,4,1,1,6,5.0,2017.0,7.0,6.0,2
5,2,198.5,1,3,4,1,1,8,5.0,2017.0,7.0,6.0,19
5,2,439.5,2,4,4,1,1,1,5.0,2015.0,4.0,12.0,10
2,2,179.0,1,2,4,3,2,6,11.0,2015.0,6.0,1.0,18
1,1,489.35,1,3,4,1,1,11,9.0,2017.0,7.0,6.0,13
4,2,241.4,2,3,4,1,1,5,5.0,2022.0,8.0,6.0,14
4,2,236.4,1,2,4,1,2,6,5.0,2017.0,7.0,6.0,11
1,2,240.0,1,3,4,1,1,5,5.0,2017.0,7.0,6.0,3
7,2,176.5,1,2,4,1,2,6,5.0,2017.0,7.0,6.0,22
5,2,403.65,1,2,4,1,1,6,5.0,2015.0,4.0,12.0,21
7,2,509.15,1,4,4,1,1,6,5.0,2017.0,7.0,6.0,12
3,2,245.0,2,2,2,4,1,11,5.0,2017.0,7.0,6.0,22
2,1,493.55,2,2,4,1,5,8,5.0,2017.0,4.0,7.0,0
4,2,214.5,2,3,2,3,10,5,14.0,2017.0,7.0,6.0,13
1,2,320.58,1,3,4,1,1,6,5.0,2017.0,7.0,6.0,16
4,2,251.7,2,4,4,1,1,6,5.0,2017.0,7.0,6.0,3
1,2,37.4,2,3,4,1,1,6,6.0,2023.0,6.0,8.0,16
5,1,494.9,2,2,4,1,1,5,5.0,2017.0,7.0,6.0,2
5,2,191.5,1,3,1,1,2,1,5.0,2017.0,7.0,6.0,21
2,2,500.0,2,3,4,1,1,5,5.0,2017.0,7.0,6.0,9
2,2,489.0,2,2,4,1,1,5,5.0,2017.0,7.0,6.0,22
2,2,52.6,2,4,4,1,1,6,5.0,2023.0,6.0,3.0,10
2,2,156.4,1,3,2,2,10,5,10.0,2013.0,12.0,11.0,19
2,2,215.8,2,2,4,1,1,6,5.0,2022.0,5.0,9.0,13
7,2,52.1,2,2,4,1,1,1,6.0,2023.0,2.0,9.0,21
2,2,467.8,2,3,4,1,1,1,5.0,2015.0,1.0,12.0,19
5,2,237.7,2,4,4,1,2,5,5.0,2017.0,4.0,8.0,13
3,2,405.2,1,4,4,1,3,6,5.0,2017.0,7.0,6.0,20
6,2,484.0,2,3,4,1,1,5,5.0,2016.0,10.0,12.0,4
1,2,220.8,2,2,2,1,8,6,5.0,2017.0,7.0,6.0,22
1,2,463.9,2,3,4,1,1,5,5.0,2017.0,7.0,6.0,5
5,1,504.3,2,2,4,1,1,5,5.0,2017.0,7.0,6.0,1
6,2,181.8,2,2,4,2,3,3,5.0,2015.0,11.0,7.0,11
4,1,320.58,2,5,4,1,1,1,5.0,2022.0,7.0,9.0,11
7,2,200.2,1,2,4,1,1,3,5.0,2017.0,7.0,6.0,1
5,2,64.0,2,2,4,1,1,11,5.0,2017.0,7.0,6.0,23
6,2,487.0,2,3,4,1,1,5,5.0,2017.0,7.0,6.0,23
4,2,452.0,1,3,4,1,1,1,5.0,2017.0,7.0,6.0,9
1,1,504.7,2,3,4,1,1,5,5.0,2015.0,12.0,1.0,6
5,1,501.95,2,2,4,1,1,6,9.0,2017.0,7.0,6.0,23
1,2,38.62,1,3,4,1,1,1,7.0,2017.0,7.0,6.0,10
7,2,488.0,1,2,4,1,1,8,5.0,2017.0,7.0,6.0,22
3,1,141.8,2,3,4,1,2,7,15.0,2022.0,9.0,8.0,20
6,2,421.2,1,3,4,1,1,5,5.0,2017.0,7.0,6.0,11
7,1,498.6,2,2,4,1,1,1,5.0,2017.0,7.0,6.0,19
4,2,448.28,2,4,4,1,3,5,5.0,2017.0,3.0,8.0,7
6,2,221.2,1,2,2,1,10,1,5.0,2017.0,7.0,6.0,9
5,1,495.94,1,1,4,1,1,5,5.0,2016.0,11.0,3.0,9
3,2,36.75,2,2,4,1,1,1,5.0,2017.0,7.0,6.0,18
6,2,230.2,1,4,4,1,1,6,5.0,2018.0,12.0,5.0,9
5,2,242.0,1,3,4,4,2,5,10.0,2015.0,1.0,5.0,0
7,1,497.75,2,2,4,1,1,6,5.0,2017.0,7.0,6.0,12
4,2,246.5,2,4,4,1,2,6,5.0,2018.0,3.0,5.0,23
6,2,189.3,1,3,4,3,3,6,6.0,2017.0,7.0,6.0,13
5,2,203.7,1,2,4,1,1,1,5.0,2022.0,7.0,7.0,16
6,2,417.08,1,2,4,1,1,1,5.0,2017.0,7.0,6.0,7
7,2,14.7,2,2,4,1,1,6,5.0,2017.0,7.0,6.0,4
1,2,171.0,2,4,4,1,3,5,6.0,2017.0,7.0,6.0,8
6,2,462.38,1,3,4,1,4,5,5.0,2016.0,3.0,9.0,4
5,1,491.1,2,1,4,1,1,11,5.0,2017.0,7.0,6.0,22
1,1,499.1,2,1,4,1,1,6,5.0,2017.0,7.0,6.0,19
1,1,494.75,2,3,4,1,4,5,5.0,2016.0,12.0,9.0,22
6,2,14.68,2,2,4,1,1,6,5.0,2017.0,7.0,6.0,11
1,2,29.2,2,3,4,1,1,14,14.0,2023.0,6.0,8.0,3
1,2,503.45,1,2,4,1,1,5,5.0,2015.0,6.0,4.0,22
4,2,464.7,2,3,4,1,1,5,6.0,2017.0,9.0,3.0,23
4,2,216.1,1,2,2,2,2,6,5.0,2017.0,7.0,6.0,11
4,1,499.75,1,3,4,1,1,12,1.0,2015.0,10.0,9.0,15
5,2,188.4,1,1,4,4,1,5,6.0,2017.0,7.0,6.0,21
5,2,474.35,2,3,4,1,1,5,5.0,2017.0,7.0,6.0,11
2,2,198.3,2,3,2,1,2,11,5.0,2017.0,4.0,7.0,20
4,2,470.85,2,3,4,1,1,6,5.0,2017.0,7.0,6.0,14
2,2,223.8,2,3,2,4,10,5,6.0,2017.0,7.0,6.0,9
3,2,161.55,1,4,4,2,2,1,5.0,2017.0,2.0,8.0,18
7,2,428.7,1,3,4,1,1,5,5.0,2017.0,7.0,6.0,3
3,2,226.0,2,3,4,3,1,1,5.0,2017.0,7.0,6.0,23
6,2,454.21,2,2,4,1,1,9,5.0,2016.0,6.0,8.0,11
5,2,165.4,2,3,4,1,3,1,5.0,2018.0,5.0,1.0,6
5,2,216.8,1,2,2,4,2,5,5.0,2017.0,7.0,6.0,9
4,2,173.15,1,3,2,1,1,11,5.0,2017.0,7.0,6.0,21
2,2,174.4,1,2,2,4,1,1,5.0,2017.0,9.0,5.0,20
2,1,496.0,2,3,4,1,1,9,5.0,2017.0,7.0,6.0,1
5,2,225.6,2,2,4,2,2,11,5.0,2018.0,12.0,1.0,13
2,2,41.0,1,3,4,1,1,6,5.0,2017.0,7.0,6.0,16
7,2,228.6,1,2,4,1,2,1,5.0,2017.0,8.0,10.0,14
2,2,482.75,1,3,4,1,1,6,5.0,2016.0,2.0,2.0,0
3,2,199.5,1,2,4,1,2,6,5.0,2018.0,2.0,5.0,14
1,2,451.92,1,3,4,1,1,5,5.0,2016.0,11.0,1.0,0
5,2,472.85,1,3,4,1,1,5,5.0,2017.0,12.0,5.0,15
6,2,138.6,1,2,4,1,1,6,14.0,2022.0,9.0,9.0,10
7,1,496.75,1,3,4,1,1,5,6.0,2015.0,8.0,2.0,10
6,2,156.1,1,2,2,4,2,11,5.0,2017.0,7.0,6.0,0
6,2,452.9,2,2,4,1,4,8,5.0,2017.0,5.0,8.0,22
1,2,433.5,1,2,4,1,1,5,5.0,2017.0,7.0,6.0,21
7,2,476.32,1,2,4,1,1,5,5.0,2017.0,7.0,6.0,20
4,2,420.6,1,3,4,1,1,1,5.0,2017.0,7.0,6.0,6
1,2,451.22,1,3,4,1,1,5,5.0,2017.0,7.0,6.0,11
5,2,421.14,2,2,4,1,3,6,5.0,2017.0,7.0,6.0,19
3,2,512.4,1,3,4,1,1,5,5.0,2017.0,7.0,6.0,16
6,2,165.0,1,3,2,2,3,5,5.0,2017.0,7.0,6.0,17
1,2,223.0,2,2,2,2,10,5,5.0,2017.0,6.0,3.0,16
2,1,574.1,1,3,4,1,1,5,5.0,2017.0,7.0,6.0,11
7,2,434.32,1,2,4,1,1,9,5.0,2015.0,8.0,11.0,20
6,2,106.6,1,2,4,1,1,1,5.0,2022.0,3.0,6.0,12
3,2,219.4,2,2,2,1,8,1,6.0,2017.0,7.0,6.0,22
5,2,172.9,2,2,2,4,2,11,5.0,2017.0,7.0,6.0,10
5,2,230.2,2,3,2,3,3,5,1.0,2017.0,7.0,6.0,2
3,2,217.4,2,2,4,1,1,6,5.0,2018.0,6.0,6.0,7
5,2,215.8,1,2,4,1,1,1,5.0,2022.0,2.0,6.0,11
4,1,656.195,2,4,4,1,1,11,5.0,2022.0,3.0,8.0,22
4,2,204.0,1,1,2,3,3,6,5.0,2017.0,7.0,6.0,8
5,2,245.5,2,3,2,2,2,11,5.0,2017.0,3.0,2.0,22
4,2,42.04,1,3,4,1,1,1,5.0,2017.0,7.0,6.0,12
5,1,500.1,2,3,4,1,1,6,5.0,2015.0,4.0,12.0,20
7,2,438.5,1,2,4,1,1,5,5.0,2017.0,7.0,6.0,23
6,2,502.05,2,3,4,1,1,5,5.0,2017.0,7.0,6.0,22
1,2,242.6,2,2,4,3,2,6,5.0,2017.0,7.0,6.0,18
7,2,229.2,2,2,4,1,1,6,5.0,2015.0,7.0,6.0,12
6,2,224.9,2,1,4,1,1,5,5.0,2017.0,7.0,6.0,10
2,2,431.86,2,3,4,1,1,1,5.0,2016.0,5.0,4.0,3
2,2,512.6,1,3,4,1,3,5,5.0,2017.0,4.0,7.0,3
3,2,415.36,1,3,4,1,1,6,5.0,2017.0,7.0,6.0,19
2,2,187.5,1,2,4,1,3,6,5.0,2018.0,11.0,12.0,0
3,2,237.9,2,3,2,1,4,1,5.0,2013.0,2.0,10.0,17
5,2,172.8,2,2,4,1,1,14,15.0,2017.0,7.0,6.0,21
3,1,497.3,2,2,4,1,1,9,5.0,2016.0,2.0,3.0,11
6,2,221.0,2,4,2,1,2,11,5.0,2017.0,7.0,6.0,5
7,2,477.95,1,3,4,1,2,6,5.0,2016.0,3.0,7.0,1
7,2,217.3,1,2,4,4,3,6,6.0,2015.0,12.0,7.0,17
2,2,434.12,2,3,4,1,4,6,5.0,2017.0,7.0,6.0,19
3,1,496.5,1,4,4,1,1,9,5.0,2017.0,7.0,6.0,9
1,2,473.75,2,2,4,1,1,6,11.0,2017.0,7.0,6.0,19
2,2,480.6,1,3,4,1,1,10,6.0,2017.0,9.0,5.0,13
7,2,188.5,1,2,4,1,1,6,5.0,2018.0,1.0,4.0,10
6,2,488.4,1,2,4,1,1,5,5.0,2017.0,2.0,12.0,23
7,2,240.4,1,4,4,1,3,5,5.0,2017.0,7.0,6.0,2
5,2,204.95,2,3,2,4,2,6,5.0,2017.0,7.0,6.0,6
7,1,472.15,2,3,4,1,1,1,5.0,2017.0,7.0,6.0,23
1,2,225.2,1,3,4,1,1,11,5.0,2017.0,7.0,6.0,11
3,2,200.2,1,2,2,1,1,11,5.0,2017.0,7.0,6.0,1
5,1,502.2,2,3,4,1,1,1,5.0,2016.0,11.0,11.0,15
6,2,433.18,2,3,4,1,1,5,5.0,2017.0,6.0,5.0,7
2,1,493.6,1,2,4,1,1,6,5.0,2015.0,6.0,10.0,17
5,2,169.6,1,2,4,5,3,6,5.0,2017.0,7.0,6.0,7
3,2,240.4,1,3,4,1,3,5,5.0,2017.0,7.0,6.0,4
2,2,505.9,2,3,4,1,10,10,5.0,2015.0,9.0,6.0,1
5,2,242.2,1,3,2,4,12,6,5.0,2014.0,3.0,1.0,8
5,1,499.95,2,3,4,1,1,1,5.0,2017.0,7.0,6.0,22
5,2,214.0,2,1,1,4,12,1,5.0,2017.0,7.0,6.0,8
4,2,218.0,1,3,4,1,2,6,1.0,2017.0,7.0,6.0,16
6,2,505.0,2,3,4,1,1,5,6.0,2017.0,7.0,6.0,16
6,1,498.8,1,1,4,1,1,9,5.0,2016.0,8.0,10.0,6
6,2,208.1,2,2,4,1,1,3,14.0,2017.0,7.0,6.0,12
2,1,450.54,2,3,4,1,1,5,5.0,2017.0,7.0,6.0,9
3,2,225.8,2,3,4,1,1,5,5.0,2017.0,7.0,6.0,3
5,2,423.76,1,2,4,1,1,1,6.0,2017.0,7.0,6.0,12
6,2,173.8,1,2,4,1,1,11,6.0,2017.0,7.0,6.0,16
2,2,480.2,2,3,1,1,1,5,5.0,2015.0,10.0,2.0,21
6,2,223.8,2,4,4,1,2,6,6.0,2017.0,3.0,6.0,20
2,2,457.1,1,2,4,1,1,6,5.0,2017.0,7.0,6.0,12
5,2,242.2,2,2,4,1,1,1,5.0,2017.0,7.0,6.0,6
3,2,426.88,2,3,4,1,1,6,5.0,2017.0,5.0,4.0,23
3,2,144.2,1,5,4,1,1,1,1.0,2022.0,4.0,10.0,18
7,2,213.6,1,3,2,1,2,6,5.0,2017.0,7.0,6.0,1
4,2,434.4,1,3,4,1,1,1,5.0,2016.0,3.0,3.0,8
6,2,458.86,2,2,4,1,4,5,6.0,2017.0,12.0,8.0,11
1,2,175.2,2,2,2,2,1,1,5.0,2017.0,7.0,6.0,16
1,2,512.9,2,3,4,1,1,5,5.0,2017.0,7.0,8.0,2
2,2,242.5,2,4,4,1,2,6,5.0,2017.0,7.0,6.0,16
7,2,154.8,2,3,4,1,1,1,5.0,2017.0,7.0,6.0,12
3,2,240.0,2,3,2,2,8,6,5.0,2017.0,7.0,6.0,8
4,2,244.45,1,2,2,1,1,5,5.0,2017.0,7.0,6.0,2
7,2,116.6,1,2,4,1,1,1,5.0,2022.0,3.0,9.0,16
2,1,44.54,2,2,4,1,1,1,5.0,2017.0,7.0,6.0,18
6,2,188.2,1,2,2,1,2,6,5.0,2017.0,7.0,6.0,23
5,2,41.01,1,1,4,1,1,6,5.0,2023.0,2.0,3.0,8
7,2,214.8,1,1,4,2,1,11,5.0,2017.0,7.0,6.0,4
6,2,472.25,1,2,4,1,1,5,5.0,2016.0,9.0,1.0,20
6,2,400.4,1,5,4,1,1,5,5.0,2017.0,7.0,6.0,11
6,2,455.16,2,3,4,1,2,5,5.0,2017.0,7.0,6.0,21
3,2,424.08,1,3,4,1,1,3,5.0,2017.0,7.0,6.0,9
6,2,152.8,2,1,2,1,2,1,5.0,2017.0,7.0,6.0,18
2,2,36.32,2,2,4,1,1,1,5.0,2017.0,7.0,6.0,1
1,2,168.0,2,1,4,2,1,1,5.0,2017.0,7.0,6.0,0
2,2,432.6,2,3,4,1,1,11,6.0,2017.0,7.0,6.0,20
2,2,233.0,1,3,4,2,1,6,5.0,2017.0,7.0,6.0,10
7,1,493.85,2,1,4,1,1,6,5.0,2017.0,7.0,6.0,9
6,1,494.8,1,3,4,1,1,5,5.0,2017.0,7.0,6.0,11
5,2,488.4,2,2,4,1,1,1,5.0,2017.0,7.0,6.0,19
7,2,503.25,2,3,4,1,1,5,1.0,2016.0,6.0,3.0,23
1,2,159.5,1,1,4,2,2,15,5.0,2018.0,5.0,3.0,13
4,2,138.0,1,2,4,1,1,6,15.0,2022.0,9.0,11.0,15
3,2,430.34,2,2,4,1,1,5,11.0,2017.0,6.0,9.0,11
1,2,454.85,1,2,4,1,1,5,7.0,2017.0,11.0,9.0,12
1,2,479.76,1,3,4,1,1,6,5.0,2017.0,7.0,6.0,8
2,2,242.2,2,3,4,1,2,11,5.0,2017.0,7.0,6.0,17
7,2,222.4,1,2,2,4,10,14,5.0,2014.0,2.0,2.0,5
5,2,458.9,1,3,4,1,1,6,5.0,2015.0,8.0,5.0,17
4,2,208.0,2,4,4,1,2,5,5.0,2017.0,7.0,6.0,15
2,2,464.7,2,2,4,1,10,5,5.0,2017.0,7.0,6.0,9
7,2,506.15,2,2,4,1,1,6,5.0,2017.0,8.0,10.0,15
6,1,501.85,1,3,4,1,1,6,5.0,2017.0,7.0,6.0,20
4,2,45.45,2,2,4,1,1,1,5.0,2022.0,7.0,9.0,6
2,2,116.4,1,2,4,1,1,1,15.0,2022.0,7.0,11.0,16
2,2,207.2,2,3,2,1,1,1,5.0,2017.0,7.0,6.0,10
1,2,188.2,1,2,2,1,9,1,1.0,2014.0,7.0,4.0,5
6,2,477.8,1,3,4,1,1,6,5.0,2017.0,7.0,6.0,13
5,1,499.1,1,3,4,1,1,4,6.0,2017.0,7.0,6.0,15
5,1,495.45,1,2,4,1,1,5,5.0,2017.0,7.0,6.0,0
3,1,499.8,2,3,4,1,3,3,1.0,2016.0,7.0,9.0,10
6,2,507.4,1,3,4,1,1,11,5.0,2017.0,7.0,6.0,10
2,2,402.92,1,2,4,1,3,1,5.0,2017.0,7.0,6.0,6
2,2,407.34,1,2,4,1,1,5,9.0,2015.0,11.0,8.0,10
7,2,231.8,2,2,4,1,1,6,5.0,2017.0,7.0,6.0,10
1,2,411.2,2,3,4,1,11,5,5.0,2017.0,7.0,6.0,6
5,2,233.0,2,2,2,4,3,11,5.0,2017.0,7.0,6.0,4
2,2,47.3,1,2,4,1,1,6,1.0,2017.0,7.0,6.0,21
1,2,452.66,2,2,4,1,1,4,5.0,2017.0,7.0,6.0,14
2,2,189.65,1,2,4,1,1,1,5.0,2015.0,6.0,1.0,15
6,2,5.67,2,4,4,1,1,14,5.0,2017.0,7.0,6.0,4
5,1,497.8,1,1,4,1,2,6,5.0,2017.0,7.0,7.0,23
4,2,417.1,2,2,4,1,1,6,5.0,2017.0,7.0,6.0,7
4,2,427.3,2,2,4,1,1,5,6.0,2017.0,9.0,3.0,11
2,2,482.2,2,3,4,1,1,11,9.0,2017.0,7.0,6.0,17
6,2,214.4,2,2,4,4,2,6,5.0,2015.0,4.0,7.0,3
4,2,477.3,1,2,4,1,3,11,1.0,2017.0,6.0,7.0,4
4,1,499.35,2,2,4,1,1,6,5.0,2017.0,7.0,6.0,13
4,2,143.7,1,5,4,1,1,1,1.0,2017.0,7.0,6.0,8
7,2,427.18,1,2,4,1,11,9,5.0,2017.0,7.0,6.0,16
6,1,496.85,1,2,4,1,1,5,5.0,2017.0,7.0,6.0,5
2,2,24.78,1,2,4,1,1,6,6.0,2017.0,7.0,6.0,7
5,2,439.48,2,3,4,1,1,5,5.0,2017.0,7.0,6.0,18
3,2,185.8,2,2,2,1,9,6,5.0,2017.0,7.0,6.0,10
6,1,494.4,2,2,4,1,1,6,5.0,2017.0,7.0,6.0,21
7,2,428.6,2,3,4,1,1,5,5.0,2017.0,7.0,6.0,2
4,2,111.8,1,3,4,1,1,5,5.0,2017.0,7.0,6.0,19
4,2,246.0,2,4,2,2,3,14,5.0,2017.0,7.0,6.0,23
1,2,457.96,1,2,4,1,3,5,5.0,2017.0,3.0,7.0,22
1,2,166.9,2,1,4,4,3,5,5.0,2015.0,6.0,7.0,23
3,2,229.4,2,2,2,1,3,1,5.0,2017.0,7.0,6.0,11
7,2,176.3,1,3,4,4,1,6,5.0,2017.0,7.0,6.0,20
7,2,243.4,1,2,2,1,2,3,5.0,2017.0,9.0,7.0,15
6,2,453.8,1,2,4,1,1,5,5.0,2017.0,4.0,2.0,5
7,2,482.6,2,3,4,1,1,5,5.0,2017.0,7.0,6.0,23
3,2,164.85,1,3,2,1,2,1,5.0,2017.0,7.0,6.0,7
7,2,204.3,1,8,2,1,2,1,5.0,2017.0,7.0,6.0,1
2,1,498.4,1,3,4,1,1,6,5.0,2016.0,9.0,2.0,19
3,2,428.24,1,3,4,1,1,6,8.0,2017.0,7.0,6.0,7
3,1,499.15,1,2,4,1,1,6,5.0,2017.0,7.0,6.0,9
6,2,223.7,2,3,4,1,1,6,5.0,2017.0,10.0,6.0,6
1,2,238.25,1,2,2,3,3,14,3.0,2014.0,6.0,10.0,21
4,2,497.9,1,2,4,1,2,6,5.0,2017.0,7.0,6.0,6
1,2,231.0,2,2,2,4,2,1,5.0,2017.0,7.0,6.0,21
3,2,160.0,1,4,4,1,4,5,10.0,2017.0,7.0,6.0,17
1,2,187.5,2,2,2,1,2,2,1.0,2017.0,7.0,6.0,6
1,2,431.38,2,2,4,1,1,11,5.0,2016.0,6.0,6.0,11
4,1,491.8,1,3,4,1,4,6,5.0,2017.0,3.0,8.0,16
7,1,490.1,2,2,4,1,1,6,5.0,2016.0,11.0,12.0,17
6,2,175.4,1,3,2,4,1,6,5.0,2017.0,8.0,4.0,3
3,2,221.8,2,1,4,1,2,6,5.0,2017.0,1.0,11.0,23
7,2,488.65,2,2,4,1,1,5,6.0,2017.0,7.0,6.0,8
5,2,217.6,1,3,2,4,9,5,5.0,2017.0,7.0,6.0,2
5,2,184.4,1,2,4,2,1,1,6.0,2017.0,7.0,6.0,19
3,2,209.6,2,3,4,2,2,14,5.0,2017.0,7.0,6.0,18
4,2,405.52,2,3,4,1,1,5,5.0,2017.0,7.0,6.0,13
3,2,435.7,2,2,4,1,1,5,8.0,2017.0,7.0,6.0,16
2,2,162.0,2,3,4,3,2,1,5.0,2015.0,5.0,5.0,16
5,2,415.2,2,2,4,1,1,5,5.0,2017.0,12.0,5.0,7
5,2,136.85,1,5,4,1,1,1,5.0,2022.0,10.0,11.0,0
2,2,138.2,1,2,4,1,1,14,1.0,2017.0,7.0,6.0,22
4,2,220.4,1,1,2,4,1,5,5.0,2017.0,7.0,6.0,19
1,2,158.6,1,2,4,1,1,6,5.0,2017.0,7.0,6.0,6
1,2,225.5,1,2,2,2,8,5,3.0,2017.0,7.0,6.0,0
4,1,502.0,1,2,4,1,2,1,5.0,2017.0,7.0,6.0,15
4,2,79.42,2,2,4,1,1,5,5.0,2017.0,7.0,6.0,11
5,1,497.75,1,3,4,1,11,5,6.0,2017.0,6.0,1.0,22
6,2,439.2,2,3,4,1,1,6,5.0,2017.0,7.0,6.0,21
4,2,464.4,1,2,4,1,1,5,5.0,2017.0,7.0,6.0,0
1,2,471.1,2,2,4,1,1,6,8.0,2017.0,9.0,10.0,16
2,2,21.25,1,4,4,1,1,1,6.0,2023.0,4.0,9.0,20
7,2,501.49,1,3,4,1,1,5,5.0,2017.0,6.0,8.0,17
5,2,204.4,2,3,4,1,1,6,5.0,2018.0,5.0,1.0,9
2,2,116.3,1,5,4,1,1,1,5.0,2022.0,10.0,10.0,3
1,2,181.4,2,2,4,1,1,5,5.0,2022.0,5.0,6.0,5
5,2,197.3,2,2,4,1,1,1,5.0,2022.0,7.0,7.0,2
6,2,486.902,2,3,4,1,1,6,5.0,2017.0,7.0,6.0,9
4,2,424.04,2,3,4,1,3,11,5.0,2017.0,7.0,6.0,8
5,1,498.25,2,3,4,1,1,6,5.0,2017.0,7.0,6.0,10
6,2,439.5,2,3,4,1,1,10,5.0,2016.0,2.0,4.0,12
2,2,197.55,1,2,4,1,1,6,5.0,2017.0,7.0,6.0,11
7,2,422.24,2,3,4,1,1,6,5.0,2017.0,4.0,6.0,9
7,2,426.0,2,3,4,1,1,6,5.0,2017.0,9.0,4.0,19
3,2,506.95,2,2,4,1,1,8,9.0,2017.0,7.0,6.0,19
7,2,493.9,1,2,4,1,1,6,5.0,2015.0,7.0,6.0,19
6,2,168.9,1,1,2,2,1,1,6.0,2017.0,7.0,6.0,20
1,1,497.7,2,1,4,1,2,6,5.0,2017.0,7.0,6.0,0
1,2,464.6,1,3,4,1,3,6,11.0,2017.0,7.0,6.0,2
7,2,237.0,2,2,4,3,1,1,1.0,2017.0,7.0,6.0,12
1,2,20.345,1,2,4,1,1,1,5.0,2017.0,7.0,6.0,14
7,2,177.5,2,3,2,8,10,5,14.0,2014.0,2.0,2.0,1
1,2,460.62,2,3,4,1,1,11,5.0,2017.0,7.0,6.0,10
2,1,434.12,1,3,4,1,1,6,5.0,2017.0,7.0,6.0,17
4,1,91.68,2,2,4,1,5,1,5.0,2017.0,7.0,6.0,14
7,2,126.2,2,5,4,1,1,1,1.0,2022.0,12.0,11.0,12
3,2,35.69,1,3,4,1,1,6,5.0,2017.0,7.0,6.0,10
3,1,480.68,2,5,4,1,1,5,5.0,2017.0,7.0,6.0,9
3,2,57.5,1,3,4,1,1,6,5.0,2017.0,7.0,6.0,16
5,2,484.55,1,3,4,1,1,6,5.0,2015.0,6.0,2.0,11
7,2,509.6,2,2,4,1,1,1,5.0,2016.0,4.0,12.0,3
4,1,499.25,2,2,4,1,1,12,6.0,2017.0,7.0,6.0,9
1,2,155.2,2,3,2,4,2,1,6.0,2017.0,2.0,1.0,20
7,1,497.0,1,2,4,1,1,6,5.0,2016.0,1.0,5.0,21
3,2,491.85,1,2,4,1,1,6,5.0,2017.0,7.0,6.0,18
5,2,111.4,2,2,4,1,1,8,5.0,2022.0,2.0,6.0,16
3,1,501.35,2,2,4,1,2,1,6.0,2017.0,7.0,6.0,18
6,2,225.6,2,3,4,1,2,1,5.0,2018.0,5.0,5.0,18
1,2,213.7,1,3,4,1,2,6,5.0,2017.0,7.0,6.0,18
1,2,241.3,1,3,2,1,2,6,5.0,2017.0,7.0,6.0,13
6,1,494.3,1,3,4,1,1,6,5.0,2017.0,7.0,6.0,11
5,2,207.3,1,3,4,1,1,6,5.0,2018.0,12.0,1.0,7
3,1,499.15,2,3,4,1,1,6,5.0,2017.0,7.0,6.0,20
3,2,163.3,1,3,4,1,2,5,5.0,2017.0,7.0,6.0,0
4,1,492.25,2,2,4,1,1,11,5.0,2017.0,7.0,6.0,23
3,2,136.6,1,2,4,1,1,6,5.0,2017.0,7.0,6.0,11
3,1,486.35,2,1,4,1,1,9,5.0,2017.0,7.0,6.0,7
3,2,430.06,1,2,4,1,1,2,5.0,2017.0,7.0,6.0,10
1,2,211.8,2,4,4,1,2,14,5.0,2017.0,7.0,6.0,12
5,2,449.26,1,3,4,1,2,5,5.0,2017.0,7.0,6.0,7
1,2,169.0,1,2,4,1,2,3,5.0,2017.0,11.0,9.0,8
5,2,9.18,2,2,4,1,1,5,5.0,2017.0,7.0,6.0,1
5,2,33.85,1,2,4,1,1,1,9.0,2023.0,2.0,3.0,19
7,2,508.05,1,3,4,1,1,6,5.0,2017.0,7.0,6.0,18
7,2,410.22,1,3,4,1,1,7,5.0,2017.0,7.0,6.0,20
7,2,187.6,1,2,2,3,8,1,5.0,2013.0,1.0,9.0,13
4,2,516.65,1,2,4,1,1,5,5.0,2017.0,7.0,6.0,3
7,2,34.89,2,2,4,1,1,6,3.0,2017.0,7.0,6.0,9
2,2,240.4,2,3,4,1,1,11,5.0,2017.0,7.0,11.0,4
7,2,178.8,1,2,4,1,1,6,5.0,2017.0,7.0,6.0,10
2,1,497.05,1,3,4,1,1,9,5.0,2017.0,7.0,6.0,12
6,2,402.98,1,2,4,1,10,1,6.0,2015.0,2.0,5.0,11
4,2,238.0,2,3,4,4,3,6,5.0,2017.0,7.0,6.0,23
4,2,245.4,1,3,2,1,1,5,5.0,2017.0,7.0,6.0,22
3,1,492.8,1,2,4,1,1,6,5.0,2016.0,3.0,2.0,17
6,1,491.1,2,3,4,1,1,1,1.0,2017.0,7.0,6.0,12
1,2,246.2,2,2,2,4,9,11,5.0,2017.0,7.0,6.0,2
2,2,429.32,1,3,4,1,1,6,5.0,2017.0,7.0,6.0,7
1,2,679.795,2,4,4,1,1,11,5.0,2017.0,7.0,6.0,22
1,2,411.12,2,2,4,1,1,5,5.0,2017.0,10.0,4.0,12
7,2,419.8,1,3,4,1,1,6,5.0,2016.0,4.0,12.0,11
7,1,496.7,2,3,4,1,1,10,5.0,2017.0,7.0,6.0,15
5,2,182.4,1,2,4,1,2,1,5.0,2017.0,7.0,6.0,12
6,2,431.94,1,3,4,1,2,5,5.0,2017.0,11.0,3.0,4
6,2,219.9,2,1,4,1,2,11,5.0,2017.0,7.0,6.0,16
1,2,206.8,2,2,4,1,1,1,5.0,2018.0,11.0,6.0,10
4,2,511.05,2,3,4,1,1,5,5.0,2017.0,7.0,6.0,1
2,2,36.2,2,2,4,1,4,1,5.0,2023.0,12.0,6.0,16
5,2,212.8,1,4,4,1,10,6,5.0,2015.0,6.0,3.0,12
7,2,425.06,1,2,4,1,1,7,5.0,2017.0,7.0,5.0,9
5,2,450.18,1,3,4,1,1,5,5.0,2017.0,10.0,2.0,8
1,1,491.3,2,2,4,1,1,9,5.0,2016.0,10.0,10.0,0
6,2,195.65,1,2,4,1,11,14,5.0,2014.0,11.0,1.0,16
6,2,512.8,1,2,4,1,1,1,5.0,2017.0,7.0,6.0,4
1,2,280.6,2,3,4,1,1,8,5.0,2017.0,7.0,6.0,18
1,2,426.08,1,1,4,1,1,6,5.0,2017.0,7.0,6.0,14
5,2,487.85,1,3,4,1,1,1,5.0,2017.0,7.0,6.0,17
6,2,70.95,1,2,4,1,1,6,5.0,2022.0,9.0,9.0,15
7,2,242.5,2,2,2,4,2,6,5.0,2017.0,7.0,6.0,9
7,2,166.1,1,2,4,3,1,5,6.0,2015.0,3.0,5.0,17
7,2,439.4,1,2,4,1,1,6,5.0,2017.0,12.0,11.0,13
5,2,491.85,1,2,4,1,1,8,5.0,2017.0,7.0,6.0,18
1,2,219.2,2,3,4,1,2,6,5.0,2017.0,7.0,6.0,20
4,1,499.1,1,2,4,1,2,1,6.0,2015.0,9.0,7.0,0
4,2,414.0,1,3,4,1,1,9,5.0,2017.0,7.0,6.0,11
7,2,141.5,2,3,4,1,1,5,5.0,2017.0,7.0,6.0,8
7,2,511.9,1,2,4,1,4,5,5.0,2017.0,7.0,6.0,3
1,2,469.05,1,3,4,1,3,1,5.0,2017.0,7.0,6.0,15
5,2,77.8,2,3,4,1,1,15,5.0,2017.0,7.0,6.0,4
6,2,468.2,1,3,4,1,1,5,5.0,2017.0,7.0,6.0,5
4,2,169.5,1,4,4,1,1,1,5.0,2017.0,7.0,6.0,7
5,2,217.2,1,2,4,3,2,6,5.0,2017.0,7.0,6.0,16
7,2,63.9,2,2,4,1,3,1,5.0,2022.0,9.0,7.0,1
7,1,492.25,1,3,4,1,3,5,5.0,2015.0,4.0,1.0,3
6,2,500.12,1,3,4,1,1,1,5.0,2017.0,7.0,6.0,4
4,2,451.24,2,2,4,1,10,6,5.0,2017.0,7.0,6.0,15
1,2,188.0,2,2,4,1,1,1,6.0,2017.0,7.0,6.0,13
1,2,489.6,2,3,4,1,1,6,5.0,2017.0,7.0,6.0,21
5,2,156.8,1,2,2,4,1,1,6.0,2017.0,7.0,6.0,13
2,1,502.9,1,1,4,1,1,6,5.0,2017.0,7.0,6.0,21
4,2,226.0,2,3,2,5,12,6,5.0,2017.0,7.0,6.0,22
5,2,165.95,2,2,2,2,2,5,5.0,2017.0,7.0,7.0,16
1,2,159.1,1,2,4,2,2,6,5.0,2017.0,7.0,6.0,17
6,2,411.7,1,4,4,1,2,6,5.0,2017.0,7.0,6.0,20
7,2,233.9,1,2,2,4,2,5,5.0,2017.0,7.0,6.0,19
5,2,186.1,2,4,4,2,2,1,5.0,2015.0,6.0,3.0,22
5,2,421.28,2,1,4,1,1,6,5.0,2017.0,7.0,6.0,13
5,2,413.48,1,2,4,1,1,5,5.0,2016.0,1.0,4.0,7
3,2,419.8,1,3,4,1,1,5,5.0,2017.0,7.0,6.0,5
6,2,175.7,1,2,4,1,2,6,5.0,2017.0,7.0,6.0,16
3,1,498.05,1,2,4,1,1,5,5.0,2017.0,7.0,6.0,10
4,1,497.58,2,3,4,1,1,5,5.0,2016.0,8.0,9.0,10
7,2,136.5,1,3,4,1,1,8,5.0,2022.0,2.0,7.0,19
3,2,226.0,2,2,4,2,1,5,5.0,2018.0,7.0,3.0,1
6,2,518.6,1,2,4,1,1,9,5.0,2017.0,8.0,7.0,15
7,2,486.35,1,1,4,1,1,9,5.0,2015.0,8.0,11.0,14
6,2,181.9,2,2,2,2,9,1,7.0,2013.0,5.0,1.0,3
3,2,157.6,2,2,4,1,1,6,5.0,2017.0,11.0,10.0,5
6,1,495.8,2,2,4,1,1,6,5.0,2017.0,7.0,10.0,19
4,2,109.3,1,2,4,1,1,1,5.0,2022.0,12.0,10.0,2
5,2,179.25,2,3,4,1,1,1,5.0,2017.0,7.0,6.0,9
6,2,241.2,1,2,4,1,3,6,5.0,2017.0,7.0,6.0,21
1,2,186.4,2,2,4,2,2,1,5.0,2017.0,7.0,6.0,2
5,2,22.0,2,2,4,1,1,15,5.0,2022.0,9.0,6.0,4
4,2,467.8,1,3,4,1,1,5,5.0,2017.0,7.0,6.0,22
5,1,505.05,1,2,4,1,1,9,5.0,2017.0,7.0,6.0,6
7,2,439.92,1,3,4,1,1,5,5.0,2016.0,2.0,10.0,0
5,2,148.0,2,2,4,1,1,5,5.0,2022.0,2.0,6.0,2
4,2,165.8,2,2,2,1,12,5,5.0,2014.0,9.0,1.0,11
4,2,136.8,2,2,4,1,1,14,1.0,2023.0,8.0,2.0,21
7,2,179.0,2,3,2,1,1,11,5.0,2017.0,5.0,2.0,9
4,1,490.8,2,4,4,1,1,9,5.0,2015.0,2.0,7.0,2
2,2,427.96,1,3,4,1,10,6,5.0,2017.0,7.0,6.0,21
6,2,173.8,2,2,2,2,10,6,1.0,2017.0,7.0,6.0,8
3,2,22.4,1,2,4,1,1,1,5.0,2022.0,2.0,8.0,6
7,2,191.0,1,2,4,2,3,6,5.0,2017.0,7.0,6.0,20
3,2,157.2,2,3,1,1,9,6,5.0,2013.0,6.0,11.0,14
7,2,200.1,1,3,4,2,1,11,6.0,2015.0,12.0,4.0,18
6,2,179.9,1,2,4,2,2,5,5.0,2017.0,7.0,6.0,13
2,2,211.7,2,3,4,1,1,5,5.0,2017.0,7.0,6.0,2
6,2,487.9,1,2,4,1,2,9,5.0,2017.0,7.0,6.0,19
4,2,158.8,1,3,4,2,1,1,5.0,2017.0,7.0,6.0,3
1,2,437.24,1,1,4,1,1,11,5.0,2017.0,9.0,10.0,20
3,2,509.9,2,3,4,1,1,5,6.0,2017.0,7.0,6.0,16
3,2,510.2,1,3,4,1,1,5,5.0,2016.0,3.0,2.0,1
1,2,449.2,2,2,4,1,1,1,5.0,2017.0,7.0,6.0,7
5,2,181.1,1,4,4,1,3,6,5.0,2015.0,3.0,7.0,4
6,2,207.8,1,2,2,4,10,5,2.0,2017.0,7.0,6.0,8
3,2,142.5,1,5,4,1,1,1,1.0,2023.0,7.0,2.0,13
3,2,14.83,1,2,4,1,1,1,5.0,2017.0,7.0,6.0,7
4,2,450.88,1,2,4,1,1,5,5.0,2017.0,7.0,6.0,23
6,2,422.52,1,3,4,1,1,5,5.0,2017.0,7.0,6.0,19
3,2,493.18,2,3,4,1,2,1,5.0,2017.0,7.0,6.0,8
6,2,103.8,1,5,4,1,1,1,5.0,2022.0,11.0,11.0,20
2,2,511.8,2,2,4,1,1,11,5.0,2017.0,7.0,6.0,10
2,2,60.55,2,1,4,1,1,6,1.0,2017.0,7.0,6.0,17
2,2,465.5,1,2,4,1,1,1,5.0,2017.0,7.0,6.0,7
1,2,493.9,2,2,4,1,1,6,5.0,2016.0,5.0,12.0,8
6,1,10.8,1,2,4,1,5,5,5.0,2022.0,5.0,8.0,7
2,2,483.9,1,2,4,1,1,6,5.0,2017.0,12.0,12.0,21
3,2,239.2,2,2,4,2,1,1,1.0,2015.0,10.0,6.0,20
6,2,210.4,1,2,4,1,2,6,5.0,2017.0,5.0,8.0,17
6,2,219.8,1,2,2,1,10,1,5.0,2013.0,12.0,10.0,18
7,2,213.4,1,4,4,1,2,10,5.0,2017.0,7.0,6.0,16
3,2,173.2,2,5,4,1,1,15,5.0,2022.0,2.0,8.0,21
6,2,182.2,1,4,2,5,9,10,14.0,2014.0,4.0,1.0,10
5,2,426.32,1,3,4,1,10,5,5.0,2015.0,5.0,6.0,10
6,2,434.8,2,2,4,1,1,6,5.0,2016.0,6.0,2.0,15
6,2,28.9,2,2,4,1,1,1,5.0,2023.0,3.0,2.0,5
6,1,506.8,2,1,4,1,1,6,5.0,2017.0,7.0,6.0,17
7,2,493.8,1,2,4,1,11,5,6.0,2017.0,7.0,6.0,20
3,2,56.1,2,2,4,1,1,7,1.0,2017.0,7.0,6.0,14
5,2,489.7,2,2,4,1,1,6,5.0,2017.0,7.0,6.0,21
7,2,179.0,1,4,4,4,1,9,5.0,2017.0,7.0,6.0,14
1,2,9.82,1,2,4,1,1,1,1.0,2017.0,7.0,6.0,10
3,2,138.6,2,2,4,1,1,1,6.0,2017.0,7.0,6.0,18
2,2,133.2,2,5,4,1,1,1,5.0,2022.0,10.0,10.0,8
7,2,471.98,2,2,4,1,3,5,5.0,2017.0,7.0,6.0,2
6,2,17.3,2,2,4,1,1,14,5.0,2017.0,7.0,6.0,4
6,2,487.4,2,4,4,1,1,6,5.0,2015.0,12.0,12.0,0
7,2,173.0,1,2,2,4,10,5,1.0,2014.0,10.0,8.0,10
7,2,212.7,1,2,2,2,9,11,5.0,2017.0,7.0,6.0,7
6,2,240.2,1,2,2,2,10,1,5.0,2017.0,7.0,6.0,1
4,2,152.4,1,3,2,2,10,1,5.0,2017.0,4.0,5.0,17
1,2,501.4,1,3,4,1,4,11,5.0,2017.0,7.0,6.0,12
6,2,740.995,2,4,4,1,1,5,5.0,2017.0,7.0,6.0,12
4,2,468.24,1,2,4,1,2,6,5.0,2017.0,7.0,6.0,16
5,2,464.3,2,3,4,1,1,5,5.0,2016.0,4.0,11.0,6
4,2,682.195,2,2,4,1,1,6,5.0,2017.0,7.0,6.0,22
2,2,61.12,2,1,4,1,1,6,5.0,2017.0,7.0,6.0,13
1,2,37.77,1,2,4,1,1,14,14.0,2023.0,2.0,7.0,2
4,2,489.75,1,3,4,1,4,11,9.0,2017.0,10.0,8.0,22
3,2,210.6,2,2,4,1,1,1,5.0,2018.0,11.0,4.0,7
1,2,472.95,1,3,4,1,1,5,5.0,2016.0,7.0,3.0,7
5,2,137.9,1,2,4,1,1,6,9.0,2023.0,9.0,2.0,16
4,1,502.0,1,2,4,1,1,5,5.0,2017.0,7.0,6.0,17
5,2,213.4,2,3,4,1,1,15,5.0,2017.0,11.0,8.0,1
3,2,185.4,1,2,1,2,9,5,5.0,2017.0,7.0,6.0,9
5,2,485.75,2,2,4,1,1,6,5.0,2017.0,7.0,6.0,18
6,2,136.6,1,2,4,1,1,6,15.0,2017.0,7.0,6.0,7
5,2,202.2,2,4,4,1,1,1,5.0,2017.0,7.0,6.0,7
5,2,483.98,2,1,4,1,1,1,5.0,2017.0,7.0,6.0,9
1,2,184.8,2,2,2,5,9,6,1.0,2017.0,7.0,6.0,5
2,2,238.1,2,3,4,1,1,5,5.0,2017.0,7.0,6.0,9
6,2,214.8,2,2,4,1,2,11,5.0,2017.0,4.0,11.0,13
6,2,251.0,1,2,4,1,2,5,5.0,2017.0,2.0,12.0,22
3,2,0.26,1,2,4,1,5,1,5.0,2022.0,9.0,8.0,10
7,2,664.775,2,2,4,1,1,5,5.0,2022.0,11.0,6.0,10
3,2,231.0,2,4,4,1,1,1,5.0,2017.0,7.0,6.0,8
7,2,241.7,1,3,4,1,2,6,5.0,2017.0,10.0,12.0,20
6,2,510.2,1,3,4,1,1,5,5.0,2017.0,7.0,6.0,22
4,2,468.3,2,2,4,1,1,1,5.0,2017.0,7.0,6.0,2
7,2,220.0,2,4,4,1,1,1,5.0,2017.0,7.0,6.0,20
1,1,495.6,2,2,4,1,1,9,5.0,2017.0,7.0,6.0,17
1,2,46.375,1,2,4,1,1,1,5.0,2023.0,12.0,2.0,5
5,2,431.26,2,3,4,1,1,6,5.0,2017.0,1.0,9.0,16
6,2,183.1,2,3,2,2,1,1,5.0,2017.0,7.0,6.0,10
7,2,515.95,2,3,4,1,3,3,6.0,2017.0,7.0,6.0,11
5,2,168.5,1,3,4,1,10,6,5.0,2017.0,7.0,6.0,17
5,2,152.4,1,3,2,2,10,14,5.0,2017.0,5.0,5.0,15
3,2,26.11,2,2,4,1,1,6,5.0,2017.0,7.0,6.0,19
6,1,501.35,2,2,4,1,1,8,5.0,2015.0,2.0,5.0,21
4,2,671.895,2,2,4,1,1,6,5.0,2022.0,8.0,6.0,10
6,2,179.4,1,2,2,4,4,14,5.0,2014.0,6.0,9.0,22
2,2,428.0,1,3,4,1,1,11,5.0,2017.0,11.0,7.0,5
6,2,208.9,1,4,4,1,1,11,5.0,2017.0,7.0,6.0,16
5,2,227.3,2,3,4,2,2,1,5.0,2017.0,7.0,6.0,13
1,2,261.3,1,3,4,1,1,5,8.0,2022.0,3.0,7.0,22
7,2,704.295,2,2,4,1,1,1,5.0,2022.0,9.0,7.0,23
1,2,226.0,1,2,4,1,1,6,5.0,2015.0,12.0,1.0,21
7,1,495.45,2,1,4,1,1,6,5.0,2017.0,7.0,6.0,22
2,2,186.2,1,2,1,1,1,6,5.0,2017.0,7.0,6.0,19
1,2,471.7,2,2,4,1,1,11,5.0,2017.0,7.0,6.0,19
7,2,459.32,1,2,4,1,1,5,5.0,2017.0,3.0,12.0,19
4,2,229.0,2,4,2,2,8,1,5.0,2014.0,3.0,7.0,22
6,2,465.5,1,2,4,1,1,5,6.0,2017.0,7.0,6.0,22
1,2,418.82,2,3,4,1,4,5,5.0,2017.0,3.0,7.0,3
2,2,211.15,2,3,4,1,1,15,5.0,2017.0,7.0,6.0,22
2,2,434.2,1,3,4,1,1,6,5.0,2017.0,6.0,6.0,22
7,2,472.3,2,2,4,1,1,5,1.0,2015.0,12.0,4.0,14
6,2,201.6,1,2,4,1,3,1,5.0,2017.0,7.0,6.0,5
3,2,157.4,2,2,2,1,1,5,5.0,2017.0,3.0,5.0,23
4,2,238.1,1,2,4,1,2,5,5.0,2017.0,7.0,6.0,23
3,2,213.6,1,2,2,1,2,1,5.0,2017.0,7.0,6.0,11
3,2,189.15,2,2,1,1,2,6,5.0,2017.0,5.0,4.0,20
4,2,690.395,2,2,4,1,1,6,5.0,2017.0,7.0,6.0,14
5,1,491.15,2,3,4,1,4,6,8.0,2017.0,7.0,6.0,21
5,2,184.25,1,2,2,1,1,6,5.0,2017.0,7.0,6.0,19
3,2,26.38,1,2,4,1,1,6,5.0,2017.0,7.0,6.0,2
1,2,408.7,1,1,4,1,1,7,5.0,2017.0,4.0,9.0,23
4,2,23.4,2,2,4,1,1,11,5.0,2017.0,7.0,6.0,20
7,2,181.2,2,2,2,4,12,5,2.0,2017.0,7.0,6.0,12
7,2,493.8,2,3,4,1,1,6,5.0,2017.0,7.0,6.0,21
3,2,41.61,2,4,4,1,1,12,5.0,2017.0,7.0,6.0,18
4,2,204.0,1,1,4,4,11,6,1.0,2014.0,11.0,9.0,5
6,1,493.9,2,3,4,1,1,5,5.0,2017.0,7.0,6.0,15
2,2,162.5,2,2,4,2,2,6,5.0,2017.0,7.0,6.0,23
5,2,407.9,2,2,4,1,4,5,6.0,2017.0,11.0,8.0,19
7,2,454.8,1,3,4,1,10,6,5.0,2015.0,10.0,5.0,23
6,2,18.0,2,2,4,1,1,6,1.0,2017.0,7.0,6.0,13
5,2,465.8,2,5,4,1,1,1,5.0,2017.0,8.0,12.0,17
4,2,189.7,1,3,4,1,1,8,5.0,2022.0,8.0,6.0,21
4,2,504.3,1,4,4,1,1,9,5.0,2016.0,10.0,11.0,10
7,1,491.76,2,2,4,1,1,1,5.0,2017.0,7.0,6.0,0
1,2,408.92,2,2,4,1,1,6,5.0,2017.0,7.0,6.0,14
7,2,218.1,1,2,2,2,9,1,6.0,2017.0,7.0,6.0,12
4,2,194.4,1,2,4,4,1,5,9.0,2015.0,2.0,4.0,16
6,2,35.89,2,2,4,1,5,5,5.0,2022.0,8.0,7.0,12
2,2,233.2,2,4,4,1,1,11,5.0,2017.0,7.0,6.0,10
7,2,432.32,2,3,4,1,1,5,5.0,2017.0,7.0,6.0,2
2,2,514.5,1,3,4,1,1,5,5.0,2017.0,11.0,4.0,8
5,2,119.1,2,5,4,1,1,14,15.0,2023.0,2.0,2.0,1
4,2,226.8,2,2,2,4,9,1,5.0,2014.0,1.0,5.0,4
2,2,166.85,2,4,4,1,2,5,5.0,2017.0,7.0,6.0,16
3,2,212.2,1,3,4,1,2,1,5.0,2017.0,7.0,6.0,15
1,2,206.0,1,3,2,2,10,5,5.0,2017.0,7.0,6.0,9
1,2,241.2,2,2,2,5,8,6,6.0,2017.0,7.0,6.0,7
2,2,243.15,2,2,4,1,1,3,5.0,2018.0,1.0,5.0,0
5,2,433.8,2,2,4,1,1,6,5.0,2017.0,7.0,6.0,19
7,1,499.1,1,2,4,1,1,9,5.0,2017.0,7.0,6.0,18
4,2,443.96,1,3,4,1,3,5,5.0,2017.0,7.0,6.0,13
7,2,166.15,2,2,4,1,1,8,5.0,2017.0,7.0,6.0,21
2,2,196.4,1,2,4,1,1,1,5.0,2017.0,6.0,6.0,1
3,1,491.95,1,2,4,1,1,5,5.0,2015.0,11.0,3.0,8
7,2,492.3,1,3,4,1,1,5,3.0,2017.0,7.0,6.0,21
6,2,482.2,2,3,4,1,1,1,5.0,2017.0,7.0,6.0,13
2,1,498.58,2,3,4,1,1,1,5.0,2017.0,7.0,6.0,0
6,1,493.45,1,2,4,1,1,6,5.0,2017.0,7.0,6.0,18
4,2,262.4,2,2,4,1,1,1,5.0,2017.0,7.0,6.0,6
1,2,196.75,2,2,4,1,1,1,5.0,2022.0,11.0,9.0,2
7,2,183.6,1,2,4,1,3,6,5.0,2017.0,7.0,6.0,19
7,2,231.1,2,4,4,1,2,14,5.0,2017.0,7.0,6.0,15
7,1,502.35,1,2,4,1,1,1,5.0,2017.0,7.0,6.0,23
4,2,228.0,2,2,2,1,1,5,5.0,2017.0,7.0,6.0,8
6,2,179.7,2,2,4,4,10,6,5.0,2017.0,7.0,6.0,7
6,2,224.8,2,2,2,2,1,1,5.0,2017.0,7.0,6.0,20
6,2,219.0,1,1,2,1,9,6,5.0,2017.0,7.0,6.0,21
2,2,181.3,1,2,4,1,1,6,5.0,2018.0,1.0,5.0,2
1,2,201.0,2,3,4,1,1,8,5.0,2017.0,7.0,6.0,17
1,2,477.85,1,2,4,1,1,6,5.0,2017.0,7.0,6.0,19
6,2,476.08,1,3,4,1,1,5,5.0,2017.0,7.0,6.0,22
4,2,203.6,1,5,4,1,1,6,5.0,2017.0,7.0,6.0,1
4,2,237.2,2,2,2,1,2,6,5.0,2017.0,7.0,6.0,19
2,2,411.6,2,3,4,1,2,5,8.0,2015.0,8.0,9.0,0
1,2,510.95,2,3,4,1,1,5,5.0,2015.0,5.0,10.0,17
7,2,237.6,2,4,4,1,2,6,5.0,2017.0,7.0,6.0,20
7,2,236.5,1,4,4,2,1,5,14.0,2017.0,7.0,6.0,11
4,2,236.5,1,4,2,4,1,1,6.0,2017.0,7.0,6.0,15
2,2,459.84,2,2,4,1,3,1,5.0,2017.0,7.0,6.0,5
4,2,180.0,2,4,4,2,1,5,5.0,2014.0,11.0,9.0,21
6,2,208.1,1,2,4,1,1,1,5.0,2022.0,8.0,7.0,7
4,2,193.8,1,2,2,3,7,3,5.0,2017.0,7.0,6.0,4
1,2,442.8,2,2,4,1,11,5,5.0,2017.0,2.0,1.0,4
6,1,441.3,2,3,4,1,1,1,5.0,2016.0,9.0,7.0,17
3,2,521.12,2,2,4,1,1,6,11.0,2017.0,7.0,6.0,12
7,1,493.25,1,3,4,1,1,9,5.0,2017.0,7.0,6.0,23
2,2,435.5,1,3,4,1,3,11,9.0,2017.0,7.0,6.0,18
4,2,216.2,2,2,4,2,2,14,5.0,2017.0,9.0,11.0,22
6,2,122.8,2,5,4,1,1,14,15.0,2023.0,3.0,2.0,0
6,2,238.1,2,2,4,1,1,6,5.0,2017.0,7.0,6.0,9
2,2,467.8,1,3,4,1,2,5,5.0,2015.0,1.0,9.0,5
4,1,494.45,2,2,4,1,1,1,5.0,2017.0,7.0,6.0,13
3,2,44.31,2,1,4,1,1,6,5.0,2017.0,7.0,6.0,10
2,2,211.2,1,3,4,1,1,5,5.0,2018.0,1.0,5.0,11
6,2,424.35,1,3,4,1,10,5,5.0,2017.0,7.0,6.0,3
7,2,436.84,1,3,4,1,1,6,5.0,2017.0,7.0,6.0,16
1,1,496.0,2,2,4,1,1,6,5.0,2015.0,9.0,3.0,5
1,2,444.98,1,2,4,1,1,1,5.0,2017.0,2.0,10.0,17
5,2,454.76,2,3,4,1,2,5,5.0,2017.0,7.0,6.0,0
6,1,502.6,1,2,4,1,10,5,5.0,2015.0,9.0,5.0,22
2,2,229.0,2,3,4,2,3,1,1.0,2015.0,12.0,5.0,2
6,2,520.7,1,3,4,1,1,1,4.0,2017.0,5.0,8.0,9
2,1,498.5,2,2,4,1,1,11,5.0,2017.0,7.0,6.0,10
4,2,228.6,2,3,4,1,1,6,5.0,2017.0,7.0,6.0,7
1,2,473.4,1,3,4,1,4,5,5.0,2016.0,5.0,9.0,22
1,2,454.52,1,3,4,1,1,1,5.0,2016.0,11.0,1.0,7
5,2,178.5,2,2,4,1,2,15,5.0,2017.0,7.0,6.0,23
6,1,493.3,2,3,4,1,1,11,5.0,2016.0,8.0,10.0,19
2,2,424.38,2,3,4,1,1,6,5.0,2015.0,11.0,8.0,20
2,2,418.7,2,2,4,1,1,6,5.0,2016.0,9.0,2.0,14
6,2,232.3,2,4,4,1,2,9,11.0,2017.0,7.0,6.0,12
4,2,169.25,2,4,4,1,1,1,5.0,2017.0,7.0,6.0,9
7,2,55.63,2,2,4,1,1,1,11.0,2017.0,7.0,6.0,3
2,2,134.1,2,2,4,1,1,1,5.0,2023.0,6.0,2.0,23
6,1,490.05,1,2,4,1,1,1,5.0,2015.0,8.0,8.0,14
5,2,509.5,1,3,4,1,1,5,5.0,2015.0,11.0,12.0,4
3,2,451.84,1,2,4,1,3,1,5.0,2017.0,7.0,6.0,2
4,2,416.24,2,2,4,1,1,5,5.0,2017.0,7.0,6.0,7
7,2,209.0,2,3,4,1,2,5,5.0,2017.0,7.0,6.0,9
2,2,193.6,1,2,4,1,2,5,1.0,2017.0,7.0,6.0,20
5,2,209.5,1,2,4,1,2,15,5.0,2018.0,2.0,3.0,23
4,2,200.0,1,2,2,5,2,1,1.0,2017.0,7.0,6.0,11
5,2,482.15,2,3,4,1,1,6,5.0,2017.0,7.0,6.0,15
7,2,65.7,1,2,4,1,1,5,5.0,2022.0,10.0,9.0,16
7,2,470.32,1,3,4,1,1,6,5.0,2017.0,7.0,6.0,21
2,2,469.25,2,2,4,1,2,11,6.0,2017.0,7.0,6.0,18
5,2,507.2,2,3,4,1,1,5,5.0,2017.0,7.0,6.0,22
7,2,30.9,1,3,4,1,1,5,5.0,2017.0,7.0,6.0,5
7,2,510.3,2,3,4,1,1,5,5.0,2017.0,7.0,6.0,0
1,2,464.3,1,1,4,1,1,5,5.0,2017.0,7.0,6.0,22
3,2,41.02,1,2,4,1,1,6,1.0,2017.0,7.0,6.0,16
5,2,495.7,2,3,4,1,1,11,5.0,2017.0,7.0,6.0,10
6,2,450.18,1,1,4,1,1,5,5.0,2017.0,7.0,6.0,5
6,2,230.4,1,1,4,2,10,6,5.0,2017.0,7.0,6.0,12
2,2,494.5,2,3,4,1,1,5,5.0,2017.0,7.0,6.0,15
5,2,428.24,1,3,4,1,1,6,5.0,2017.0,7.0,6.0,19
4,2,178.7,2,4,4,4,2,9,14.0,2017.0,7.0,6.0,12
4,1,497.3,2,2,4,1,1,9,5.0,2016.0,7.0,1.0,17
7,2,197.6,2,3,4,3,4,5,1.0,2017.0,7.0,6.0,14
3,2,462.52,1,2,4,1,3,5,5.0,2017.0,7.0,6.0,4
4,1,496.7,1,3,4,1,1,5,5.0,2015.0,2.0,7.0,10
2,2,512.95,2,3,4,1,1,5,5.0,2017.0,7.0,6.0,10
3,2,452.0,1,3,4,1,3,1,5.0,2017.0,7.0,6.0,15
7,1,496.6,1,3,4,1,1,8,5.0,2015.0,11.0,10.0,23
6,2,218.6,2,2,4,3,3,5,5.0,2017.0,7.0,6.0,5
5,1,494.7,2,2,4,1,1,7,5.0,2015.0,5.0,6.0,2
7,2,489.3,2,3,4,1,1,6,5.0,2017.0,7.0,6.0,16
4,2,166.6,2,2,4,1,1,6,5.0,2017.0,7.0,6.0,8
2,2,486.3,1,2,4,1,1,11,5.0,2015.0,3.0,3.0,1
4,1,501.15,1,2,4,1,1,6,5.0,2017.0,7.0,6.0,19
2,2,428.18,1,2,4,1,1,11,9.0,2017.0,9.0,5.0,1
4,2,41.77,1,2,4,1,1,14,5.0,2017.0,7.0,6.0,4
7,2,279.0,1,3,4,1,1,10,5.0,2017.0,7.0,6.0,3
1,2,428.2,2,2,4,1,10,6,5.0,2015.0,4.0,5.0,13
6,2,190.2,2,1,2,1,1,5,5.0,2017.0,7.0,6.0,19
7,2,56.64,2,2,4,1,1,10,5.0,2022.0,1.0,10.0,1
7,2,217.5,1,3,4,1,1,6,5.0,2018.0,8.0,4.0,0
2,2,520.2,1,4,4,1,1,3,5.0,2017.0,7.0,6.0,17
3,2,199.8,2,3,2,4,1,6,5.0,2017.0,7.0,6.0,7
4,2,223.5,2,4,4,1,1,1,5.0,2022.0,8.0,6.0,15
3,2,187.1,1,4,1,1,9,9,5.0,2017.0,7.0,6.0,11
1,1,494.35,2,1,4,1,1,9,5.0,2017.0,7.0,6.0,12
6,2,479.6,2,3,4,1,1,5,5.0,2015.0,3.0,10.0,0
5,2,465.5,2,2,4,1,1,6,5.0,2022.0,7.0,7.0,20
1,2,473.4,1,3,4,1,4,5,5.0,2016.0,5.0,9.0,22
1,2,227.5,2,1,2,2,10,5,5.0,2017.0,7.0,6.0,14
3,2,188.2,2,3,1,4,12,5,5.0,2017.0,7.0,6.0,4
2,1,502.7,2,3,4,1,11,5,5.0,2017.0,10.0,1.0,0
4,2,206.5,2,3,4,1,2,6,5.0,2017.0,7.0,6.0,17
7,2,170.2,2,1,4,2,2,1,5.0,2017.0,5.0,11.0,20
1,2,196.25,1,4,4,1,1,5,5.0,2022.0,10.0,7.0,4
4,2,224.4,1,3,4,1,1,8,5.0,2022.0,8.0,6.0,8
2,2,16.3,2,2,4,1,5,5,5.0,2017.0,7.0,6.0,17
2,2,511.0,1,3,4,1,1,3,5.0,2017.0,7.0,6.0,9
5,2,202.4,1,4,4,1,1,6,5.0,2017.0,7.0,6.0,3
7,2,168.45,2,4,4,1,2,15,5.0,2017.0,7.0,6.0,10
6,2,492.2,2,3,4,1,1,9,5.0,2016.0,6.0,2.0,9
5,2,481.2,2,2,4,1,1,11,6.0,2017.0,7.0,6.0,11
7,2,214.6,1,1,2,4,8,11,5.0,2014.0,9.0,3.0,9
3,2,452.19,1,2,4,1,1,5,1.0,2017.0,7.0,6.0,13
4,2,38.4,1,2,4,1,1,6,5.0,2022.0,1.0,6.0,7
1,2,699.195,1,4,4,1,1,5,5.0,2017.0,7.0,6.0,23
5,2,217.4,1,2,4,1,1,5,5.0,2017.0,7.0,6.0,3
4,2,488.65,1,2,4,1,10,9,5.0,2015.0,11.0,6.0,22
3,2,484.05,2,2,4,1,1,6,5.0,2017.0,2.0,8.0,16
7,1,497.75,1,3,4,1,1,6,5.0,2015.0,8.0,3.0,10
4,2,151.3,1,2,4,2,1,1,5.0,2017.0,7.0,6.0,0
6,2,126.5,2,5,4,1,1,1,5.0,2017.0,7.0,6.0,15
4,2,450.16,1,3,4,1,1,5,5.0,2017.0,7.0,6.0,1
2,2,414.28,1,3,4,1,1,5,5.0,2017.0,7.0,6.0,6
5,2,167.5,1,2,4,1,1,5,5.0,2017.0,7.0,6.0,1
7,2,691.795,1,2,4,1,1,6,5.0,2022.0,4.0,6.0,9
4,2,507.0,1,2,4,1,1,6,5.0,2017.0,7.0,6.0,16
3,2,183.7,2,2,4,3,2,6,7.0,2017.0,7.0,6.0,18
2,2,241.8,1,2,2,1,1,6,5.0,2017.0,3.0,1.0,13
1,2,506.8,2,3,4,1,1,5,6.0,2017.0,10.0,4.0,13
2,2,456.7,1,3,4,1,1,5,5.0,2017.0,7.0,6.0,9
5,2,504.1,1,3,4,1,1,6,5.0,2017.0,7.0,6.0,18
5,2,208.5,1,4,4,2,4,6,5.0,2017.0,7.0,6.0,16
6,2,230.0,1,4,4,1,1,1,5.0,2017.0,7.0,6.0,10
1,2,50.3,2,2,4,1,1,1,14.0,2023.0,9.0,7.0,14
6,2,429.8,1,2,4,1,1,6,5.0,2017.0,7.0,6.0,23
1,2,31.0,2,2,4,1,1,6,5.0,2023.0,9.0,4.0,9
5,2,211.2,2,4,4,1,2,1,5.0,2018.0,6.0,4.0,21
1,2,424.6,1,1,4,1,1,5,5.0,2017.0,7.0,6.0,2
1,2,478.95,2,2,4,1,3,1,5.0,2017.0,7.0,6.0,4
7,2,210.4,2,4,4,3,3,5,5.0,2014.0,11.0,5.0,22
7,2,235.5,2,2,2,2,2,11,5.0,2017.0,7.0,5.0,22
7,2,445.76,2,3,4,1,1,1,5.0,2017.0,5.0,2.0,1
4,2,187.5,1,4,4,1,1,6,5.0,2018.0,1.0,3.0,11
3,2,500.1,1,2,4,1,1,5,5.0,2017.0,7.0,6.0,4
5,2,508.3,1,2,4,1,1,5,6.0,2016.0,4.0,11.0,10
5,2,487.15,1,3,4,1,3,5,6.0,2017.0,7.0,4.0,8
1,2,454.85,1,2,4,1,1,6,5.0,2017.0,7.0,6.0,15
7,2,510.0,1,2,4,1,1,5,5.0,2017.0,4.0,6.0,4
1,2,412.32,2,3,4,1,1,5,5.0,2017.0,7.0,6.0,5
7,2,232.2,1,3,4,1,2,7,5.0,2017.0,7.0,6.0,7
4,2,91.63,1,2,4,1,5,6,5.0,2022.0,3.0,8.0,10
7,2,252.05,2,2,4,1,1,1,5.0,2017.0,7.0,6.0,4
2,2,239.6,1,3,4,3,2,6,5.0,2015.0,12.0,5.0,18
4,2,9.8,1,2,4,1,1,11,9.0,2023.0,12.0,7.0,21
7,2,429.94,1,2,4,1,1,6,5.0,2016.0,5.0,6.0,1
5,2,320.58,2,2,4,1,1,6,5.0,2022.0,11.0,8.0,16
2,2,436.7,2,3,4,1,1,5,5.0,2017.0,3.0,10.0,21
6,2,20.7,2,3,4,1,1,1,5.0,2017.0,7.0,6.0,13
7,2,216.4,2,4,4,2,2,5,5.0,2017.0,3.0,9.0,6
3,1,495.1,2,2,4,1,1,6,5.0,2017.0,7.0,6.0,8
3,2,422.46,2,2,4,1,10,9,5.0,2015.0,10.0,6.0,20
6,1,484.75,1,3,4,1,1,9,5.0,2017.0,7.0,6.0,12
6,2,454.25,2,2,4,1,1,5,5.0,2016.0,7.0,5.0,12
5,2,239.9,1,3,4,2,2,6,5.0,2017.0,10.0,11.0,16
3,2,478.3,2,2,4,1,1,6,5.0,2017.0,4.0,1.0,20
3,2,411.7,1,3,4,1,1,1,5.0,2016.0,12.0,10.0,4
4,1,503.4,2,3,4,1,1,5,5.0,2017.0,7.0,6.0,23
1,2,434.28,1,3,4,1,1,4,5.0,2017.0,7.0,6.0,18
6,2,283.0,1,2,4,1,1,5,5.0,2022.0,3.0,6.0,5
2,2,508.65,2,3,4,1,1,6,5.0,2015.0,7.0,4.0,11
1,2,234.7,2,2,4,1,1,5,5.0,2017.0,7.0,6.0,3
7,1,493.65,2,3,4,1,1,7,5.0,2017.0,7.0,6.0,16
2,2,157.1,2,2,4,3,2,11,9.0,2017.0,7.0,6.0,1
5,2,112.7,2,5,4,1,1,14,15.0,2023.0,9.0,2.0,6
2,2,180.5,2,4,2,3,3,1,5.0,2017.0,7.0,6.0,19
2,2,203.6,2,2,2,1,4,5,1.0,2017.0,7.0,6.0,9
3,2,237.55,1,2,4,1,1,5,5.0,2017.0,7.0,6.0,3
6,2,402.1,1,3,4,1,1,5,5.0,2016.0,1.0,10.0,6
5,2,232.2,1,2,4,1,1,6,5.0,2017.0,7.0,6.0,11
7,2,11.0,1,2,4,1,1,5,5.0,2022.0,11.0,6.0,15
6,2,228.6,1,4,4,1,2,1,5.0,2017.0,7.0,10.0,19
3,2,25.29,2,2,4,1,1,6,5.0,2017.0,7.0,6.0,15
4,1,495.7,1,2,4,1,1,5,5.0,2017.0,7.0,6.0,1
6,2,171.65,2,2,4,1,1,1,5.0,2017.0,7.0,6.0,10
6,2,174.75,2,2,4,1,1,6,5.0,2017.0,7.0,6.0,17
1,1,495.7,1,3,4,1,1,6,5.0,2017.0,7.0,6.0,12
5,2,18.895,2,2,4,1,1,1,5.0,2022.0,1.0,9.0,7
6,2,177.05,1,4,2,1,1,5,5.0,2018.0,7.0,4.0,10
3,2,155.4,1,2,2,1,10,10,1.0,2013.0,6.0,11.0,8
2,1,499.25,2,2,4,1,1,6,5.0,2015.0,8.0,9.0,18
7,1,499.35,1,2,4,1,2,6,5.0,2017.0,1.0,1.0,21
6,2,210.2,2,4,2,2,12,5,5.0,2014.0,4.0,1.0,4
3,2,510.85,1,2,4,1,4,5,11.0,2017.0,7.0,6.0,19
3,2,471.4,1,2,4,1,1,5,6.0,2017.0,10.0,5.0,7
5,2,237.4,2,2,4,1,1,1,5.0,2017.0,7.0,6.0,7
1,2,486.75,1,3,4,1,1,5,5.0,2017.0,7.0,6.0,8
1,2,189.8,2,1,4,3,1,6,5.0,2017.0,7.0,6.0,8
7,2,514.0,1,3,4,1,1,5,6.0,2017.0,7.0,6.0,8
6,2,430.0,2,3,4,1,1,6,5.0,2017.0,7.0,6.0,21
4,2,204.0,2,4,2,1,9,6,6.0,2013.0,10.0,10.0,17
6,1,495.35,1,2,4,1,1,5,5.0,2017.0,7.0,6.0,17
6,2,112.67,2,2,4,1,1,5,5.0,2017.0,7.0,6.0,14
5,2,457.94,1,2,4,1,1,5,5.0,2017.0,11.0,8.0,5
7,2,400.5,2,3,4,1,1,6,5.0,2016.0,10.0,1.0,11
1,2,152.1,1,2,4,2,2,6,5.0,2017.0,7.0,6.0,21
4,2,16.7,1,1,4,1,5,5,5.0,2017.0,7.0,6.0,7
5,2,177.4,1,2,4,1,2,5,13.0,2017.0,7.0,6.0,20
5,1,496.7,1,2,4,1,1,3,5.0,2017.0,7.0,6.0,5
4,2,237.8,2,2,2,2,4,1,5.0,2013.0,3.0,10.0,15
3,2,132.9,2,2,4,1,1,6,6.0,2017.0,7.0,6.0,20
4,2,38.75,1,1,4,1,1,6,5.0,2017.0,7.0,6.0,12
2,2,280.0,2,2,4,1,1,8,5.0,2017.0,7.0,6.0,14
1,2,456.92,1,3,4,1,1,7,5.0,2016.0,11.0,1.0,11
6,2,184.75,2,1,2,1,10,1,5.0,2017.0,7.0,6.0,13
1,2,248.1,2,3,4,1,1,11,5.0,2017.0,7.0,6.0,7
7,2,512.3,1,3,4,1,1,5,1.0,2017.0,7.0,6.0,16
3,2,211.4,2,2,4,2,2,5,5.0,2017.0,6.0,12.0,13
6,2,483.0,1,2,4,1,1,6,5.0,2015.0,11.0,4.0,4
2,2,174.4,1,2,4,5,1,1,5.0,2015.0,7.0,4.0,20
2,1,475.8,2,3,4,1,1,1,5.0,2017.0,7.0,6.0,13
3,1,491.9,1,5,4,1,1,6,5.0,2017.0,6.0,9.0,22
5,2,492.55,2,2,4,1,1,6,5.0,2017.0,7.0,6.0,0
5,2,488.0,2,3,4,1,1,8,5.0,2017.0,7.0,6.0,14
6,1,497.2,1,3,4,1,11,5,6.0,2017.0,7.0,6.0,17
1,2,216.8,2,2,4,2,2,1,6.0,2015.0,4.0,5.0,14
7,2,418.86,2,2,4,1,1,5,5.0,2017.0,10.0,9.0,5
4,2,464.4,1,3,4,1,4,5,5.0,2016.0,8.0,9.0,23
5,2,180.6,1,2,4,1,1,1,5.0,2017.0,3.0,11.0,0
7,2,222.6,2,3,4,2,2,11,6.0,2015.0,10.0,5.0,23
5,2,10.78,1,2,4,1,1,14,14.0,2017.0,7.0,6.0,1
3,2,467.0,1,3,4,1,1,5,5.0,2016.0,6.0,7.0,23
1,2,190.2,2,2,2,1,4,1,8.0,2017.0,7.0,6.0,1
2,2,205.5,2,2,4,1,1,1,5.0,2017.0,7.0,6.0,21
4,2,173.1,2,2,2,1,9,1,6.0,2014.0,1.0,5.0,6
3,2,428.99,2,5,4,1,1,5,1.0,2017.0,7.0,6.0,17
4,2,188.0,2,2,2,1,10,1,5.0,2017.0,7.0,6.0,17
2,2,230.6,2,2,2,1,9,6,5.0,2017.0,7.0,6.0,6
6,2,151.4,2,3,2,2,1,1,5.0,2017.0,6.0,5.0,17
6,2,497.85,2,3,4,1,1,5,5.0,2016.0,2.0,7.0,6
4,2,122.9,1,2,4,1,1,6,5.0,2022.0,7.0,12.0,15
7,2,214.8,1,2,2,4,9,5,6.0,2014.0,4.0,5.0,10
1,2,131.9,2,5,4,1,1,1,14.0,2017.0,7.0,6.0,3
1,2,238.8,2,2,2,4,2,6,5.0,2017.0,7.0,6.0,12
6,2,19.75,1,4,4,1,1,6,11.0,2017.0,7.0,6.0,20
3,2,179.9,1,4,4,1,1,1,5.0,2017.0,7.0,6.0,19
1,2,477.76,1,3,4,1,11,5,5.0,2017.0,2.0,1.0,5
5,2,229.6,2,1,4,4,9,6,5.0,2017.0,7.0,6.0,1
5,2,222.0,2,4,4,2,1,11,1.0,2017.0,7.0,6.0,1
5,2,485.1,2,2,4,1,1,5,5.0,2017.0,8.0,9.0,14
2,2,418.2,1,3,4,1,1,5,5.0,2015.0,3.0,3.0,5
3,2,506.15,2,2,4,1,2,5,5.0,2017.0,7.0,6.0,7
7,1,497.45,1,3,4,1,1,6,5.0,2017.0,7.0,6.0,17
3,2,652.845,1,3,4,1,1,6,5.0,2017.0,7.0,6.0,14
5,2,209.5,2,2,4,8,3,7,5.0,2015.0,6.0,3.0,2
5,2,219.9,2,3,4,1,1,1,5.0,2017.0,11.0,8.0,11
5,2,435.28,2,2,4,1,1,6,5.0,2017.0,8.0,9.0,23
2,2,176.2,1,3,4,1,3,1,5.0,2017.0,12.0,12.0,2
6,2,504.0,2,3,4,1,1,5,5.0,2017.0,7.0,6.0,9
3,2,225.2,1,2,2,5,9,1,5.0,2014.0,8.0,1.0,3
1,2,230.2,2,2,4,1,1,6,5.0,2018.0,9.0,4.0,11
4,2,242.0,2,3,4,1,2,6,5.0,2017.0,7.0,6.0,23
6,2,430.1,2,1,4,1,1,9,5.0,2016.0,1.0,10.0,21
1,2,199.5,2,2,4,1,2,1,5.0,2017.0,7.0,6.0,15
2,1,494.8,2,2,4,1,4,6,5.0,2017.0,4.0,7.0,16
4,1,491.6,2,3,4,1,1,5,5.0,2017.0,7.0,6.0,19
3,2,143.8,2,2,4,1,1,14,5.0,2022.0,11.0,10.0,1
3,2,179.35,1,4,4,1,2,6,5.0,2017.0,7.0,6.0,12
4,2,242.2,1,2,4,1,1,6,5.0,2017.0,7.0,6.0,17
5,2,220.0,2,3,2,1,9,1,7.0,2017.0,7.0,6.0,12
4,2,195.6,1,2,2,4,9,1,5.0,2017.0,7.0,6.0,8
6,2,464.44,2,2,4,1,4,5,11.0,2017.0,7.0,6.0,2
5,2,185.05,1,3,2,2,2,11,5.0,2017.0,7.0,6.0,11
6,2,465.05,1,3,4,1,1,5,6.0,2017.0,7.0,6.0,9
1,2,34.9,1,3,4,1,1,1,8.0,2023.0,3.0,9.0,11
4,2,161.8,1,3,2,1,2,11,5.0,2017.0,12.0,1.0,21
3,2,236.0,1,2,4,1,1,6,5.0,2017.0,6.0,12.0,11
3,2,168.8,1,2,2,4,8,6,5.0,2014.0,9.0,4.0,9
6,2,223.4,2,2,4,1,1,15,5.0,2018.0,12.0,5.0,3
1,2,19.2,2,1,4,1,1,6,1.0,2017.0,7.0,6.0,19
5,2,27.58,1,2,4,1,5,5,5.0,2017.0,7.0,6.0,12
2,2,489.5,1,2,4,1,10,8,5.0,2015.0,12.0,5.0,6
5,2,425.5,1,3,4,1,1,1,5.0,2017.0,7.0,6.0,9
2,1,497.85,2,2,4,1,1,5,5.0,2017.0,7.0,6.0,23
4,2,198.8,2,3,2,4,3,14,5.0,2017.0,7.0,6.0,0
4,2,346.5,2,2,4,1,1,1,5.0,2017.0,7.0,6.0,16
5,1,497.1,1,3,4,1,1,6,5.0,2017.0,7.0,6.0,23
4,2,224.0,2,3,2,2,1,1,5.0,2017.0,7.0,6.0,19
2,2,437.6,1,2,4,1,1,6,5.0,2017.0,7.0,6.0,23
3,2,422.2,1,2,4,1,1,1,5.0,2017.0,7.0,6.0,7
3,2,177.8,2,2,2,4,8,5,6.0,2017.0,7.0,6.0,15
4,2,168.0,2,2,2,2,1,11,5.0,2017.0,9.0,3.0,5
1,2,123.5,1,2,4,1,1,8,5.0,2022.0,10.0,7.0,10
2,2,19.395,1,2,4,1,1,6,5.0,2017.0,7.0,6.0,13
3,2,229.0,2,4,2,1,1,1,5.0,2017.0,3.0,5.0,23
7,2,226.2,2,2,4,1,1,5,5.0,2017.0,7.0,6.0,5
6,2,250.8,2,2,2,2,2,6,5.0,2017.0,7.0,6.0,6
2,2,191.8,2,3,4,4,2,1,5.0,2017.0,7.0,6.0,19
4,2,487.55,2,3,4,1,1,6,5.0,2017.0,7.0,6.0,19
1,2,50.29,1,2,4,1,1,1,5.0,2022.0,12.0,6.0,16
3,2,241.5,2,2,2,1,2,6,5.0,2017.0,7.0,6.0,18
4,2,406.5,1,2,4,1,3,5,5.0,2017.0,3.0,8.0,22
5,2,418.2,1,3,4,1,1,1,5.0,2015.0,11.0,9.0,23
5,2,454.24,2,3,4,1,1,5,5.0,2016.0,8.0,7.0,13
4,2,447.8,2,1,4,1,1,5,5.0,2016.0,6.0,10.0,14
1,2,152.5,1,3,4,2,2,6,9.0,2015.0,5.0,1.0,19
2,2,410.2,1,3,4,1,1,1,5.0,2017.0,7.0,6.0,6
4,2,468.52,2,3,4,1,1,6,9.0,2015.0,2.0,7.0,8
3,2,241.6,1,3,2,1,1,6,5.0,2017.0,7.0,6.0,19
2,2,431.64,1,2,4,1,1,6,5.0,2015.0,1.0,12.0,23
7,2,491.4,2,3,4,1,10,6,5.0,2015.0,10.0,5.0,22
4,2,164.9,1,2,4,2,1,1,5.0,2017.0,7.0,6.0,1
4,2,495.45,2,2,4,1,1,9,5.0,2017.0,7.0,6.0,0
3,2,208.4,1,3,4,1,2,6,5.0,2017.0,7.0,6.0,13
1,2,4.9,2,3,4,1,1,1,5.0,2017.0,7.0,6.0,23
1,2,420.78,2,3,4,1,3,5,1.0,2015.0,7.0,9.0,5
5,2,21.18,2,2,4,1,1,11,5.0,2017.0,7.0,6.0,11
6,2,462.08,2,3,4,1,2,5,5.0,2017.0,7.0,6.0,7
4,2,408.26,1,3,4,1,1,5,5.0,2016.0,7.0,1.0,13
5,2,499.25,1,2,4,1,1,6,5.0,2017.0,7.0,6.0,18
1,1,499.9,1,2,4,1,1,6,5.0,2017.0,7.0,6.0,8
6,1,497.0,1,2,4,1,1,1,5.0,2017.0,7.0,6.0,8
5,2,521.12,2,4,4,1,1,6,5.0,2017.0,7.0,6.0,8
4,2,446.88,1,2,4,1,1,5,1.0,2017.0,8.0,6.0,23
5,2,152.2,1,3,2,4,12,6,5.0,2017.0,7.0,6.0,1
1,2,167.2,2,2,2,3,3,1,5.0,2017.0,7.0,6.0,21
7,2,139.0,2,5,4,1,1,14,1.0,2023.0,11.0,2.0,12
7,2,185.3,1,4,4,2,1,5,5.0,2015.0,1.0,3.0,19
6,2,33.15,2,2,4,1,1,1,11.0,2017.0,7.0,6.0,3
6,1,428.3,2,2,4,1,1,6,5.0,2017.0,7.0,6.0,16
6,2,225.3,2,2,2,1,2,6,5.0,2017.0,8.0,7.0,13
2,2,221.8,2,3,4,1,3,1,5.0,2017.0,12.0,12.0,2
7,2,210.2,2,1,4,1,3,3,5.0,2017.0,7.0,6.0,3
6,2,469.2,2,3,4,1,1,6,5.0,2017.0,7.0,6.0,8
6,2,223.2,1,3,2,4,9,2,6.0,2017.0,7.0,6.0,12
2,2,116.75,2,2,4,1,1,11,5.0,2022.0,1.0,8.0,9
4,2,129.2,1,3,4,1,1,11,5.0,2017.0,7.0,6.0,3
6,2,710.795,2,2,4,1,1,6,5.0,2022.0,10.0,6.0,11
6,1,494.25,1,2,4,1,1,1,5.0,2017.0,7.0,6.0,20
4,1,493.8,1,2,4,1,1,6,5.0,2017.0,7.0,6.0,3
5,2,201.6,2,3,4,1,1,6,5.0,2022.0,9.0,6.0,18
3,2,196.5,2,2,4,1,1,11,5.0,2017.0,7.0,6.0,2
1,2,228.2,2,2,2,3,10,7,5.0,2013.0,2.0,12.0,12
2,2,213.5,1,4,4,1,1,14,5.0,2017.0,7.0,6.0,3
3,2,190.1,2,2,2,4,2,5,5.0,2017.0,12.0,4.0,1
5,2,37.52,1,4,4,1,1,6,1.0,2023.0,8.0,6.0,19
3,1,499.0,2,2,4,1,1,11,9.0,2017.0,7.0,6.0,19
7,1,494.45,2,3,4,1,1,1,5.0,2015.0,5.0,7.0,15
4,2,667.795,1,2,4,1,1,5,5.0,2017.0,7.0,6.0,8
6,1,499.25,1,2,4,1,1,6,5.0,2017.0,7.0,6.0,15
3,2,188.6,2,2,4,2,2,6,5.0,2017.0,7.0,6.0,23
3,2,504.0,2,2,4,1,1,5,5.0,2017.0,5.0,4.0,9
2,2,475.2,2,2,4,1,1,11,5.0,2016.0,7.0,6.0,0
1,2,417.86,1,3,4,1,1,5,5.0,2015.0,10.0,8.0,0
6,2,493.3,2,3,4,1,10,1,5.0,2017.0,7.0,6.0,5
3,2,430.14,1,2,4,1,2,6,5.0,2017.0,7.0,6.0,10
6,2,102.035,2,2,4,1,1,1,14.0,2022.0,4.0,11.0,15
3,2,228.6,2,2,2,4,1,1,5.0,2017.0,7.0,6.0,17
4,2,408.22,2,2,4,1,4,5,3.0,2016.0,4.0,8.0,5
1,2,190.5,1,1,2,2,10,6,5.0,2017.0,7.0,6.0,15
3,2,173.8,1,2,2,1,2,1,5.0,2017.0,7.0,6.0,14
1,2,178.2,2,3,4,2,1,6,5.0,2017.0,7.0,6.0,0
2,2,471.9,1,3,4,1,1,5,5.0,2017.0,7.0,6.0,17
5,2,204.6,2,3,4,1,1,1,5.0,2017.0,7.0,6.0,11
3,1,500.55,2,3,4,1,1,5,5.0,2015.0,7.0,10.0,14
5,2,196.9,1,2,4,4,1,1,5.0,2017.0,7.0,6.0,19
7,2,152.5,1,3,4,3,4,1,1.0,2017.0,7.0,6.0,8
5,2,70.0,2,2,4,1,1,5,5.0,2017.0,7.0,6.0,5
5,2,425.26,1,2,4,1,1,6,5.0,2017.0,7.0,6.0,21
2,2,477.65,1,4,4,1,4,1,5.0,2017.0,7.0,6.0,15
7,2,205.8,2,2,2,2,10,1,5.0,2017.0,9.0,4.0,13
4,2,169.1,1,1,2,4,10,14,5.0,2017.0,11.0,5.0,12
6,2,202.7,2,2,4,3,2,5,5.0,2017.0,7.0,6.0,22
2,2,183.75,1,3,2,1,2,1,5.0,2017.0,5.0,12.0,17
2,2,504.0,2,3,4,1,1,5,5.0,2017.0,7.0,6.0,5
7,1,456.2,2,2,4,1,1,1,6.0,2015.0,11.0,1.0,17
6,2,44.2,1,1,4,1,1,6,5.0,2017.0,7.0,6.0,19
6,2,228.6,1,4,4,1,2,1,5.0,2017.0,5.0,8.0,23
2,2,217.0,1,4,2,3,3,11,6.0,2017.0,7.0,6.0,8
3,2,178.9,2,2,4,1,2,6,5.0,2017.0,7.0,6.0,11
6,2,152.4,1,2,4,2,1,1,6.0,2017.0,7.0,6.0,20
5,2,207.8,2,2,4,3,1,5,5.0,2015.0,3.0,4.0,6
4,2,178.4,2,2,2,1,10,5,8.0,2013.0,3.0,10.0,7
6,2,420.32,1,2,4,1,1,5,6.0,2017.0,7.0,6.0,10
3,2,465.3,1,2,4,1,1,1,5.0,2017.0,2.0,8.0,18
6,2,507.15,1,3,4,1,1,5,5.0,2016.0,5.0,3.0,0
5,2,15.195,2,2,4,1,1,1,5.0,2017.0,7.0,6.0,11
2,2,497.0,1,2,4,2,3,6,5.0,2017.0,7.0,6.0,1
5,2,431.6,2,2,4,1,1,12,9.0,2017.0,7.0,6.0,19
7,2,196.5,1,2,4,1,1,10,5.0,2022.0,4.0,6.0,21
6,2,466.85,2,3,4,1,10,1,5.0,2017.0,7.0,6.0,21
7,2,36.19,1,3,4,1,1,1,5.0,2023.0,11.0,2.0,9
7,2,239.0,2,3,4,4,2,1,5.0,2017.0,7.0,6.0,14
6,2,195.8,2,3,4,1,2,1,5.0,2017.0,4.0,11.0,19
1,2,188.0,1,3,2,1,1,1,5.0,2017.0,7.0,6.0,9
3,2,254.2,1,3,4,1,1,5,1.0,2022.0,5.0,7.0,19
7,2,212.3,2,4,2,1,2,10,5.0,2017.0,3.0,12.0,19
2,2,465.5,1,2,4,1,1,5,5.0,2022.0,4.0,7.0,14
4,2,162.0,1,2,4,2,3,5,1.0,2017.0,7.0,6.0,0
4,2,424.5,1,1,4,1,1,6,5.0,2017.0,7.0,6.0,13
7,2,216.4,2,3,2,1,1,5,5.0,2017.0,1.0,10.0,9
7,1,496.75,1,2,4,1,1,5,5.0,2017.0,7.0,6.0,22
5,2,274.8,2,3,4,1,1,11,5.0,2017.0,7.0,6.0,17
3,2,491.9,1,2,4,1,1,11,5.0,2017.0,7.0,6.0,18
1,2,402.22,2,3,4,1,1,5,5.0,2015.0,7.0,12.0,6
7,2,452.52,1,2,4,1,3,6,5.0,2015.0,4.0,1.0,13
6,2,505.2,2,2,4,1,1,9,5.0,2016.0,12.0,3.0,0
7,2,244.1,1,2,4,1,1,8,5.0,2017.0,7.0,6.0,21
4,2,222.4,2,3,4,4,3,1,5.0,2017.0,7.0,6.0,5
4,2,472.2,1,2,4,1,1,1,5.0,2017.0,7.0,6.0,14
7,2,24.0,1,4,4,1,1,3,5.0,2017.0,7.0,6.0,5
1,2,403.2,2,3,4,1,1,6,5.0,2017.0,7.0,6.0,19
7,2,187.8,2,2,2,2,10,5,1.0,2014.0,8.0,6.0,12
1,2,679.095,2,2,4,1,1,1,5.0,2022.0,4.0,9.0,4
7,1,58.84,2,2,4,1,1,1,5.0,2022.0,2.0,7.0,9
2,1,496.55,2,3,4,1,1,5,1.0,2017.0,2.0,5.0,15
3,1,498.2,1,3,4,1,1,1,5.0,2017.0,7.0,6.0,10
3,2,38.06,2,3,4,1,1,1,5.0,2017.0,7.0,6.0,10
3,2,112.0,1,3,4,1,1,5,5.0,2022.0,5.0,7.0,17
6,2,35.45,1,1,4,1,1,6,5.0,2023.0,1.0,9.0,8
2,2,209.4,2,3,4,2,1,5,5.0,2018.0,9.0,1.0,9
7,2,449.4,2,2,4,1,3,5,5.0,2017.0,10.0,12.0,1
6,2,445.02,1,3,4,1,2,5,5.0,2017.0,7.0,6.0,10
4,2,222.4,1,2,2,2,10,5,5.0,2017.0,7.0,6.0,18
7,2,151.35,2,4,4,2,1,1,5.0,2017.0,8.0,10.0,9
3,2,211.5,1,2,2,4,12,6,1.0,2014.0,4.0,6.0,5
3,2,166.6,2,2,2,2,3,1,5.0,2017.0,7.0,6.0,18
7,2,109.75,1,4,4,1,1,1,5.0,2022.0,9.0,7.0,15
5,2,212.6,1,2,4,4,1,5,13.0,2017.0,7.0,6.0,10
2,2,208.95,2,2,2,1,1,11,5.0,2017.0,7.0,6.0,5
3,2,97.5,1,2,4,1,1,1,5.0,2022.0,7.0,6.0,18
3,1,496.5,1,2,4,1,10,6,5.0,2015.0,6.0,5.0,22
6,2,176.3,1,2,2,3,9,5,5.0,2013.0,7.0,12.0,4
5,2,404.22,1,3,4,1,1,5,5.0,2017.0,7.0,6.0,5
6,2,200.2,2,2,4,1,1,1,5.0,2022.0,3.0,6.0,8
1,2,169.9,1,2,3,6,12,5,5.0,2017.0,7.0,6.0,18
3,2,136.6,2,2,4,1,1,15,6.0,2017.0,7.0,6.0,22
3,2,461.8,1,2,4,1,1,5,5.0,2017.0,7.0,6.0,3
3,2,452.75,1,3,4,1,1,1,5.0,2016.0,9.0,11.0,0
7,2,156.25,1,2,4,1,2,1,5.0,2018.0,2.0,12.0,12
6,2,231.0,2,4,2,1,3,2,1.0,2017.0,7.0,6.0,4
6,2,443.3,1,2,4,1,1,5,5.0,2017.0,7.0,6.0,4
1,2,452.35,2,2,4,1,1,5,5.0,2017.0,7.0,6.0,19
5,2,488.7,1,3,4,1,1,6,5.0,2017.0,7.0,6.0,16
3,2,514.0,1,3,4,1,1,11,5.0,2015.0,11.0,3.0,21
6,2,39.65,2,2,4,1,1,6,5.0,2023.0,12.0,5.0,18
3,2,512.6,2,2,4,1,1,9,5.0,2016.0,12.0,10.0,4
6,2,235.0,2,2,2,1,10,6,6.0,2014.0,10.0,5.0,6
5,2,243.8,1,2,4,1,1,6,5.0,2017.0,7.0,6.0,11
3,2,228.5,2,4,4,1,2,5,5.0,2017.0,7.0,6.0,20
4,2,250.2,1,3,4,1,1,1,10.0,2017.0,7.0,6.0,23
4,2,191.0,2,2,4,3,3,1,6.0,2015.0,11.0,6.0,0
4,2,422.52,2,3,4,1,1,5,6.0,2016.0,1.0,12.0,19
5,2,31.3,2,5,4,1,1,1,5.0,2023.0,6.0,4.0,23
5,2,669.525,2,2,4,1,1,5,5.0,2022.0,9.0,6.0,2
6,2,209.4,2,2,2,4,8,5,10.0,2014.0,1.0,2.0,1
2,1,494.3,1,3,4,1,1,5,5.0,2017.0,4.0,4.0,6
1,2,151.5,2,3,2,2,3,6,5.0,2017.0,9.0,1.0,1
1,2,243.0,1,4,4,1,2,1,5.0,2017.0,7.0,6.0,16
5,2,411.0,2,2,4,1,1,5,5.0,2017.0,7.0,6.0,22
5,2,504.5,2,2,4,1,1,11,5.0,2017.0,7.0,6.0,5
5,2,219.9,1,2,2,1,1,11,5.0,2017.0,7.0,6.0,5
2,2,180.6,1,2,2,1,1,1,5.0,2017.0,7.0,6.0,5
2,2,23.87,2,4,4,1,1,6,5.0,2017.0,7.0,6.0,20
6,2,224.6,1,2,2,4,12,6,5.0,2014.0,11.0,1.0,9
5,2,415.92,2,1,4,1,1,9,5.0,2017.0,7.0,6.0,22
6,2,513.0,1,2,4,1,1,5,5.0,2015.0,5.0,12.0,11
2,2,438.86,2,4,4,1,1,9,5.0,2017.0,7.0,6.0,12
6,2,189.6,2,2,2,2,2,6,5.0,2017.0,11.0,3.0,17
1,2,421.45,1,3,4,1,10,1,5.0,2015.0,1.0,6.0,14
1,2,69.34,1,4,4,1,1,6,5.0,2022.0,12.0,6.0,13
3,1,501.25,2,2,4,1,1,5,5.0,2017.0,7.0,6.0,8
2,2,202.6,1,2,4,1,3,3,5.0,2017.0,7.0,6.0,5
3,2,25.5,1,2,4,1,1,1,1.0,2017.0,7.0,6.0,9
2,2,500.45,1,3,4,1,1,5,5.0,2017.0,7.0,6.0,11
1,1,499.25,1,2,4,1,1,6,5.0,2017.0,7.0,6.0,4
4,2,159.9,1,4,2,1,1,1,5.0,2017.0,6.0,7.0,5
3,2,57.2,1,3,4,1,1,5,5.0,2017.0,7.0,6.0,11
6,2,492.4,1,4,4,1,1,9,5.0,2017.0,7.0,6.0,7
5,2,264.2,1,3,4,1,1,11,5.0,2017.0,7.0,6.0,3
4,2,233.1,1,3,2,4,7,5,5.0,2014.0,10.0,7.0,22
7,2,437.12,2,1,4,1,1,6,5.0,2017.0,7.0,6.0,17
6,2,158.4,2,4,4,1,1,1,5.0,2022.0,8.0,7.0,23
1,2,19.395,1,2,4,1,1,6,5.0,2017.0,7.0,6.0,13
5,2,320.58,2,2,4,1,1,1,5.0,2017.0,7.0,6.0,5
3,2,210.6,2,2,4,1,2,5,5.0,2017.0,7.0,6.0,22
7,2,241.4,1,4,4,1,1,11,5.0,2015.0,5.0,4.0,16
2,2,488.6,1,2,4,1,1,11,9.0,2017.0,7.0,6.0,8
1,2,130.6,2,5,4,1,1,1,5.0,2017.0,7.0,6.0,18
7,2,113.3,1,2,4,1,1,11,5.0,2017.0,7.0,6.0,23
7,2,248.0,2,2,4,1,1,5,5.0,2017.0,7.0,6.0,14
4,2,85.85,1,2,4,1,5,5,5.0,2022.0,10.0,8.0,16
2,1,496.3,1,3,4,1,1,8,5.0,2016.0,5.0,4.0,23
6,2,511.9,2,3,4,1,2,5,5.0,2017.0,7.0,6.0,4
4,2,169.2,1,3,4,1,1,1,5.0,2017.0,7.0,6.0,16
4,2,492.35,2,3,4,1,1,11,5.0,2017.0,7.0,6.0,12
3,2,427.18,2,2,4,1,1,6,5.0,2017.0,7.0,6.0,1
5,2,154.1,1,2,2,4,10,11,5.0,2017.0,7.0,6.0,7
3,2,203.4,2,2,2,1,2,5,5.0,2017.0,7.0,6.0,20
7,2,116.5,2,2,4,1,1,11,6.0,2017.0,7.0,6.0,16
1,2,185.4,2,2,2,2,1,1,5.0,2017.0,7.0,6.0,3
7,1,500.11,1,2,4,1,1,5,1.0,2017.0,7.0,6.0,1
3,1,492.05,2,2,4,1,4,6,5.0,2017.0,7.0,6.0,6
3,2,405.0,2,3,4,1,1,1,5.0,2017.0,7.0,6.0,11
6,2,491.9,1,1,4,1,1,1,6.0,2017.0,7.0,6.0,22
2,2,228.0,1,3,2,1,10,1,5.0,2017.0,7.0,6.0,7
5,2,436.16,2,3,4,1,5,6,5.0,2017.0,7.0,6.0,23
5,2,170.5,1,3,2,1,1,3,5.0,2017.0,7.0,6.0,10
4,2,202.6,2,3,4,1,1,1,5.0,2018.0,10.0,5.0,6
3,2,465.5,2,2,4,1,3,6,5.0,2022.0,6.0,9.0,12
5,2,403.7,1,3,4,1,1,1,5.0,2017.0,10.0,2.0,7
4,1,501.25,1,2,4,1,1,6,5.0,2017.0,7.0,6.0,22
5,2,212.0,1,3,4,1,1,5,5.0,2018.0,8.0,6.0,0
1,2,507.25,2,3,4,1,1,5,5.0,2015.0,2.0,11.0,0
2,2,510.4,1,2,4,1,1,5,5.0,2017.0,4.0,4.0,1
5,2,188.1,2,3,4,1,1,6,5.0,2017.0,7.0,6.0,11
1,2,80.6,1,2,4,1,3,5,5.0,2017.0,7.0,6.0,2
5,2,470.0,2,2,4,1,1,5,5.0,2016.0,8.0,1.0,1
1,2,477.92,1,2,4,1,1,5,5.0,2017.0,11.0,12.0,3
1,2,18.895,2,2,4,1,1,6,5.0,2017.0,7.0,6.0,20
2,2,2.9,1,2,4,1,1,15,5.0,2017.0,7.0,6.0,3
7,2,491.5,2,2,4,1,1,5,5.0,2017.0,7.0,6.0,12
5,2,419.26,2,1,4,1,1,11,5.0,2017.0,7.0,6.0,3
3,2,511.25,2,3,4,1,1,9,5.0,2017.0,7.0,6.0,23
1,2,132.2,2,2,4,1,1,8,5.0,2022.0,10.0,7.0,16
6,2,225.3,1,4,2,1,1,1,5.0,2017.0,1.0,4.0,9
2,2,511.7,1,3,4,1,2,6,5.0,2017.0,7.0,6.0,3
1,2,504.25,2,3,4,1,1,9,5.0,2016.0,4.0,4.0,20
3,2,189.6,2,4,4,1,1,6,5.0,2017.0,4.0,10.0,4
7,2,411.48,2,2,4,1,1,1,5.0,2015.0,1.0,3.0,6
1,2,188.2,1,3,2,4,9,5,6.0,2013.0,2.0,12.0,5
4,2,171.9,2,1,2,1,3,6,5.0,2017.0,7.0,6.0,14
1,2,224.1,2,3,2,2,4,2,5.0,2017.0,7.0,6.0,8
6,1,500.65,2,2,4,1,1,6,5.0,2017.0,7.0,6.0,10
4,2,178.65,2,2,1,2,9,6,5.0,2014.0,2.0,1.0,5
3,2,496.1,1,1,4,1,2,9,5.0,2017.0,11.0,10.0,17
1,2,94.9,1,5,4,1,1,5,3.0,2017.0,7.0,6.0,18
4,2,170.3,2,1,4,1,3,6,9.0,2017.0,7.0,6.0,11
5,2,246.6,2,5,4,1,1,11,5.0,2017.0,7.0,6.0,20
1,2,411.48,1,3,4,1,4,5,1.0,2017.0,7.0,6.0,11
3,2,500.82,1,2,4,1,1,1,5.0,2017.0,7.0,6.0,11
6,2,184.5,1,2,2,1,2,6,5.0,2017.0,11.0,11.0,23
6,2,222.6,2,2,4,1,2,1,5.0,2017.0,7.0,6.0,15
6,1,504.8,2,4,4,1,1,12,8.0,2017.0,7.0,6.0,22
7,2,447.12,1,3,4,1,2,5,5.0,2017.0,7.0,6.0,6
1,1,492.25,1,2,4,1,1,11,5.0,2017.0,7.0,6.0,12
2,2,203.8,2,2,4,1,3,6,5.0,2017.0,7.0,6.0,2
6,2,491.62,2,4,4,1,1,5,5.0,2017.0,7.0,6.0,7
4,2,408.84,2,3,4,1,1,5,5.0,2015.0,2.0,4.0,5
7,1,496.55,1,2,4,1,1,11,5.0,2017.0,7.0,6.0,9
5,2,508.1,2,3,4,1,4,1,5.0,2017.0,7.0,6.0,3
4,1,494.1,2,2,4,1,1,1,5.0,2016.0,6.0,10.0,20
3,1,497.05,1,3,4,1,1,9,5.0,2016.0,10.0,2.0,0
3,2,217.4,1,2,2,2,1,14,5.0,2017.0,7.0,6.0,18
3,2,190.7,1,2,2,1,2,1,5.0,2017.0,7.0,6.0,12
3,2,213.6,1,2,2,1,4,6,5.0,2017.0,7.0,6.0,8
3,2,479.75,1,2,4,1,1,5,5.0,2016.0,8.0,6.0,7
1,2,403.6,1,3,4,1,3,9,5.0,2017.0,7.0,6.0,17
2,2,194.0,2,2,4,1,1,11,5.0,2017.0,7.0,6.0,2
7,2,229.9,1,3,4,1,2,6,5.0,2017.0,7.0,6.0,16
6,2,183.6,1,3,2,1,10,1,5.0,2014.0,5.0,7.0,2
1,2,219.8,1,2,2,2,10,5,6.0,2017.0,7.0,6.0,7
2,2,116.3,2,2,4,1,1,3,14.0,2017.0,7.0,6.0,2
7,2,186.5,1,2,4,2,2,10,5.0,2018.0,10.0,6.0,13
1,2,490.65,2,3,4,1,1,6,5.0,2017.0,7.0,6.0,15
4,2,417.9,2,3,4,1,1,1,5.0,2017.0,7.0,6.0,22
4,2,229.5,1,3,2,6,8,1,1.0,2017.0,7.0,6.0,11
7,2,478.85,2,3,4,1,10,5,3.0,2017.0,7.0,6.0,9
6,2,442.3,1,3,4,1,1,1,5.0,2017.0,7.0,6.0,5
3,2,129.8,2,2,4,1,1,6,6.0,2017.0,7.0,6.0,20
1,2,421.6,1,2,4,1,1,9,5.0,2016.0,7.0,3.0,21
5,2,139.5,2,3,4,1,1,10,5.0,2022.0,2.0,6.0,14
7,2,187.55,2,2,4,1,1,6,5.0,2017.0,7.0,6.0,12
7,2,241.8,2,1,2,4,10,11,5.0,2017.0,7.0,6.0,3
5,2,241.3,1,3,2,1,2,6,5.0,2017.0,10.0,2.0,15
5,2,431.0,2,3,4,1,2,5,5.0,2017.0,7.0,6.0,22
1,2,432.0,2,3,4,1,1,6,5.0,2017.0,7.0,6.0,17
5,2,423.72,2,3,4,1,1,1,5.0,2017.0,7.0,6.0,23
3,2,490.5,1,2,4,1,1,11,5.0,2017.0,7.0,6.0,10
7,2,434.2,1,1,4,1,1,6,5.0,2017.0,7.0,6.0,0
4,2,427.72,1,3,4,1,1,5,5.0,2017.0,11.0,5.0,0
7,1,494.8,1,3,4,1,1,5,5.0,2017.0,7.0,6.0,3
3,2,482.9,2,2,4,1,3,6,5.0,2017.0,7.0,6.0,0
5,2,237.6,1,2,2,4,9,2,5.0,2017.0,7.0,6.0,6
4,2,12.39,2,1,4,1,1,6,6.0,2017.0,7.0,6.0,16
2,1,502.2,1,2,4,1,1,6,5.0,2017.0,12.0,9.0,12
2,2,168.4,2,3,2,4,11,9,11.0,2017.0,7.0,6.0,5
3,2,420.6,2,3,4,1,2,11,9.0,2017.0,11.0,10.0,11
3,2,500.15,2,3,4,1,1,6,5.0,2017.0,7.0,6.0,20
3,2,463.95,2,2,4,2,1,5,5.0,2017.0,7.0,6.0,18
1,2,106.0,2,2,4,1,1,1,5.0,2017.0,7.0,6.0,16
1,1,23.32,2,2,4,1,1,6,5.0,2017.0,7.0,6.0,20
1,2,220.0,2,2,2,1,2,6,6.0,2014.0,7.0,7.0,1
5,2,483.55,2,2,4,1,1,5,6.0,2015.0,11.0,9.0,16
6,2,509.417,2,2,4,1,10,9,5.0,2015.0,9.0,5.0,22
1,2,18.945,2,2,4,1,1,6,5.0,2022.0,12.0,6.0,9
6,2,123.8,2,5,4,1,1,11,1.0,2022.0,11.0,11.0,4
4,2,39.52,1,2,4,1,1,1,5.0,2017.0,7.0,6.0,9
7,2,188.0,1,2,1,1,2,5,5.0,2017.0,7.0,6.0,18
4,2,454.2,2,3,4,1,4,5,5.0,2016.0,8.0,9.0,6
4,2,219.5,2,2,4,4,2,6,5.0,2015.0,12.0,3.0,21
5,2,187.6,2,3,4,2,11,1,5.0,2017.0,7.0,6.0,4
4,1,494.45,1,3,4,1,1,9,5.0,2016.0,10.0,11.0,11
1,2,486.5,2,3,4,1,2,5,5.0,2016.0,11.0,7.0,9
5,2,157.05,1,3,4,1,2,5,5.0,2017.0,4.0,8.0,12
5,2,178.2,2,2,2,3,8,5,5.0,2017.0,7.0,6.0,18
4,1,495.7,1,3,4,1,1,1,5.0,2017.0,7.0,6.0,13
7,2,199.595,1,2,4,1,1,6,5.0,2017.0,7.0,6.0,11
1,2,517.2,2,3,4,1,1,1,5.0,2017.0,7.0,6.0,10
1,2,179.6,1,3,4,1,1,8,5.0,2022.0,3.0,7.0,12
7,2,162.2,1,3,2,2,1,1,5.0,2017.0,12.0,3.0,0
2,1,499.1,2,2,4,1,2,11,6.0,2017.0,10.0,10.0,20
7,2,437.56,1,1,4,1,1,6,5.0,2016.0,11.0,9.0,16
5,2,428.505,1,3,4,1,3,6,5.0,2017.0,7.0,6.0,14
1,2,193.9,1,3,4,7,1,6,6.0,2017.0,7.0,6.0,15
5,2,460.84,2,2,4,1,1,6,5.0,2017.0,5.0,5.0,19
2,2,414.94,2,3,4,1,1,6,5.0,2017.0,7.0,6.0,19
5,2,152.2,1,2,2,2,12,5,6.0,2017.0,7.0,6.0,10
7,2,139.6,2,2,4,1,1,1,6.0,2017.0,7.0,6.0,9
3,1,494.25,1,3,4,1,1,9,5.0,2017.0,7.0,6.0,5
3,1,494.7,2,2,4,1,1,5,6.0,2015.0,11.0,3.0,7
1,2,31.76,2,2,4,1,1,11,5.0,2017.0,7.0,6.0,22
3,2,510.05,1,3,4,1,1,5,5.0,2015.0,4.0,11.0,22
1,2,38.4,1,2,4,1,1,6,5.0,2017.0,7.0,6.0,6
2,2,450.18,2,3,4,1,1,5,5.0,2017.0,7.0,6.0,23
4,2,208.8,2,3,2,1,8,1,5.0,2014.0,3.0,4.0,4
3,2,151.6,2,2,2,3,1,14,6.0,2014.0,10.0,9.0,18
4,2,210.8,1,3,2,2,1,9,5.0,2017.0,7.0,6.0,17
2,2,225.4,2,4,4,1,2,5,5.0,2018.0,10.0,4.0,12
3,2,501.85,2,3,4,1,1,5,5.0,2016.0,8.0,6.0,12
3,2,234.1,2,2,2,4,9,6,6.0,2017.0,7.0,6.0,10
6,2,171.6,2,2,2,1,12,6,1.0,2017.0,7.0,6.0,0
2,2,196.1,2,3,4,1,1,1,5.0,2017.0,7.0,6.0,5
7,2,506.2,2,3,4,1,2,1,5.0,2016.0,3.0,7.0,0
3,1,495.5,2,2,4,1,1,5,5.0,2017.0,7.0,6.0,22
5,2,177.0,2,2,2,4,3,11,5.0,2017.0,7.0,6.0,5
5,2,41.18,2,2,4,1,1,5,5.0,2017.0,7.0,6.0,12
2,2,415.2,2,3,4,1,1,5,3.0,2017.0,7.0,6.0,5
4,2,162.6,1,4,4,1,2,5,5.0,2017.0,9.0,11.0,12
2,2,161.9,2,2,4,1,1,6,5.0,2017.0,7.0,6.0,5
1,2,458.92,2,2,4,1,1,5,5.0,2017.0,8.0,5.0,19
1,2,164.4,1,3,2,3,2,5,14.0,2017.0,7.0,6.0,1
7,2,480.35,1,3,4,1,1,5,5.0,2017.0,7.0,6.0,22
3,2,473.3,1,2,4,1,1,1,5.0,2017.0,7.0,6.0,9
7,2,188.0,1,1,4,1,10,14,5.0,2015.0,8.0,3.0,17
5,1,501.4,1,3,4,1,1,9,5.0,2017.0,3.0,2.0,15
7,1,149.7,1,3,4,1,1,1,6.0,2022.0,1.0,10.0,13
2,1,484.97,1,1,4,1,4,6,5.0,2017.0,7.0,6.0,21
1,1,496.65,2,3,4,1,3,5,5.0,2017.0,7.0,6.0,6
7,1,501.95,1,2,4,1,1,9,5.0,2017.0,7.0,6.0,6
6,2,41.23,1,4,4,1,1,7,5.0,2017.0,7.0,6.0,0
6,2,493.55,2,2,4,1,1,1,5.0,2017.0,7.0,6.0,11
4,2,219.5,1,4,4,1,1,5,5.0,2017.0,7.0,6.0,5
6,1,501.45,1,3,4,1,11,3,5.0,2017.0,7.0,6.0,5
3,2,488.05,1,3,4,1,1,11,5.0,2017.0,7.0,6.0,18
7,2,465.5,2,2,4,1,1,5,5.0,2017.0,7.0,6.0,9
6,2,490.2,1,2,4,1,1,5,5.0,2017.0,7.0,6.0,3
2,2,152.5,1,3,4,2,2,6,5.0,2017.0,7.0,6.0,13
3,2,479.8,1,5,4,1,1,5,5.0,2017.0,7.0,6.0,12
7,2,224.6,1,3,4,1,2,6,5.0,2017.0,7.0,6.0,21
5,2,506.6,1,3,4,1,2,1,5.0,2017.0,7.0,6.0,22
7,1,497.75,1,3,4,1,1,3,5.0,2017.0,3.0,9.0,3
7,2,183.7,2,1,2,4,8,9,5.0,2014.0,7.0,9.0,20
3,2,426.6,2,2,4,1,1,6,5.0,2017.0,8.0,11.0,18
3,1,491.11,2,1,4,1,1,1,5.0,2017.0,3.0,5.0,7
5,1,490.15,2,2,4,1,11,6,5.0,2017.0,7.0,6.0,21
5,2,219.8,1,2,4,3,3,6,6.0,2017.0,7.0,6.0,3
6,2,177.0,2,3,4,5,1,5,6.0,2017.0,7.0,6.0,7
5,2,433.54,1,3,4,1,1,1,1.0,2017.0,7.0,6.0,19
4,2,165.8,1,3,4,2,2,10,1.0,2017.0,7.0,6.0,19
3,2,183.5,1,2,2,1,1,5,5.0,2017.0,7.0,6.0,20
5,2,48.9,1,3,4,1,1,7,5.0,2017.0,7.0,6.0,12
5,2,458.3,1,2,4,1,1,8,5.0,2017.0,7.0,6.0,13
7,2,462.3,1,3,4,1,1,5,5.0,2017.0,7.0,6.0,9
3,1,496.1,1,3,4,1,10,6,5.0,2015.0,10.0,6.0,13
3,2,719.995,2,2,4,1,1,6,5.0,2022.0,6.0,9.0,5
6,2,414.32,1,3,4,1,10,1,5.0,2017.0,7.0,6.0,19
4,2,158.2,1,3,4,3,2,14,14.0,2017.0,7.0,6.0,1
5,2,407.94,1,4,4,1,1,1,5.0,2016.0,11.0,11.0,6
4,2,703.595,2,2,4,1,1,1,5.0,2017.0,7.0,6.0,15
4,2,211.6,2,2,4,1,2,1,5.0,2017.0,7.0,6.0,15
5,1,493.35,1,2,4,1,3,6,5.0,2015.0,2.0,1.0,9
6,2,706.195,2,2,4,1,1,1,5.0,2017.0,7.0,6.0,16
4,2,476.75,2,2,4,1,1,5,5.0,2016.0,3.0,11.0,15
4,2,166.1,1,2,4,1,2,2,5.0,2017.0,7.0,6.0,9
6,2,187.5,2,3,2,4,10,5,1.0,2013.0,7.0,12.0,10
2,1,498.6,1,3,4,1,1,6,5.0,2017.0,7.0,6.0,0
7,2,235.1,2,2,4,1,2,11,5.0,2017.0,5.0,11.0,16
3,2,467.38,2,3,4,1,1,1,5.0,2017.0,7.0,6.0,15
6,1,490.9,1,3,4,1,1,6,5.0,2017.0,7.0,6.0,15
4,2,436.65,2,3,4,1,1,5,5.0,2017.0,7.0,6.0,15
6,2,139.6,1,2,4,1,1,1,5.0,2017.0,7.0,6.0,0
4,2,235.0,2,1,2,1,3,1,6.0,2014.0,11.0,9.0,8
3,1,498.0,2,2,4,1,1,6,5.0,2017.0,7.0,6.0,3
4,1,497.4,2,3,4,1,1,6,5.0,2016.0,8.0,12.0,19
5,2,215.8,2,2,2,4,1,11,5.0,2017.0,5.0,5.0,18
5,1,456.85,1,3,4,1,1,6,1.0,2015.0,10.0,4.0,23
2,2,488.9,1,3,4,1,1,6,5.0,2017.0,4.0,4.0,19
1,2,478.9,2,2,4,1,1,5,5.0,2017.0,4.0,12.0,18
7,2,180.6,2,2,2,1,8,5,5.0,2017.0,7.0,6.0,22
4,2,513.15,1,2,4,1,1,5,5.0,2017.0,7.0,6.0,8
6,1,495.6,1,2,4,1,2,11,5.0,2017.0,11.0,3.0,20
1,2,162.5,2,2,4,1,1,8,5.0,2022.0,12.0,6.0,14
4,2,126.3,2,2,4,1,1,1,6.0,2022.0,7.0,9.0,8
2,2,452.3,2,3,4,1,1,6,5.0,2017.0,7.0,6.0,19
2,2,227.25,2,2,4,3,1,1,1.0,2017.0,7.0,6.0,20
4,2,156.4,2,2,2,1,10,5,5.0,2017.0,7.0,6.0,15
3,2,221.2,2,3,2,2,2,6,5.0,2017.0,7.0,6.0,5
6,2,412.2,1,3,4,1,1,5,5.0,2017.0,7.0,6.0,6
7,2,465.84,2,3,4,1,1,3,5.0,2017.0,7.0,6.0,8
3,2,53.7,2,3,4,1,1,1,5.0,2023.0,3.0,10.0,8
4,2,450.16,1,2,4,1,1,5,5.0,2017.0,7.0,6.0,7
5,2,475.51,2,3,4,1,1,5,5.0,2017.0,3.0,3.0,11
5,2,500.6,2,3,4,1,1,6,5.0,2017.0,7.0,6.0,22
3,2,432.8,2,2,4,1,4,1,5.0,2017.0,7.0,6.0,10
2,1,496.35,1,2,4,1,1,6,5.0,2017.0,7.0,6.0,12
1,1,499.0,1,3,4,1,4,5,3.0,2016.0,5.0,9.0,10
4,2,450.6,1,3,4,1,1,6,5.0,2017.0,7.0,6.0,8
7,2,52.564,1,3,4,1,1,1,5.0,2017.0,7.0,6.0,6
1,1,497.5,2,2,4,1,10,9,5.0,2017.0,7.0,6.0,12
3,2,188.1,1,3,4,1,2,1,5.0,2017.0,7.0,6.0,23
7,2,413.54,2,3,4,1,1,1,5.0,2017.0,7.0,6.0,6
4,2,270.6,1,3,4,1,1,11,5.0,2017.0,7.0,6.0,12
3,2,156.1,2,1,4,3,1,5,13.0,2015.0,8.0,4.0,20
4,2,478.25,2,2,4,1,1,1,5.0,2017.0,7.0,6.0,23
2,2,46.0,1,2,4,1,1,1,5.0,2023.0,10.0,4.0,14
3,2,421.1,1,3,4,1,10,5,5.0,2015.0,6.0,5.0,7
7,2,166.8,1,1,2,2,1,6,5.0,2017.0,8.0,1.0,20
6,2,137.2,1,2,4,1,1,9,5.0,2022.0,3.0,6.0,18
6,1,402.3,1,3,4,1,1,6,5.0,2017.0,7.0,6.0,14
7,2,203.0,2,2,2,3,3,5,5.0,2014.0,5.0,10.0,9
1,2,118.9,2,2,4,1,1,3,15.0,2022.0,4.0,9.0,3
3,2,461.7,2,3,4,1,1,11,5.0,2017.0,7.0,6.0,7
1,2,223.0,1,3,4,1,2,5,6.0,2017.0,7.0,6.0,17
5,2,256.0,2,3,4,1,1,7,5.0,2017.0,7.0,6.0,17
4,1,496.5,2,2,4,1,1,6,5.0,2017.0,7.0,6.0,14
2,2,222.6,1,2,4,2,2,5,5.0,2017.0,7.0,6.0,16
4,1,498.9,2,3,4,1,1,6,5.0,2017.0,11.0,5.0,17
4,2,247.9,2,2,4,1,5,8,5.0,2017.0,7.0,6.0,9
6,2,220.6,2,2,4,1,1,1,5.0,2018.0,5.0,5.0,8
3,2,193.6,1,2,2,3,3,9,11.0,2017.0,7.0,6.0,15
7,2,204.7,2,1,2,1,1,1,5.0,2017.0,7.0,6.0,19
4,2,101.22,1,2,4,1,1,11,5.0,2017.0,7.0,6.0,4
7,1,496.15,2,2,4,1,1,11,6.0,2017.0,12.0,3.0,11
3,2,228.9,2,3,4,1,2,1,5.0,2017.0,7.0,6.0,15
7,2,185.1,1,2,4,1,1,5,5.0,2018.0,7.0,1.0,2
5,2,434.0,2,3,4,1,1,1,5.0,2017.0,7.0,6.0,18
1,2,179.2,1,2,4,1,2,11,1.0,2015.0,11.0,5.0,17
5,2,500.0,2,3,4,1,1,11,5.0,2017.0,7.0,6.0,21
2,1,513.45,2,2,4,1,1,6,5.0,2015.0,6.0,1.0,23
5,2,210.689,1,4,4,1,1,5,5.0,2017.0,7.0,6.0,22
5,1,494.25,1,3,4,1,1,6,5.0,2017.0,7.0,6.0,7
4,2,519.85,2,3,4,1,1,5,5.0,2017.0,7.0,6.0,12
6,2,242.6,2,2,4,1,2,14,5.0,2017.0,9.0,12.0,15
7,1,493.3,2,2,4,1,1,11,5.0,2017.0,7.0,6.0,3
3,2,192.3,2,2,2,8,9,1,5.0,2014.0,12.0,2.0,10
6,2,507.9,2,2,4,1,3,1,5.0,2017.0,7.0,6.0,12
1,1,497.75,1,3,4,1,1,9,5.0,2017.0,7.0,6.0,2
4,2,434.46,1,3,4,1,1,9,5.0,2016.0,6.0,10.0,22
5,2,216.0,2,3,2,8,10,1,5.0,2017.0,7.0,6.0,6
6,1,492.95,2,3,4,1,1,9,5.0,2017.0,7.0,6.0,21
5,2,240.05,2,2,4,2,1,14,5.0,2018.0,2.0,3.0,11
4,2,189.7,2,2,4,1,2,5,5.0,2017.0,7.0,6.0,21
3,1,496.3,2,3,4,1,1,1,8.0,2017.0,7.0,6.0,13
7,2,198.6,2,3,4,1,1,1,5.0,2017.0,7.0,6.0,17
6,2,109.15,1,5,4,1,1,1,5.0,2022.0,11.0,11.0,10
3,2,236.3,2,2,4,1,1,8,8.0,2017.0,7.0,6.0,15
2,2,239.8,2,3,4,1,1,8,5.0,2022.0,6.0,6.0,23
6,2,510.1,1,3,4,1,1,1,5.0,2017.0,10.0,6.0,23
5,2,248.8,2,2,4,1,1,6,5.0,2017.0,7.0,6.0,4
3,2,17.495,2,4,4,1,1,6,5.0,2022.0,5.0,7.0,11
2,2,231.0,2,2,4,1,2,15,5.0,2017.0,7.0,6.0,22
4,1,32.695,1,2,4,1,1,6,5.0,2017.0,7.0,6.0,1
5,2,55.95,1,2,4,1,1,5,5.0,2017.0,7.0,6.0,0
1,2,487.65,2,2,4,1,2,3,5.0,2017.0,7.0,6.0,7
2,1,498.5,1,3,1,1,1,5,5.0,2015.0,10.0,2.0,6
6,2,452.7,2,3,4,1,1,5,5.0,2015.0,12.0,9.0,11
1,2,457.96,1,3,4,1,1,6,5.0,2017.0,7.0,8.0,0
4,2,440.6,2,3,4,1,1,6,5.0,2017.0,5.0,10.0,23
2,2,236.6,1,1,4,1,2,1,5.0,2017.0,7.0,6.0,21
4,2,461.8,2,2,4,1,1,5,5.0,2017.0,7.0,6.0,6
5,2,39.44,2,3,4,1,1,1,5.0,2017.0,7.0,6.0,19
4,2,216.0,1,3,4,4,1,5,6.0,2017.0,7.0,6.0,21
6,2,503.35,1,1,4,1,1,9,5.0,2015.0,7.0,11.0,15
1,1,495.8,2,3,4,1,1,5,1.0,2017.0,6.0,3.0,17
2,2,70.8,2,2,4,1,1,11,5.0,2017.0,7.0,6.0,12
3,2,217.8,1,2,4,1,1,5,1.0,2015.0,6.0,5.0,21
2,2,400.575,2,2,4,1,1,11,5.0,2022.0,11.0,7.0,16
6,2,506.85,2,2,4,1,1,1,5.0,2017.0,7.0,6.0,0
4,2,77.565,2,2,4,1,1,1,5.0,2022.0,8.0,6.0,17
4,2,504.45,1,3,4,1,1,6,5.0,2017.0,1.0,6.0,22
6,2,217.55,2,3,2,4,10,1,5.0,2017.0,7.0,6.0,12
2,2,428.72,1,3,4,1,1,1,5.0,2017.0,3.0,1.0,8
2,2,144.35,1,5,4,1,1,1,5.0,2017.0,7.0,6.0,0
3,2,479.25,2,3,4,1,2,1,7.0,2017.0,7.0,6.0,7
2,2,194.3,1,2,4,1,1,5,5.0,2018.0,8.0,5.0,0
3,2,430.18,2,2,4,1,10,6,5.0,2017.0,7.0,6.0,12
3,2,138.25,2,2,4,1,1,3,5.0,2017.0,7.0,6.0,1
6,2,237.95,2,4,4,1,2,15,5.0,2017.0,7.0,6.0,16
3,2,187.5,2,3,2,4,1,14,1.0,2017.0,7.0,6.0,19
5,2,506.8,1,2,4,1,1,1,5.0,2017.0,7.0,6.0,2
2,2,152.4,1,3,4,1,2,1,5.0,2017.0,7.0,6.0,18
4,1,490.85,2,4,4,1,1,5,5.0,2017.0,7.0,6.0,3
3,2,112.6,2,2,4,1,1,1,9.0,2017.0,7.0,6.0,19
1,2,711.195,2,2,4,1,1,5,5.0,2022.0,10.0,7.0,10
5,2,23.01,2,2,4,1,1,11,5.0,2017.0,7.0,6.0,11
7,2,440.46,1,2,4,1,1,11,5.0,2017.0,7.0,6.0,19
7,2,205.23,2,2,4,1,1,1,5.0,2022.0,2.0,7.0,10
5,2,173.2,1,3,2,1,10,14,6.0,2017.0,7.0,6.0,3
5,2,210.689,2,4,4,1,1,5,5.0,2017.0,7.0,6.0,22
2,2,26.56,2,2,4,1,1,1,5.0,2022.0,4.0,7.0,3
7,2,185.6,2,4,4,1,1,6,5.0,2017.0,7.0,6.0,16
2,2,184.2,1,3,4,4,1,6,5.0,2017.0,7.0,6.0,11
5,2,152.4,2,2,4,2,2,14,5.0,2017.0,7.0,6.0,14
5,2,400.575,1,2,4,1,1,1,5.0,2022.0,11.0,8.0,14
3,2,190.6,1,2,2,2,3,11,5.0,2014.0,5.0,3.0,12
1,1,489.3,2,2,4,1,2,6,5.0,2015.0,3.0,8.0,12
1,2,169.6,1,2,4,4,2,3,5.0,2017.0,7.0,6.0,17
1,2,185.3,1,2,4,4,2,1,5.0,2017.0,7.0,6.0,21
4,2,59.0,1,2,4,1,1,1,5.0,2017.0,7.0,6.0,9
4,2,210.2,2,2,4,2,2,1,1.0,2015.0,11.0,6.0,17
2,2,193.6,2,2,2,4,10,1,3.0,2017.0,7.0,6.0,7
6,2,197.4,1,3,4,3,11,10,6.0,2017.0,7.0,6.0,1
7,2,178.45,2,3,4,1,1,5,5.0,2017.0,7.0,6.0,16
2,2,469.9,2,3,4,1,3,1,5.0,2017.0,7.0,6.0,5
5,2,465.7,1,3,4,1,4,5,5.0,2017.0,7.0,6.0,17
5,2,232.0,1,2,3,1,8,1,5.0,2017.0,7.0,6.0,11
1,2,189.0,2,3,4,3,3,10,6.0,2017.0,7.0,6.0,10
1,2,414.0,2,3,4,1,10,1,5.0,2015.0,11.0,5.0,0
2,2,504.4,1,2,4,2,1,6,5.0,2017.0,7.0,6.0,15
5,2,488.35,2,3,4,1,1,5,5.0,2017.0,7.0,6.0,7
1,2,435.15,1,3,4,1,1,6,5.0,2015.0,9.0,2.0,4
3,2,175.5,1,3,2,1,2,1,5.0,2018.0,10.0,1.0,23
7,2,18.6,1,2,4,1,5,1,5.0,2017.0,7.0,6.0,8
7,2,479.66,1,3,4,1,1,5,5.0,2017.0,7.0,6.0,5
3,2,474.55,2,3,4,1,1,5,5.0,2017.0,7.0,6.0,0
1,2,500.4,2,2,4,1,1,11,5.0,2017.0,7.0,6.0,10
5,2,485.4,2,2,4,1,1,5,5.0,2016.0,2.0,12.0,7
4,2,107.05,2,5,4,1,1,14,5.0,2022.0,12.0,10.0,16
2,2,188.5,2,3,4,2,2,1,5.0,2017.0,7.0,6.0,20
3,2,224.6,1,3,2,4,9,7,1.0,2017.0,7.0,6.0,18
1,2,181.7,2,3,4,1,1,1,5.0,2017.0,7.0,6.0,7
6,2,481.6,2,1,4,1,1,6,5.0,2017.0,4.0,11.0,17
7,2,9.66,1,3,4,1,1,1,6.0,2017.0,7.0,6.0,17
3,2,429.12,1,2,4,1,1,6,6.0,2017.0,7.0,6.0,21
1,2,167.35,1,2,4,1,2,11,5.0,2017.0,7.0,6.0,17
3,1,494.94,2,2,4,1,1,11,5.0,2017.0,7.0,6.0,9
7,2,214.35,2,2,4,1,1,1,5.0,2017.0,7.0,6.0,19
3,2,249.2,2,3,4,1,1,10,5.0,2022.0,5.0,7.0,5
4,2,420.18,2,3,4,1,2,3,5.0,2017.0,7.0,6.0,2
6,2,177.9,1,2,4,1,1,11,5.0,2018.0,10.0,3.0,9
6,2,427.96,1,3,4,1,3,5,5.0,2017.0,7.0,6.0,12
4,2,485.3,2,3,4,1,1,9,5.0,2016.0,11.0,2.0,22
4,2,426.2,2,2,4,1,1,1,5.0,2017.0,7.0,6.0,22
7,1,140.2,1,3,4,1,1,6,15.0,2017.0,7.0,6.0,19
3,2,212.2,1,4,4,1,2,6,5.0,2017.0,7.0,6.0,20
6,1,495.1,2,2,4,1,4,6,5.0,2017.0,7.0,6.0,18
6,2,475.48,1,3,4,1,1,5,5.0,2016.0,1.0,10.0,5
5,2,479.5,1,2,4,1,4,1,5.0,2016.0,12.0,8.0,0
3,2,184.4,1,2,4,1,1,1,5.0,2017.0,7.0,6.0,3
1,2,175.6,2,3,4,1,1,6,5.0,2017.0,7.0,6.0,9
4,2,172.9,1,3,4,1,2,1,5.0,2017.0,7.0,6.0,16
2,2,181.7,2,2,4,1,2,6,5.0,2017.0,7.0,6.0,14
2,2,213.6,1,3,4,4,2,6,5.0,2018.0,2.0,1.0,13
3,2,171.4,1,2,2,1,10,1,5.0,2017.0,7.0,6.0,8
5,2,487.5,1,2,4,1,1,11,5.0,2017.0,7.0,6.0,16
7,2,280.6,2,4,4,1,1,5,5.0,2022.0,9.0,7.0,10
5,2,480.6,1,3,4,1,3,5,5.0,2017.0,7.0,6.0,7
4,2,221.8,1,2,4,1,3,1,5.0,2017.0,7.0,6.0,1
6,2,184.0,1,4,2,4,9,11,5.0,2014.0,5.0,4.0,11
1,2,217.5,2,4,4,1,2,6,5.0,2017.0,7.0,6.0,20
2,2,195.8,2,3,2,1,1,5,5.0,2017.0,7.0,6.0,5
2,2,467.24,1,2,4,1,4,5,1.0,2017.0,7.0,6.0,7
4,2,247.9,2,3,4,1,1,1,5.0,2017.0,7.0,6.0,21
7,2,481.85,2,3,4,1,1,9,5.0,2016.0,9.0,10.0,11
4,2,222.1,2,3,4,2,1,1,5.0,2017.0,7.0,6.0,9
1,2,210.2,2,3,2,1,2,5,5.0,2017.0,7.0,6.0,7
7,2,19.095,1,4,4,1,1,6,5.0,2022.0,2.0,7.0,16
1,2,433.74,1,2,4,1,1,5,5.0,2017.0,7.0,6.0,0
1,2,429.8,2,2,4,1,1,9,5.0,2017.0,7.0,6.0,8
5,2,163.8,2,3,4,1,2,5,5.0,2017.0,7.0,6.0,11
3,2,507.05,1,2,4,1,1,1,5.0,2017.0,12.0,7.0,21
1,2,212.8,2,3,2,1,2,3,5.0,2017.0,7.0,6.0,2
3,1,498.7,2,3,4,1,1,6,5.0,2017.0,7.0,6.0,15
5,2,165.4,1,2,2,2,2,6,5.0,2017.0,7.0,6.0,12
1,2,202.8,2,4,4,1,1,6,5.0,2017.0,7.0,6.0,5
2,2,185.5,1,1,4,2,2,1,5.0,2017.0,8.0,8.0,19
6,1,494.75,2,1,4,1,1,6,5.0,2016.0,8.0,10.0,22
6,2,443.4,1,3,4,1,1,3,5.0,2017.0,7.0,6.0,1
5,2,504.2,1,2,4,1,1,5,5.0,2017.0,7.0,6.0,1
4,2,13.48,2,2,4,1,1,6,5.0,2017.0,7.0,6.0,4
7,2,481.85,2,3,4,1,1,5,5.0,2017.0,7.0,6.0,0
6,2,400.575,2,2,4,1,1,1,5.0,2022.0,1.0,7.0,20
4,2,240.1,2,2,4,2,1,1,5.0,2018.0,12.0,4.0,6
4,2,173.3,1,3,4,4,4,1,1.0,2015.0,11.0,6.0,11
6,2,433.2,1,2,4,1,1,9,5.0,2017.0,4.0,3.0,17
6,2,215.5,1,3,4,1,2,6,5.0,2017.0,4.0,11.0,16
6,2,425.68,1,2,4,1,1,5,5.0,2015.0,10.0,10.0,11
7,2,185.3,1,1,4,2,2,5,9.0,2015.0,8.0,3.0,20
1,2,215.4,2,3,4,1,4,6,5.0,2017.0,7.0,6.0,6
1,2,215.0,1,1,4,1,2,5,6.0,2015.0,2.0,2.0,13
2,2,454.78,1,3,4,1,1,1,5.0,2017.0,9.0,5.0,7
2,2,676.195,1,2,4,1,1,6,5.0,2022.0,11.0,7.0,3
3,2,76.0,1,2,4,1,5,6,5.0,2022.0,6.0,9.0,4
4,1,498.6,1,3,4,1,1,5,6.0,2017.0,4.0,5.0,10
6,2,502.85,1,2,4,1,1,1,1.0,2017.0,7.0,6.0,19
7,1,491.4,1,2,4,1,1,6,5.0,2017.0,7.0,6.0,17
1,1,492.15,1,1,4,1,1,6,5.0,2017.0,4.0,9.0,23
7,2,150.0,1,2,4,1,1,11,5.0,2017.0,7.0,6.0,20
3,2,454.58,2,3,4,1,3,5,5.0,2017.0,7.0,6.0,15
3,2,433.2,1,2,4,1,1,2,5.0,2017.0,7.0,6.0,1
1,2,506.4,2,2,4,1,1,6,5.0,2016.0,8.0,2.0,5
1,2,170.1,2,2,2,1,10,1,5.0,2017.0,7.0,6.0,13
1,1,496.3,1,2,4,1,1,8,5.0,2015.0,5.0,10.0,19
5,2,215.8,1,2,2,1,10,11,5.0,2017.0,7.0,6.0,10
5,2,163.7,1,3,2,1,9,5,6.0,2013.0,1.0,11.0,11
6,2,431.7,2,3,4,1,1,6,5.0,2015.0,8.0,8.0,20
4,2,175.98,2,2,4,1,2,3,5.0,2017.0,7.0,6.0,12
6,2,171.1,2,2,4,1,1,11,5.0,2017.0,7.0,6.0,6
2,1,495.1,1,2,4,1,1,6,4.0,2017.0,7.0,6.0,12
1,2,122.2,1,2,4,1,1,6,5.0,2022.0,4.0,9.0,7
6,2,231.2,1,3,2,8,10,6,1.0,2017.0,7.0,6.0,16
2,2,492.3,2,3,4,1,1,9,5.0,2017.0,7.0,6.0,21
6,2,242.6,2,4,4,1,2,1,5.0,2018.0,7.0,4.0,23
6,2,439.38,2,3,4,1,1,5,5.0,2017.0,7.0,6.0,17
5,2,494.45,1,2,4,1,1,5,6.0,2017.0,7.0,6.0,16
1,2,433.46,1,2,4,1,1,5,5.0,2017.0,7.0,6.0,15
4,1,497.75,1,2,4,1,1,5,5.0,2017.0,7.0,6.0,7
5,2,189.6,1,3,4,1,2,5,5.0,2017.0,7.0,6.0,9
2,2,11.58,1,3,4,1,1,1,5.0,2023.0,9.0,10.0,11
1,2,400.575,2,2,4,1,1,11,5.0,2022.0,4.0,9.0,20
5,2,485.9,1,2,4,1,3,11,1.0,2017.0,7.0,6.0,22
5,2,465.04,1,2,4,1,1,1,5.0,2017.0,7.0,6.0,7
5,2,241.1,1,2,4,1,1,6,5.0,2017.0,7.0,6.0,23
4,2,167.5,1,1,4,1,2,5,6.0,2015.0,1.0,1.0,19
1,2,221.1,2,2,4,1,1,15,5.0,2017.0,7.0,6.0,11
2,2,179.75,2,4,4,1,1,6,5.0,2017.0,7.0,6.0,11
7,2,220.9,1,2,4,1,2,11,5.0,2017.0,7.0,6.0,17
5,2,34.595,2,2,4,1,1,6,5.0,2022.0,8.0,9.0,1
2,2,188.2,2,3,4,4,2,5,7.0,2017.0,7.0,6.0,13
3,2,470.3,1,2,4,1,1,11,1.0,2017.0,7.0,6.0,23
6,2,428.64,2,1,4,1,1,6,5.0,2017.0,7.0,6.0,18
2,2,230.0,2,2,2,4,2,5,5.0,2017.0,9.0,5.0,17
1,2,46.0,2,3,4,1,1,6,5.0,2023.0,9.0,4.0,19
3,2,170.1,2,2,2,1,10,14,5.0,2017.0,7.0,6.0,13
6,2,169.65,1,2,4,1,1,6,5.0,2017.0,7.0,6.0,18
1,2,466.4,2,3,4,1,1,5,3.0,2017.0,7.0,6.0,6
4,2,512.96,2,2,4,1,4,5,5.0,2017.0,3.0,8.0,5
4,2,433.42,1,2,4,1,1,5,5.0,2017.0,7.0,6.0,14
4,2,59.69,2,2,4,1,1,6,5.0,2022.0,6.0,7.0,8
2,2,429.82,2,4,4,1,1,1,5.0,2015.0,7.0,4.0,4
6,2,215.2,2,4,4,1,1,8,5.0,2022.0,8.0,7.0,20
5,2,262.1,2,2,4,1,1,1,5.0,2017.0,7.0,6.0,8
5,2,191.4,1,2,4,1,2,11,5.0,2018.0,4.0,5.0,17
2,2,672.095,1,2,4,1,1,1,5.0,2022.0,11.0,7.0,11
5,2,152.5,1,3,4,1,1,6,5.0,2017.0,7.0,6.0,2
2,2,196.25,1,2,2,1,2,1,5.0,2017.0,7.0,6.0,1
3,2,228.6,2,2,4,1,2,6,5.0,2018.0,12.0,12.0,13
3,2,408.3,2,2,4,1,1,5,5.0,2017.0,7.0,6.0,7
4,2,180.2,2,2,4,1,1,5,5.0,2017.0,7.0,6.0,2
6,2,130.4,2,5,4,1,1,1,1.0,2017.0,7.0,6.0,16
4,1,242.2,2,3,4,1,1,5,5.0,2022.0,1.0,6.0,12
7,2,226.4,2,3,4,1,2,1,5.0,2017.0,7.0,6.0,18
6,2,499.2,1,2,4,1,1,9,5.0,2016.0,6.0,8.0,20
4,2,474.76,1,3,4,1,1,1,5.0,2015.0,8.0,10.0,0
5,2,136.25,2,2,4,1,1,1,5.0,2022.0,2.0,6.0,14
6,2,185.15,2,3,4,2,1,1,5.0,2017.0,12.0,8.0,6
7,2,161.7,2,2,4,1,2,6,5.0,2017.0,7.0,6.0,23
3,2,163.2,2,2,4,1,1,5,5.0,2017.0,7.0,6.0,7
6,2,476.6,1,3,4,1,1,5,5.0,2017.0,7.0,6.0,9
6,2,422.76,1,3,4,1,1,1,5.0,2016.0,9.0,1.0,2
3,2,54.4,1,2,4,1,1,6,5.0,2023.0,5.0,9.0,12
6,2,201.1,1,2,4,1,1,8,5.0,2017.0,7.0,6.0,13
7,2,55.05,1,2,4,1,1,5,5.0,2017.0,7.0,6.0,7
5,2,495.2,1,2,4,1,1,9,5.0,2017.0,7.0,6.0,18
6,2,489.95,2,2,4,1,1,6,5.0,2015.0,3.0,10.0,11
4,2,156.8,1,3,4,1,1,1,5.0,2017.0,7.0,6.0,20
2,2,513.2,1,2,4,1,1,6,5.0,2016.0,6.0,12.0,1
2,2,220.9,2,2,2,4,10,1,5.0,2014.0,1.0,4.0,10
5,2,220.6,1,2,4,1,2,1,5.0,2018.0,11.0,5.0,23
4,2,243.0,1,1,2,1,1,5,5.0,2017.0,7.0,6.0,10
2,2,181.2,1,3,2,1,9,11,5.0,2017.0,7.0,6.0,1
2,1,494.95,1,2,4,1,1,5,5.0,2017.0,7.0,6.0,6
7,2,159.2,2,2,4,1,1,11,5.0,2022.0,4.0,6.0,1
3,1,498.7,2,2,4,1,1,5,5.0,2017.0,7.0,6.0,6
1,1,496.65,1,3,4,1,10,6,5.0,2015.0,11.0,5.0,21
5,1,498.6,1,3,4,1,1,5,5.0,2017.0,5.0,5.0,10
1,2,186.0,2,2,4,2,1,1,5.0,2017.0,6.0,11.0,1
2,2,190.2,2,2,4,1,1,6,5.0,2017.0,6.0,6.0,7
5,1,669.595,1,4,4,1,1,11,5.0,2022.0,11.0,8.0,9
5,2,230.2,1,3,2,4,10,1,6.0,2017.0,7.0,6.0,1
4,1,501.6,1,2,4,1,1,6,5.0,2017.0,7.0,6.0,22
5,2,408.16,2,2,4,1,1,1,6.0,2017.0,7.0,6.0,15
5,2,159.2,1,3,4,1,2,1,5.0,2017.0,9.0,6.0,16
7,2,118.5,1,5,4,1,1,1,14.0,2023.0,11.0,2.0,9
6,2,184.95,2,2,2,1,1,11,5.0,2017.0,4.0,2.0,11
4,1,502.05,2,2,4,1,1,9,5.0,2017.0,7.0,6.0,18
4,2,231.0,2,2,4,1,2,1,5.0,2017.0,9.0,11.0,19
6,1,491.15,1,3,4,1,3,9,5.0,2017.0,1.0,7.0,0
6,2,495.65,2,3,4,1,2,5,5.0,2017.0,7.0,6.0,8
6,2,179.35,2,2,4,1,1,1,5.0,2018.0,3.0,3.0,10
2,2,198.6,2,3,4,2,2,1,5.0,2017.0,6.0,6.0,12
7,1,504.35,2,3,4,1,1,5,5.0,2015.0,9.0,8.0,8
1,1,493.6,2,3,4,1,1,6,5.0,2017.0,7.0,6.0,11
7,1,495.55,1,2,4,1,1,7,5.0,2015.0,1.0,11.0,13
5,2,35.36,1,2,4,1,5,1,5.0,2017.0,7.0,6.0,3
2,2,18.45,1,2,4,1,1,1,5.0,2017.0,7.0,6.0,8
3,2,223.4,1,3,2,4,4,6,5.0,2017.0,7.0,6.0,18
2,2,428.72,1,1,4,1,1,6,5.0,2017.0,3.0,1.0,18
3,2,228.4,2,1,4,1,1,1,5.0,2017.0,6.0,9.0,16
4,2,220.8,2,2,2,2,1,11,5.0,2017.0,5.0,1.0,15
1,1,492.15,2,3,4,1,1,9,5.0,2016.0,1.0,2.0,11
6,2,151.0,1,2,2,4,9,11,5.0,2017.0,7.0,6.0,1
5,1,499.9,1,2,4,1,1,1,5.0,2017.0,7.0,6.0,20
4,2,424.6,2,3,4,1,1,6,5.0,2017.0,7.0,6.0,3
4,2,414.4,2,3,4,1,1,5,5.0,2017.0,7.0,6.0,13
7,2,450.24,2,2,4,1,1,1,5.0,2017.0,7.0,6.0,13
6,2,461.16,2,3,4,1,1,1,5.0,2017.0,7.0,6.0,14
6,1,490.2,1,2,4,1,1,6,1.0,2016.0,9.0,7.0,9
4,2,20.2,2,4,4,1,1,1,5.0,2023.0,8.0,3.0,11
1,2,449.6,2,3,4,1,1,5,5.0,2015.0,6.0,4.0,3
5,2,47.1,2,2,4,1,1,14,10.0,2023.0,9.0,3.0,22
3,2,504.85,2,2,4,1,1,11,8.0,2017.0,7.0,6.0,22
1,2,514.4,1,3,4,1,1,5,5.0,2017.0,7.0,6.0,14
2,2,507.2,2,3,4,1,1,5,5.0,2017.0,7.0,6.0,4
4,2,109.9,1,5,4,1,1,15,5.0,2017.0,7.0,6.0,0
7,1,177.1,2,1,4,1,1,6,5.0,2017.0,7.0,6.0,20
4,1,496.35,2,2,4,1,1,7,6.0,2017.0,7.0,6.0,16
2,2,136.6,2,2,4,1,1,6,1.0,2023.0,6.0,2.0,11
2,2,243.4,2,2,4,1,2,1,5.0,2017.0,7.0,6.0,19
7,2,467.8,2,3,4,1,1,5,5.0,2015.0,11.0,1.0,22
1,2,5.4,1,2,4,1,1,1,5.0,2023.0,2.0,4.0,1
6,2,14.9,2,2,4,1,1,6,5.0,2022.0,12.0,8.0,10
6,2,210.6,2,4,2,1,1,5,5.0,2017.0,7.0,6.0,18
4,2,442.72,2,3,4,1,1,6,5.0,2017.0,7.0,6.0,9
5,2,175.4,1,1,4,4,3,5,1.0,2017.0,7.0,6.0,10
1,2,261.1,2,2,4,1,1,8,5.0,2017.0,7.0,6.0,19
1,2,177.8,1,3,2,6,12,5,5.0,2013.0,9.0,9.0,0
4,2,173.15,2,3,4,1,2,11,5.0,2017.0,3.0,8.0,14
6,2,214.1,2,2,4,1,2,1,5.0,2018.0,5.0,5.0,15
3,2,37.24,2,4,4,1,1,6,1.0,2023.0,1.0,8.0,3
6,2,478.75,2,2,4,1,1,5,5.0,2017.0,7.0,6.0,3
6,2,483.95,2,3,4,1,11,5,1.0,2017.0,7.0,1.0,0
2,2,423.48,2,3,4,1,10,5,5.0,2017.0,7.0,6.0,9
5,1,499.25,2,1,4,1,1,6,5.0,2017.0,3.0,3.0,11
7,2,170.1,2,4,4,1,1,14,5.0,2017.0,5.0,11.0,5
7,2,506.75,2,2,4,1,1,6,5.0,2017.0,7.0,6.0,15
2,2,477.82,1,3,4,1,1,5,11.0,2017.0,7.0,6.0,5
4,2,197.7,2,3,4,1,1,5,10.0,2015.0,5.0,3.0,19
5,2,143.3,1,2,4,1,1,15,6.0,2023.0,9.0,2.0,15
6,2,215.3,2,3,2,4,9,1,5.0,2014.0,7.0,6.0,10
6,2,181.8,1,2,2,4,10,6,5.0,2013.0,5.0,1.0,4
2,2,243.9,1,4,2,1,2,1,5.0,2018.0,8.0,5.0,19
7,2,187.6,2,3,4,2,3,5,5.0,2017.0,7.0,6.0,9
6,2,14.9,1,2,4,1,1,1,1.0,2023.0,12.0,5.0,6
4,2,225.2,1,4,4,1,1,6,5.0,2018.0,10.0,5.0,0
2,2,418.18,2,3,4,1,1,1,7.0,2015.0,6.0,1.0,18
4,2,166.9,1,2,2,2,8,1,5.0,2013.0,7.0,11.0,5
5,2,501.15,1,2,4,1,1,5,5.0,2017.0,7.0,6.0,12
3,1,492.3,1,2,4,1,3,11,9.0,2017.0,7.0,6.0,18
3,2,35.89,2,2,4,1,5,5,5.0,2022.0,12.0,7.0,12
1,2,243.9,1,4,2,4,1,1,5.0,2017.0,7.0,6.0,1
3,2,112.1,1,2,4,1,1,1,5.0,2017.0,7.0,6.0,23
2,2,247.0,1,2,2,1,1,5,5.0,2017.0,7.0,6.0,11
7,2,439.38,1,2,4,1,1,6,5.0,2017.0,7.0,6.0,23
4,2,495.1,2,2,4,1,1,11,5.0,2017.0,7.0,6.0,20
2,2,47.25,2,3,4,1,1,1,14.0,2023.0,10.0,7.0,15
6,1,496.15,2,3,4,1,1,6,6.0,2016.0,5.0,11.0,12
3,2,429.0,1,2,4,1,1,6,6.0,2017.0,7.0,6.0,19
2,2,40.0,2,4,4,1,1,11,5.0,2022.0,12.0,9.0,15
4,2,168.1,1,2,4,1,1,1,5.0,2017.0,7.0,6.0,11
2,2,155.4,2,2,4,1,2,15,5.0,2017.0,7.0,6.0,23
3,2,405.1,2,3,4,1,1,11,5.0,2017.0,5.0,4.0,14
7,2,487.35,2,6,4,1,1,6,5.0,2015.0,3.0,5.0,21
5,2,205.5,2,2,4,1,3,1,5.0,2017.0,7.0,6.0,2
1,2,212.2,1,1,4,1,1,6,5.0,2022.0,5.0,6.0,13
3,2,400.575,1,4,4,1,1,15,5.0,2017.0,7.0,6.0,6
2,2,236.2,2,3,2,4,2,15,5.0,2017.0,7.0,6.0,19
4,2,230.2,2,4,4,1,1,1,5.0,2017.0,7.0,6.0,10
3,2,173.8,1,2,2,4,9,6,1.0,2014.0,2.0,4.0,2
4,2,141.23,2,3,4,1,2,15,1.0,2017.0,7.0,6.0,10
7,2,161.5,2,3,4,1,2,1,5.0,2017.0,7.0,6.0,16
7,2,412.84,1,2,4,1,1,5,5.0,2017.0,7.0,6.0,5
7,2,150.0,1,3,2,2,2,15,5.0,2017.0,7.0,6.0,18
5,2,220.2,1,3,2,2,10,1,10.0,2014.0,10.0,1.0,10
6,2,437.82,2,3,4,1,1,5,5.0,2017.0,7.0,6.0,20
5,2,417.32,1,2,4,1,1,5,5.0,2017.0,7.0,6.0,6
5,2,177.6,1,3,4,2,2,7,1.0,2017.0,7.0,6.0,8
5,2,432.3,2,2,4,1,1,11,5.0,2017.0,7.0,6.0,4
1,2,238.4,2,2,4,1,3,5,5.0,2018.0,10.0,12.0,1
2,2,436.42,2,3,4,1,1,5,5.0,2016.0,2.0,2.0,14
3,1,494.85,1,2,4,1,1,6,5.0,2015.0,1.0,4.0,23
6,2,473.82,2,3,4,1,1,6,5.0,2017.0,7.0,6.0,17
3,2,184.4,2,2,4,2,2,5,13.0,2017.0,7.0,6.0,16
6,2,219.8,1,2,4,2,2,5,1.0,2015.0,4.0,4.0,21
5,2,481.9,1,3,4,1,1,5,5.0,2017.0,7.0,6.0,1
2,1,494.35,2,2,4,1,1,8,5.0,2017.0,7.0,6.0,11
7,2,214.0,2,2,4,4,11,1,5.0,2017.0,7.0,6.0,14
5,2,54.1,1,3,4,1,1,3,5.0,2023.0,4.0,5.0,5
3,1,497.45,1,4,4,1,1,11,5.0,2015.0,11.0,2.0,14
3,2,186.5,1,1,1,1,2,14,5.0,2017.0,7.0,6.0,21
2,2,236.5,1,2,2,4,10,5,1.0,2014.0,10.0,6.0,3
7,2,164.3,2,3,4,2,2,1,5.0,2017.0,7.0,6.0,16
2,2,171.0,2,3,2,1,2,1,5.0,2017.0,11.0,7.0,19
3,2,403.1,2,3,4,1,3,1,5.0,2017.0,7.0,6.0,0
3,2,424.48,1,3,4,1,2,5,5.0,2016.0,6.0,7.0,19
4,2,237.5,2,3,4,1,2,6,5.0,2018.0,11.0,1.0,15
1,2,492.25,1,4,4,1,1,6,5.0,2017.0,7.0,6.0,9
1,2,488.45,2,1,4,1,1,6,5.0,2016.0,3.0,10.0,16
6,2,114.2,1,2,4,1,1,6,5.0,2022.0,9.0,9.0,1
7,2,203.0,2,3,2,4,2,6,5.0,2014.0,5.0,10.0,21
1,1,741.395,2,4,4,1,1,5,5.0,2017.0,7.0,6.0,21
3,2,168.4,2,3,4,1,2,5,5.0,2017.0,9.0,8.0,16
4,2,177.4,2,2,4,1,1,5,5.0,2017.0,7.0,9.0,12
7,2,33.83,1,4,4,1,1,6,5.0,2017.0,7.0,6.0,18
1,2,512.1,2,2,4,1,4,1,5.0,2017.0,12.0,6.0,17
1,2,234.8,1,4,2,1,2,6,5.0,2017.0,10.0,7.0,17
3,2,463.7,2,2,4,1,2,1,5.0,2017.0,11.0,10.0,20
5,2,222.4,1,2,4,1,2,6,5.0,2017.0,10.0,11.0,19
4,2,506.25,1,3,4,1,1,5,5.0,2016.0,7.0,7.0,8
7,2,173.1,2,2,4,2,2,6,5.0,2017.0,7.0,6.0,13
4,2,41.1,2,3,4,1,1,14,5.0,2023.0,11.0,10.0,2
4,2,268.8,1,4,4,1,1,8,5.0,2022.0,6.0,7.0,21
3,2,214.1,2,3,4,2,2,6,1.0,2015.0,4.0,2.0,3
6,2,246.3,2,2,4,1,1,5,5.0,2017.0,4.0,11.0,4
6,2,38.997,1,2,4,1,1,3,5.0,2017.0,7.0,6.0,12
7,2,207.0,1,2,2,4,10,3,5.0,2014.0,1.0,6.0,4
4,2,473.82,2,5,4,1,1,1,5.0,2017.0,7.0,6.0,11
5,2,182.2,2,3,2,2,1,5,5.0,2014.0,5.0,9.0,13
4,2,191.8,1,3,4,1,1,11,5.0,2022.0,8.0,6.0,14
6,2,102.035,1,2,4,1,1,14,6.0,2017.0,7.0,6.0,6
5,2,130.2,2,5,4,1,1,1,5.0,2022.0,8.0,9.0,0
7,2,163.2,2,2,2,2,9,2,5.0,2017.0,7.0,6.0,2
6,1,476.99,2,3,4,1,1,5,5.0,2017.0,7.0,6.0,4
4,2,142.5,1,2,4,1,1,1,1.0,2017.0,7.0,6.0,17
6,2,230.0,2,3,2,6,12,5,5.0,2017.0,7.0,6.0,6
3,1,496.5,1,3,4,1,1,1,5.0,2017.0,7.0,6.0,22
6,2,190.0,1,1,2,4,10,6,6.0,2014.0,9.0,8.0,0
1,1,499.5,1,3,4,1,1,5,1.0,2017.0,7.0,6.0,17
7,1,498.0,2,5,4,1,1,6,5.0,2017.0,7.0,6.0,21
1,1,493.3,1,3,4,1,1,3,6.0,2016.0,10.0,10.0,18
1,2,400.575,1,2,4,1,1,7,1.0,2017.0,7.0,6.0,7
5,2,508.1,1,3,4,1,1,9,5.0,2017.0,7.0,6.0,23
3,2,475.82,2,3,4,1,1,11,1.0,2017.0,5.0,4.0,3
7,2,483.4,1,3,4,1,1,6,5.0,2017.0,7.0,6.0,16
6,1,492.25,1,2,4,1,1,6,11.0,2017.0,7.0,6.0,22
5,2,63.6,2,2,4,1,1,6,5.0,2022.0,8.0,9.0,16
5,1,501.95,1,2,4,1,1,5,5.0,2015.0,11.0,9.0,15
4,2,246.4,2,4,4,4,1,6,1.0,2017.0,7.0,6.0,20
1,2,209.87,1,2,4,1,1,1,5.0,2022.0,11.0,9.0,1
1,2,450.25,1,3,4,1,3,5,5.0,2017.0,7.0,6.0,4
6,2,468.35,2,2,4,1,1,5,5.0,2017.0,3.0,6.0,23
5,2,661.995,1,2,4,1,1,11,5.0,2022.0,1.0,9.0,7
5,2,425.48,1,2,4,1,1,5,6.0,2017.0,7.0,6.0,16
2,2,185.7,2,4,4,1,1,8,5.0,2022.0,4.0,7.0,16
5,2,241.6,2,2,4,4,3,6,6.0,2017.0,7.0,6.0,14
7,2,222.4,1,2,2,6,8,1,5.0,2017.0,7.0,6.0,6
6,2,253.4,2,3,4,1,1,8,5.0,2022.0,10.0,6.0,9
5,2,490.425,1,3,4,1,1,6,5.0,2016.0,11.0,3.0,20
