Date,Day_of_Week,Time_of_Accident,Accident_Location_A,Accident_Location_A_Chainage_km,Accident_Location_A_Chainage_km_RoadSide,Accident_Severity_C,Causes_D,Road_Feature_E,Road_Condition_F,Weather_Conditions_H,Vehicle_Type_Involved_J_V1,Vehicle_Type_Involved_J_V2
1/9/2013,7,13:00,2,187.6,1,3,2,2,3,8,1,
4/9/2013,3,15:25,2,152.3,2,4,3,2,6,12,5,
9/9/2013,1,0:40,2,177.8,1,4,3,2,6,12,5,
11/9/2013,3,7:30,2,186.8,2,3,2,2,3,8,1,
17/09/2013,2,13:00,2,173.4,2,4,4,3,4,7,1,
19/09/2013,4,10:15,2,238.3,1,3,3,4,4,8,1,
19/09/2013,4,23:40,2,209.6,1,2,3,2,6,12,5,
20/09/2013,5,8:15,2,214,2,2,1,1,4,12,1,
26/09/2013,4,22:15,2,226,2,3,3,2,5,12,6,5
27/09/2013,5,18:25,2,178.2,2,3,2,2,3,8,5,
29/09/2013,7,6:30,2,176.6,2,3,3,2,5,8,5,7
30/09/2013,1,18:45,2,169.9,1,4,2,3,6,12,5,
1/10/2013,2,23:00,2,198.8,2,4,2,2,7,9,1,7
2/10/2013,3,17:30,2,237.9,2,1,3,2,1,4,1,
2/10/2013,3,12:30,2,178.5,1,3,3,2,4,9,5,
3/10/2013,4,7:15,2,178.4,2,3,2,2,1,10,5,8
3/10/2013,4,15:40,2,237.8,2,2,2,2,2,4,1,
4/10/2013,5,18:40,2,213.8,2,2,1,2,2,9,2,1
7/10/2013,1,6:00,2,221.2,2,2,2,2,7,5,5,2
10/10/2013,4,11:40,2,226,2,1,3,2,3,10,1,7
10/10/2013,4,17:18,2,204,2,2,4,2,1,9,6,6
10/10/2013,4,10:05,2,197.05,2,4,3,2,8,4,1,
12/10/2013,6,18:50,2,219.8,1,3,2,2,1,10,1,5
12/10/2013,6,9:40,2,220.4,2,2,3,2,4,5,5,
13/10/2013,7,4:50,2,202.6,2,4,2,2,4,9,1,2
14/10/2013,1,8:30,2,224.1,2,4,3,2,2,4,2,
15/10/2013,2,9:30,2,203.6,2,4,2,2,1,4,5,1
15/10/2013,2,9:45,2,223,1,4,3,2,8,2,1,
15/10/2013,2,7:30,2,203.6,2,2,4,2,2,2,5,
15/10/2013,2,11:00,2,247,1,4,2,2,1,1,5,5
16/10/2013,3,12:30,2,187.4,1,4,3,2,2,9,1,5
16/10/2013,3,14:30,2,247.6,1,4,2,2,2,9,5,1
18/10/2013,5,18:00,2,179.6,2,4,3,2,1,9,5,
19/10/2013,6,0:35,2,171.6,2,2,2,2,1,12,6,1
20/10/2013,7,1:10,2,210.4,2,4,3,2,3,4,5,
20/10/2013,7,8:20,2,186.6,1,2,2,2,4,1,5,5
22/10/2013,2,21:15,2,237.2,1,1,3,2,4,4,6,5
23/10/2013,3,14:20,2,173.8,1,1,2,2,1,2,1,
23/10/2013,3,18:30,2,223.4,1,2,3,2,4,4,6,
24/10/2013,4,4:45,2,216,1,3,2,2,2,1,1,
21/10/2013,1,6:30,2,187.5,2,3,2,2,1,2,2,1
27/10/2013,7,22:40,2,180.6,2,4,2,2,1,8,5,
29/10/2013,2,7:45,2,213,1,2,2,2,7,10,6,
30/10/2013,3,8:20,2,213.6,1,2,2,2,1,4,6,
1/11/2013,5,11:30,2,163.7,1,1,3,2,1,9,5,6
4/11/2013,1,9:45,2,176.6,1,3,2,2,4,10,1,6
5/11/2013,2,8:00,2,177.6,1,4,3,2,4,9,1,1
6/11/2013,3,9:15,2,175,2,2,2,2,1,8,6,12
6/11/2013,3,14:30,2,157.2,2,1,3,1,1,9,6,
6/11/2013,3,13:30,2,220.8,1,3,2,2,2,8,1,1
6/11/2013,3,8:30,2,155.4,1,1,2,2,1,10,10,1
7/11/2013,4,5:31,2,166.9,1,4,2,2,2,8,1,
11/11/2013,1,16:40,2,247.1,1,4,3,2,1,8,2,7
12/11/2013,2,19:45,2,156.4,1,4,3,2,2,10,5,10
12/11/2013,2,20:10,2,236.5,1,4,2,2,8,9,5,
13/11/2013,3,7:50,2,176.85,1,4,2,2,1,10,2,1
13/11/2013,3,10:20,2,232.4,2,1,3,2,4,10,6,
14/11/2013,4,9:14,2,189.9,2,4,2,2,6,2,5,7
15/11/2013,5,11:30,2,225.8,2,2,3,2,4,2,1,6
15/11/2013,5,12:15,2,220,2,2,3,2,1,9,1,7
16/11/2013,6,8:15,2,207.8,1,2,2,2,4,10,5,2
16/11/2013,6,16:00,2,231.2,1,2,3,2,8,10,6,1
18/11/2013,1,12:30,2,238.8,2,1,2,2,4,2,6,
18/11/2013,1,10:00,2,197.8,1,1,3,2,4,2,6,7
19/11/2013,2,7:15,2,228,1,2,3,2,1,10,1,
19/11/2013,2,11:40,2,204.5,2,2,2,2,8,10,6,1
19/11/2013,2,16:30,2,176.6,2,3,3,2,1,2,6,
24/11/2013,7,10:10,2,194,1,2,3,2,1,10,6,5
27/11/2013,3,11:30,2,187.1,1,2,4,1,1,9,9,
28/11/2013,4,15:30,2,172.4,1,2,4,2,1,10,6,
29/11/2013,5,6:10,2,216,2,2,3,2,8,10,1,5
29/11/2013,5,9:00,2,216.8,1,2,2,2,4,2,5,
29/11/2013,5,8:30,2,195.3,2,4,2,2,1,2,5,
30/11/2013,6,10:50,2,165.8,2,2,2,2,1,2,6,
2/12/2013,1,5:20,2,188.2,1,3,3,2,4,9,5,6
2/12/2013,1,12:00,2,228.2,2,2,2,2,3,10,7,
3/12/2013,2,12:59,2,220.8,2,3,3,2,6,10,6,
4/12/2013,3,5:20,2,232.8,2,2,3,2,3,8,6,
5/12/2013,4,11:30,2,153.3,1,4,3,2,6,10,1,
7/12/2013,6,4:30,2,176.3,1,3,2,2,3,9,5,
7/12/2013,6,10:25,2,187.5,2,4,3,2,4,10,5,1
7/12/2013,6,12:20,2,235.2,2,2,2,2,3,8,2,6
10/12/2013,2,9:40,2,231.2,1,3,2,2,1,10,5,1
10/12/2013,2,1:45,2,221.2,2,4,3,2,4,12,3,5
11/12/2013,3,8:40,2,222.9,1,2,2,2,3,10,5,2
12/12/2013,4,6:40,2,161.7,2,3,3,1,6,10,6,
12/12/2013,4,9:45,2,181,1,3,2,2,4,8,6,
12/12/2013,4,7:00,2,222.9,1,4,2,2,5,8,5,
12/12/2013,4,11:05,2,214,2,2,3,2,2,9,5,10
13/12/2013,5,4:05,2,205.8,2,1,2,2,4,10,11,
14/12/2013,6,10:40,2,186.2,1,2,3,2,2,9,5,5
15/12/2013,7,6:00,2,222.4,1,4,2,2,6,8,1,
16/12/2013,1,11:25,2,172,1,3,2,2,4,10,1,1
16/12/2013,1,11:40,2,226.2,1,2,3,1,4,8,11,
18/12/2013,3,3:30,2,177.2,1,4,3,2,1,9,5,
21/12/2013,6,10:00,2,179.1,2,1,2,2,4,8,1,
22/12/2013,7,6:30,2,226.35,1,2,3,1,2,8,3,3
23/12/2013,1,11:10,2,153.8,2,2,2,2,4,10,5,1
24/12/2003,1,1:45,2,229,1,3,3,2,2,9,1,
24/12/2013,2,7:15,2,193.6,2,3,2,2,4,10,1,3
26/12/2013,4,8:32,2,185,1,3,3,2,2,9,6,
26/12/2013,4,11:00,2,229.5,1,3,3,2,6,8,1,1
27/12/2013,5,1:30,2,152.2,1,3,3,2,4,12,6,
27/12/2013,5,7:50,2,199,1,2,2,2,1,12,1,
28/12/2013,6,1:20,2,240,2,3,3,2,1,8,6,
28/12/2013,6,9:00,2,239,1,4,2,2,2,10,5,
28/12/2013,6,11:30,2,229.2,1,4,2,2,1,9,2,3
28/12/2013,6,6:10,2,230,2,4,3,2,6,12,5,
30/12/2013,1,11:10,2,185.5,2,3,2,2,5,8,6,
31/12/2013,2,12:20,2,211.5,1,1,3,2,1,12,5,
31/12/2013,2,8:30,2,210.6,2,2,3,2,1,9,5,5
1/1/2014,3,12:10,2,171.7,1,3,2,1,1,9,1,
2/1/2014,4,5:30,2,178.65,2,3,2,1,2,9,6,
2/1/2014,4,5:20,2,233.1,1,2,2,2,2,10,5,8
3/1/2014,5,8:45,2,242.2,1,3,3,2,4,12,6,
4/1/2014,6,5:35,2,157.6,1,4,4,2,4,12,1,
4/1/2014,6,10:00,2,182.2,1,4,4,2,5,9,10,14
4/1/2014,6,4:30,2,210.2,2,4,4,2,2,12,5,
5/1/2013,6,3:10,2,181.9,2,3,2,2,2,9,1,7
5/1/2013,6,4:00,2,181.8,1,3,2,2,4,10,6,
6/1/2013,7,8:00,2,244.4,2,3,2,2,4,12,5,3
8/1/2014,3,3:30,2,225.2,1,4,2,2,5,9,1,5
9/1/2014,4,11:00,2,165.8,2,4,2,2,1,12,5,
10/1/2014,5,10:40,2,220.2,1,4,3,2,2,10,1,10
10/1/2014,5,6:20,2,225.2,1,2,3,2,4,9,7,1
11/1/2014,6,9:40,2,224.6,1,3,2,2,4,12,6,
12/1/2014,7,6:40,2,241.6,2,2,3,2,4,10,6,5
13/01/2014,1,1:00,2,220,2,3,3,2,2,9,5,5
13/01/2014,1,7:15,2,225.6,1,2,2,2,4,9,6,6
15/01/2014,3,4:30,2,188.2,2,4,3,1,4,12,5,
15/01/2014,3,9:30,2,185.4,1,4,2,1,2,9,5,
16/01/2014,4,8:40,2,195.6,1,4,2,2,4,9,1,
17/01/2014,5,8:05,2,185.4,1,3,2,2,4,10,6,
17/01/2014,5,5:40,2,227.4,1,4,2,2,4,10,1,
18/01/2014,6,1:00,2,240.2,1,4,2,2,2,10,1,
18/01/2014,6,1:30,2,204.4,1,4,2,2,2,9,5,
19/01/2014,7,7:15,2,155.6,1,3,2,2,5,8,6,
19/01/2014,7,9:10,2,229.5,1,4,2,2,2,9,5,
20/01/2014,1,0:30,2,225.5,1,3,2,2,2,8,5,3
20/01/2014,1,5:30,2,184.8,2,3,2,2,5,9,6,1
20/01/2014,1,7:40,2,241.2,2,2,2,2,5,8,6,6
21/01/2014,2,12:15,2,215.9,1,1,2,2,4,9,5,
25/01/2014,6,5:00,2,178.1,1,2,3,2,4,10,6,
25/01/2014,6,12:15,2,223.2,1,2,3,2,4,9,2,6
25/01/2014,6,12:50,2,212.8,2,3,2,2,5,10,2,6
26/01/2014,7,3:15,2,249.6,2,3,2,2,1,9,5,6
28/01/2014,2,1:15,2,181.2,1,1,3,2,1,9,11,
29/01/2014,3,7:35,2,156.6,2,4,3,2,4,9,10,5
29/01/2014,3,12:00,2,231.2,1,4,2,2,2,9,10,1
29/01/2014,3,1:00,2,231.9,1,4,2,2,1,9,10,14
29/01/2014,3,8:10,2,227.3,1,2,2,3,2,10,6,
29/01/2014,3,9:10,2,225.9,1,3,2,2,2,9,3,5
31/01/2014,5,6:40,2,237.6,1,3,2,2,4,9,2,
31/01/2014,5,11:35,2,232,1,3,2,3,1,8,1,
1/2/2014,6,12:50,2,179.9,1,2,1,2,4,9,11,
1/2/2014,6,1:30,2,209.4,2,3,2,2,4,8,5,10
2/2/2014,7,1:15,2,177.5,2,3,3,2,8,10,5,14
2/2/2014,7,6:10,2,204.4,2,4,2,2,4,9,5,
2/2/2014,7,5:20,2,222.4,1,3,2,2,4,10,14,
6/2/2014,4,4:45,2,227.9,1,4,2,2,4,9,1,1
9/2/2014,7,10:10,2,228.6,2,1,2,4,4,10,6,5
12/2/2014,3,10:30,2,192.3,2,3,2,2,8,9,1,5
13/02/2014,4,5:30,2,181.9,1,3,3,1,4,8,1,5
15/02/2014,6,6:50,2,229.6,2,3,2,4,1,10,1,5
15/02/2014,6,7:50,2,179.7,2,3,2,4,4,10,6,5
15/02/2014,6,1:05,2,251,1,4,1,2,2,8,5,
16/02/2014,7,6:45,2,217.3,1,3,2,4,4,10,6,1
18/02/2014,2,5:07,2,191.6,1,3,1,2,2,9,5,
19/02/2014,3,12:30,2,241.7,2,4,1,4,2,8,1,
21/02/2014,5,9:20,2,245.8,2,3,2,4,4,10,7,6
23/02/2014,7,8:30,2,152.5,1,3,3,4,3,4,1,1
25/02/2014,2,4:55,2,158,2,3,3,2,2,8,6,5
28/02/2014,5,1:05,2,229.6,2,3,1,4,4,9,6,
2/3/2014,7,1:40,2,205.6,1,4,3,2,4,10,11,
5/3/2014,3,12:10,2,190.6,1,3,2,2,2,3,11,
8/3/2014,6,9:15,2,174.4,2,1,1,2,4,9,11,
9/3/2014,7,9:00,2,214.6,1,3,1,2,4,8,11,
11/3/2014,2,8:00,2,206.2,2,4,1,2,1,9,11,
12/3/2014,3,4:25,2,152.3,1,4,1,2,1,8,11,
13/03/2014,4,3:45,2,199.7,2,3,2,2,1,10,11,
14/03/2014,5,7:30,2,154.1,1,3,2,2,4,10,11,
15/03/2014,6,5:15,2,190.5,1,3,1,2,1,10,11,
15/02/2014,6,8:45,2,237.8,1,2,2,2,4,10,11,
16/03/2014,7,12:00,2,195.5,2,3,2,2,1,9,11,
17/03/2014,1,2:40,2,246.2,2,3,2,2,4,9,11,
18/03/2014,2,7:15,2,177.6,1,4,1,2,2,9,11,
19/03/2014,3,7:25,2,238,2,3,2,2,1,10,11,
21/03/2014,5,5:50,2,177,2,3,2,2,4,3,11,
21/03/2014,5,4:05,2,225.7,2,3,2,2,2,10,11,
23/03/2014,7,3:25,2,241.8,2,3,1,2,4,10,11,
25/03/2014,2,4:30,2,154.95,1,3,2,2,2,3,11,
26/03/2014,3,6:30,2,214.2,1,4,2,2,4,10,11,
27/03/2014,4,12:30,2,191.6,1,2,2,2,4,8,11,
27/03/2014,4,5:00,2,246.6,2,3,1,2,2,10,11,
28/03/2014,5,4:35,2,233,2,3,2,2,4,3,11,
29/03/2014,6,10:40,2,197.4,2,2,2,2,2,9,11,
1/4/2014,2,10:30,2,220.9,2,3,2,2,4,10,1,
2/4/2014,3,2:30,2,173.8,1,2,2,2,4,9,6,1
3/4/2014,4,4:32,2,208.8,2,3,3,2,1,8,1,5
5/4/2014,6,11:00,2,184,1,3,4,2,4,9,11,
7/4/2014,1,5:45,2,188.2,1,3,2,2,1,9,1,1
9/4/2014,3,9:30,2,168.8,1,3,2,2,4,8,6,
10/4/2014,4,6:53,2,215.4,1,2,2,2,4,10,6,5
11/4/2014,5,3:45,2,168.8,2,4,2,2,4,10,5,
13/04/2014,7,12:50,2,168,2,3,2,2,4,10,6,
16/04/2014,3,8:10,2,187.7,2,3,2,2,1,9,5,5
16/04/2014,3,10:45,2,185.8,2,3,2,2,1,9,6,
16/04/2014,3,9:15,2,240.8,2,4,2,2,4,3,5,2
16/04/2014,3,10:15,2,234.1,2,3,2,2,4,9,6,6
17/04/2014,4,4:00,2,231.8,1,3,2,2,4,9,6,
18/04/2014,5,10:30,2,215.8,1,3,2,2,1,10,11,
18/04/2014,5,3:50,2,231.8,2,3,2,2,1,10,6,
17/04/2014,4,4:45,2,192.4,1,3,2,2,4,9,1,
20/04/2014,7,2:25,2,237.1,1,3,2,2,4,10,6,
22/04/2014,2,11:50,2,194.1,1,3,2,2,1,10,6,
22/04/2014,2,8:00,2,239.2,2,3,2,2,4,9,1,
24/04/2014,4,7:10,2,178.6,2,3,2,2,4,10,1,
24/04/2014,4,1:30,2,176.8,1,3,3,2,1,9,1,7
25/04/2014,5,3:00,2,173.2,1,1,3,2,1,10,14,6
25/04/2014,5,2:00,2,217.6,1,3,3,2,4,9,5,5
25/04/2014,5,2:40,2,218.2,1,3,2,2,1,10,1,6
25/04/2014,5,5:30,2,211.6,1,4,2,2,4,10,5,
26/04/2014,6,2:45,2,215.5,2,3,2,2,1,9,3,5
26/04/2014,6,6:30,2,215,1,3,3,2,4,10,10,10
27/04/2014,7,8:45,2,232.6,2,3,3,2,4,10,6,
27/04/2014,7,4:25,2,232.6,2,3,3,2,4,10,2,
1/5/2014,4,6:00,2,173.1,2,3,2,2,1,9,1,6
1/5/2014,4,4:30,2,226.8,2,3,2,2,4,9,1,5
2/5/2014,5,10:35,2,229,1,3,3,2,1,10,7,6
3/5/2014,6,8:00,2,241.6,2,3,2,2,4,7,6,7
4/5/2014,7,10:15,2,214.8,1,3,2,2,4,9,5,6
7/5/2014,3,10:20,2,227,2,3,3,2,1,10,1,
8/5/2014,4,10:25,2,213.8,2,4,3,2,1,7,3,1
10/5/2014,6,9:15,2,227.8,1,3,2,2,4,10,6,12
10/5/2014,6,6:20,2,235,2,1,2,2,1,10,6,6
13/05/2014,2,6:10,2,230.6,2,3,2,2,1,9,6,
14/05/2014,3,8:10,2,171.4,1,4,2,2,1,10,1,
14/05/2014,3,9:40,2,173.4,2,1,2,2,4,9,5,
15/05/2014,4,4:35,2,193.8,1,3,2,2,3,7,3,
17/05/2014,6,9:10,2,221.2,1,4,2,2,1,10,1,
19/05/2014,1,6:30,2,227,2,1,2,2,2,10,1,1
20/05/2014,2,1:05,2,250.4,1,4,3,2,1,7,5,1
1/6/2014,7,4:28,2,185.2,2,3,2,2,4,10,6,6
1/6/2014,7,4:30,2,207,1,3,2,2,4,10,3,5
4/6/2014,3,3:40,2,191.6,1,4,2,2,2,9,3,
4/6/2014,3,5:35,2,211.5,1,3,2,2,4,12,6,1
7/6/2014,6,10:05,2,215.3,2,4,3,2,4,9,1,
8/6/2014,7,12:25,2,187.8,2,3,2,2,2,10,5,1
8/6/2014,7,5:20,2,225.1,1,3,2,2,4,9,5,1
10/6/2014,2,9:15,2,168.5,2,3,3,2,2,10,2,1
10/6/2014,2,11:05,2,215.7,2,1,2,2,4,9,5,6
10/6/2014,2,3:45,2,236.5,1,3,2,2,4,10,5,1
12/6/2014,4,4:50,2,241.8,1,4,2,2,2,10,14,6
13/06/2014,5,11:20,2,183.2,1,3,3,2,4,10,6,
14/06/2014,6,7:45,2,182.6,2,3,2,2,2,9,6,
14/06/2014,6,8:30,2,186.6,2,3,3,2,4,9,5,6
14/06/2014,6,4:40,2,215.4,2,3,2,2,2,10,5,5
15/06/2014,7,12:25,2,218.1,1,4,2,2,2,9,1,6
17/06/2014,2,12:15,2,242.5,2,3,2,2,2,10,5,1
18/06/2014,3,8:30,2,240,2,3,3,2,2,8,6,
19/06/2014,4,11:30,2,245.6,1,3,3,2,2,2,5,5
20/06/2014,5,4:30,2,170,2,3,2,2,2,9,6,1
20/06/2014,5,5:30,2,234.05,1,3,2,2,2,10,6,5
21/06/2014,6,8:32,2,173.8,2,1,2,2,2,10,6,1
22/06/2014,7,10:20,2,236.85,2,4,3,2,2,9,5,
23/06/2014,1,12:40,2,204.9,1,4,3,2,2,9,5,
23/06/2014,1,9:10,2,206,1,4,3,2,2,10,5,
25/06/2014,3,5:05,2,250.15,1,4,3,2,2,9,5,
26/06/2014,4,12:45,2,215,2,3,2,2,2,10,1,5
27/06/2014,5,1:30,2,230.2,1,3,3,2,4,10,1,6
27/06/2014,5,10:30,2,214.2,2,4,3,2,4,8,1,5
28/06/2014,6,1:00,2,151,1,1,2,2,4,9,11,
28/06/2014,6,6:15,2,201.7,2,4,3,2,4,10,11,
29/06/2014,7,2:30,2,163.2,2,4,2,2,2,9,2,
29/06/2014,7,3:25,2,154.1,1,3,2,2,2,8,11,
29/06/2014,7,3:15,2,220,1,4,2,2,2,10,4,1
29/06/2014,7,7:20,2,212.7,1,2,2,2,2,9,11,
30/06/2014,1,7:20,2,219.8,1,2,2,2,2,10,5,6
2/7/2014,3,13:40,2,156,1,4,3,2,4,1,1,
3/7/2014,4,22:00,2,229,2,3,4,2,2,8,1,
5/7/2014,6,2:30,2,183.6,1,2,3,2,1,10,1,5
6/7/2014,7,0:05,2,226.35,1,1,3,2,4,10,1,1
7/7/2014,1,1:50,2,220,2,4,2,2,1,2,6,6
9/7/2014,3,17:35,2,177,1,3,2,2,4,8,3,
10/7/2014,4,22:35,2,233.1,1,3,3,2,4,7,5,
12/7/2014,6,20:30,2,178.2,2,3,4,2,2,8,5,
13/07/2014,7,17:15,2,155.4,2,3,3,2,2,9,6,
15/07/2014,2,14:00,2,244.6,1,3,4,2,4,7,1,
16/07/2014,3,4:40,2,222.5,2,1,4,2,4,10,1,6
17/07/2014,4,18:50,2,223.2,2,3,1,2,4,8,1,6
18/07/2014,5,20:10,2,221.6,2,3,1,2,4,6,3,
19/07/2014,6,5:30,2,185.7,2,3,2,2,2,10,1,3
20/07/2014,7,13:00,2,230.2,2,3,4,2,1,1,1,6
21/07/2014,1,22:55,2,220.8,2,3,2,2,1,8,6,
23/07/2014,3,22:30,2,219.4,2,4,2,2,1,8,1,6
24/07/2014,4,15:40,2,236.5,1,3,4,2,4,1,1,6
26/07/2014,6,21:10,2,219,1,3,1,2,1,9,6,
28/07/2014,1,1:30,2,243.9,1,4,4,2,4,1,1,
29/07/2014,2,12:30,2,178.5,1,2,4,2,4,10,3,5
30/07/2014,3,15:45,2,177.8,2,3,2,2,4,8,5,6
31/07/2014,4,18:50,2,222.4,1,2,2,2,2,10,5,
7/8/2014,4,5:30,2,199.2,1,4,3,2,4,1,11,6
9/8/2014,6,0:45,2,190,1,2,1,2,4,10,6,6
9/8/2014,6,14:10,2,241.5,2,4,3,2,2,1,1,1
10/8/2014,7,10:50,2,173,1,3,2,2,4,10,5,1
11/8/2014,1,5:30,2,189.3,1,3,4,2,4,2,9,5
14/08/2014,4,13:45,2,164.5,1,3,3,1,4,10,5,6
19/08/2014,2,0:30,2,151.5,1,2,4,2,4,9,5,6
20/08/2014,3,14:00,2,179.6,2,1,4,2,4,10,3,6
20/08/2014,3,19:10,2,187.5,2,2,3,2,4,1,14,1
20/08/2014,3,18:20,2,224.6,1,2,3,2,4,9,7,1
20/08/2014,3,19:20,2,238,1,3,3,2,4,1,5,6
21/08/2014,4,21:40,2,152.3,1,3,2,2,4,1,1,
22/08/2014,5,13:30,2,156.8,1,2,2,2,4,1,1,6
22/08/2014,5,17:40,2,180.4,1,3,2,2,4,1,6,
22/08/2014,5,18:25,2,181.8,1,2,2,2,4,9,5,
24/08/2014,7,14:55,2,229.8,1,3,3,2,4,1,1,
26/08/2014,2,20:05,2,178.1,1,3,1,2,2,8,8,5
26/08/2014,2,9:30,2,223.8,2,1,3,2,4,10,5,6
28/08/2014,4,9:45,2,151.4,2,4,4,2,4,1,7,12
29/08/2014,5,2:15,2,160,1,3,3,2,3,9,9,5
29/08/2014,5,10:51,2,152.2,1,3,2,2,2,12,5,6
31/08/2014,7,12:00,2,181.2,2,4,2,2,4,12,5,2
5/9/2014,5,13:25,2,182.2,2,2,3,2,2,1,5,
6/9/2014,6,22:00,2,179.4,1,2,2,2,4,4,14,
6/9/2014,6,23:00,2,225.2,1,4,2,2,4,10,1,1
6/9/2014,6,12:00,2,232,1,4,4,2,4,10,5,6
7/9/2014,7,20:10,2,183.7,2,2,1,2,4,8,9,5
9/9/2014,2,10:15,2,167.3,2,3,4,2,1,4,5,
9/9/2014,2,17:30,2,157.7,1,3,2,2,4,1,5,1
10/9/2014,3,11:15,2,201.6,1,2,3,2,2,3,1,6
10/9/2014,3,18:55,2,151.6,2,2,2,2,3,1,14,6
11/9/2014,4,8:20,2,235,2,1,1,2,1,3,1,6
11/9/2014,4,13:40,2,240,1,3,3,2,4,10,1,6
13/09/2014,6,14:45,2,221.2,2,2,1,2,1,1,3,14
18/09/2014,4,8:20,2,204,1,4,1,2,3,3,6,
18/09/2014,4,11:45,2,200,1,2,2,2,5,2,1,1
18/09/2014,4,13:25,2,214.5,2,2,3,2,3,10,5,14
18/09/2014,4,14:25,2,171.9,2,2,1,2,1,3,6,
19/09/2014,5,2:30,2,230.2,2,2,3,2,3,3,5,1
19/09/2014,5,18:30,2,170,2,2,4,2,4,10,1,5
23/09/2014,2,17:30,2,152.3,1,3,2,2,3,1,6,5
23/09/2014,2,19:30,2,207.6,2,4,1,2,1,12,1,5
24/09/2014,3,15:45,2,193.35,1,3,2,2,1,2,1,5
26/09/2014,5,19:55,2,150.6,2,3,2,2,4,3,5,
26/09/2014,5,14:45,2,218,1,3,3,2,2,10,6,6
27/09/2014,6,14:40,2,173.8,2,3,1,2,1,3,1,
3/10/2014,5,11:00,2,223.2,1,3,4,2,2,1,14,14
5/10/2014,7,9:30,2,203,2,3,2,2,3,3,5,5
5/10/2014,7,21:20,2,203,2,4,3,2,4,2,6,5
5/10/2014,7,19:15,2,218.4,2,3,1,2,4,1,6,6
6/10/2014,1,21:35,2,238.25,1,4,2,2,3,3,14,3
13/10/2014,1,21:30,2,204,1,3,2,2,3,3,6,
16/10/2014,4,17:10,2,210.8,1,4,3,2,2,1,9,5
16/10/2014,4,19:31,2,220.4,1,1,1,2,4,1,5,
16/10/2014,4,23:45,2,246,2,3,4,2,2,3,14,5
18/10/2014,6,4:43,2,231,2,1,4,2,1,3,2,1
21/10/2014,2,5:40,2,168.4,2,1,3,2,4,11,9,11
21/10/2014,2,8:15,2,217,1,4,4,2,3,3,11,6
21/10/2014,2,9:35,2,242,2,4,4,2,1,2,1,5
22/10/2014,3,15:03,2,193.6,1,3,2,2,3,3,9,11
23/10/2014,4,6:30,2,196.6,2,3,2,2,4,12,14,
11/1/2014,6,16:20,2,195.65,1,4,2,4,1,11,14,
11/5/2014,7,14:40,2,176.8,1,2,3,4,4,3,1,11
11/5/2014,7,22:10,2,210.4,2,3,4,4,3,3,5,5
11/7/2014,5,10:25,2,216.5,1,3,1,4,2,2,5,5
11/9/2014,4,5:00,2,204,1,3,1,4,4,11,6,1
11/9/2014,4,21:45,2,180,2,3,4,4,2,1,5,
11/10/2014,6,19:30,2,243.6,2,3,1,4,2,2,6,
11/11/2014,2,20:55,2,187.8,2,3,2,4,3,1,6,
15/11/2014,6,18:54,2,173.6,1,2,3,4,4,2,6,
15/11/2014,6,22:15,2,241.6,2,3,3,4,2,2,6,
17/11/2014,1,8:30,2,171,2,1,4,4,1,3,5,6
18/11/2014,2,8:40,2,185.4,2,2,2,4,4,3,9,11
18/11/2014,2,13:30,2,188.2,2,1,3,4,4,2,5,7
19/11/2014,3,18:15,2,183.7,2,3,2,4,3,2,6,7
19/11/2014,3,20:30,2,186.8,2,1,2,4,1,1,6,11
20/11/2014,4,12:30,2,178.7,2,2,4,4,4,2,9,14
21/11/2014,5,4:03,2,187.6,2,3,3,4,2,11,1,
22/11/2014,6,1:20,2,197.4,1,4,3,4,3,11,10,6
22/11/2014,6,12:30,2,232.3,2,3,4,4,1,2,9,11
23/11/2014,7,11:35,2,236.5,1,4,4,4,2,1,5,14
26/11/2014,3,13:25,2,188,2,3,4,4,4,2,2,
26/11/2014,3,10:25,2,197.05,1,3,4,4,2,2,6,1
28/11/2014,5,17:45,2,198.6,2,4,2,4,3,3,1,
29/11/2014,6,12:15,2,208.1,2,3,2,4,1,1,3,14
30/11/2014,7,14:45,2,214,2,1,2,4,4,11,1,5
30/11/2014,7,9:05,2,187.6,2,3,3,4,2,3,5,
1/1/2015,4,19:55,2,167.5,1,1,1,4,1,2,5,6
2/1/2015,5,18:50,2,238.2,2,3,3,4,2,1,6,11
3/1/2015,6,20:05,2,177.3,1,3,2,4,4,3,5,1
4/1/2015,7,23:15,2,183.6,1,2,3,4,3,3,6,11
5/1/2015,1,19:15,2,152.5,1,2,3,4,2,2,6,9
6/1/2015,2,15:10,2,189.65,1,3,2,4,1,1,1,
6/1/2015,2,18:55,2,179,1,3,2,4,3,2,6,11
10/1/2015,6,16:20,2,180,1,3,2,4,4,1,6,1
12/1/2015,1,16:30,2,176,1,4,4,4,4,2,6,
12/1/2015,1,17:30,2,210.8,1,2,3,4,8,2,6,
12/1/2015,1,21:30,2,226,1,3,2,4,1,1,6,
15/01/2015,4,17:40,2,218,1,3,2,4,7,1,1,11
17/01/2015,6,20:15,2,156.5,2,3,4,4,3,2,6,1
18/01/2015,7,1:30,2,168.8,1,3,4,2,3,3,1,6
18/01/2015,7,13:20,2,173.1,2,2,2,4,2,2,6,
18/01/2015,7,20:40,2,220,2,3,4,4,1,1,1,
21/01/2015,3,18:30,2,238.1,1,3,2,4,6,2,1,
24/01/2015,6,20:30,2,152.4,1,3,2,4,2,1,1,6
26/01/2015,1,15:30,2,193.9,1,4,3,4,7,1,6,6
26/01/2015,1,21:15,2,152.1,1,1,2,4,2,2,6,
26/01/2015,1,9:00,2,224.9,1,1,2,4,3,1,6,11
28/01/2015,3,13:15,2,180.3,1,2,2,4,5,2,1,1
28/01/2015,3,17:15,2,160,1,4,4,4,1,4,5,10
28/01/2015,3,18:05,2,166.6,2,3,2,2,2,3,1,
28/01/2015,3,6:45,2,235,1,3,3,4,6,1,6,6
28/01/2015,3,20:00,2,242,1,3,4,4,4,2,3,5
31/01/2015,6,13:05,2,189.3,1,1,3,4,3,3,6,6
31/01/2015,6,20:40,2,168.9,1,2,1,2,2,1,1,6
2/2/2015,1,13:30,2,215,1,1,1,4,1,2,5,6
2/2/2015,1,16:30,2,236.2,2,3,3,4,2,1,1,6
2/2/2015,1,19:45,2,236.8,1,3,2,4,4,3,6,
3/2/2015,2,17:40,2,236.6,2,3,3,4,3,3,6,5
4/2/2015,3,3:30,2,214.1,2,3,3,4,2,2,6,1
6/2/2015,5,17:15,2,167,1,4,2,4,1,1,1,1
7/2/2015,6,7:15,2,152.4,1,3,2,4,3,2,6,
10/2/2015,2,19:30,2,166.1,1,3,2,4,4,1,11,1
10/2/2015,2,23:20,2,200.7,2,4,4,4,4,2,10,
12/2/2015,4,17:00,2,242.1,1,3,3,4,8,2,10,
14/02/2015,6,6:30,2,191.7,1,3,2,4,1,1,6,
14/02/2015,6,18:20,2,151,1,4,2,4,7,1,1,1
16/02/2015,1,2:10,2,191,2,4,4,4,3,2,11,1
17/02/2015,2,19:05,2,180.5,2,2,4,2,3,3,1,
18/02/2015,3,10:00,2,152.4,1,1,4,4,1,1,1,
18/02/2015,3,12:30,2,221,1,2,2,4,4,3,5,
19/02/2015,4,0:35,2,240,2,3,3,4,2,2,5,6
19/02/2015,4,12:30,2,229.5,1,3,1,4,3,1,10,
19/02/2015,4,16:30,2,218,1,4,3,4,1,2,6,1
21/02/2015,6,11:32,2,189,2,3,1,4,4,8,5,1
21/02/2015,6,15:10,2,179.8,2,3,2,4,2,1,6,9
21/02/2015,6,5:45,2,218.6,2,3,2,4,3,3,5,
22/02/2015,7,14:39,2,179,1,3,4,4,4,1,9,
23/02/2015,1,1:07,2,190.2,2,2,2,2,1,4,1,8
23/02/2015,1,21:55,2,167.2,2,2,2,2,3,3,1,
26/02/2015,4,18:00,2,240.2,2,3,2,4,6,2,11,9
26/02/2015,4,20:45,2,246.4,2,3,4,4,4,1,6,1
27/02/2015,5,16:40,2,208.5,1,2,4,4,2,4,6,
28/02/2015,6,16:50,2,173.8,1,3,2,4,1,1,11,6
1/3/2015,7,19:40,2,185.3,1,3,4,4,2,1,5,5
5/3/2015,4,19:00,2,197.7,2,2,3,4,1,1,5,10
5/3/2015,4,17:30,2,197.6,1,3,1,4,1,10,1,
6/3/2015,5,22:25,2,186.1,2,3,4,4,2,2,1,
6/3/2015,5,2:00,2,209.5,2,3,2,4,8,3,7,
6/3/2015,5,12:30,2,212.8,1,1,4,4,1,10,6,
7/3/2015,6,11:30,2,213.8,2,3,3,4,1,2,1,1
8/3/2015,7,17:30,2,188,1,3,1,4,1,10,14,5
8/3/2015,7,20:40,2,185.3,1,3,1,4,2,2,5,9
10/3/2015,2,18:35,2,204.5,1,3,4,4,8,1,11,6
12/3/2015,4,21:00,2,219.5,2,3,2,4,4,2,6,
13/03/2015,5,5:30,2,233.6,2,3,2,4,2,1,6,13
13/03/2015,5,20:30,2,240.5,2,3,1,4,2,2,6,1
15/03/2015,7,20:40,2,176.3,1,4,3,4,4,1,6,
16/03/2015,1,2:40,2,186.4,2,4,2,4,2,2,1,
20/03/2015,5,17:10,2,168.5,1,4,3,4,1,10,6,
20/03/2015,5,18:33,2,189.2,1,3,2,4,1,1,11,1
21/03/2015,6,14:55,2,204.2,1,3,3,4,2,10,11,1
21/03/2015,6,0:35,2,250.1,2,3,4,4,1,3,10,
23/03/2015,1,2:05,2,177.6,2,4,4,4,8,3,1,6
23/03/2015,1,21:30,2,185.3,1,3,2,4,4,2,1,
23/03/2015,1,16:15,2,234.8,2,3,3,4,1,10,5,5
26/03/2015,4,10:30,2,181.8,1,2,4,4,2,2,5,13
26/03/2015,4,16:30,2,197.8,2,2,3,4,1,10,2,13
26/03/2015,4,20:30,2,225.5,2,3,2,4,4,2,11,6
27/03/2015,5,3:30,2,219.8,1,3,2,4,3,3,6,6
27/03/2015,5,23:30,2,225.5,2,3,2,4,2,1,11,6
28/03/2015,6,12:30,2,230.4,1,2,1,4,2,10,6,
28/03/2015,6,22:40,2,202.7,2,3,2,4,3,2,5,
29/03/2015,7,19:00,2,195.1,1,1,1,4,4,1,14,
29/03/2015,7,11:35,2,245,1,4,3,4,5,3,6,10
29/03/2015,7,17:10,2,222.2,1,3,3,4,2,10,10,
31/03/2015,2,1:30,2,157.1,2,2,2,4,3,2,11,9
1/4/2015,3,19:30,2,201,1,3,4,4,1,2,5,5
1/4/2015,3,23:10,2,166.8,2,3,2,4,5,3,5,3
2/4/2015,4,1:05,2,170,1,3,3,4,2,3,11,14
2/4/2015,4,16:50,2,194.4,1,3,2,4,4,1,5,9
3/4/2015,5,6:30,2,207.8,2,3,2,4,3,1,5,5
4/4/2015,6,21:00,2,219.8,1,3,2,4,2,2,5,1
5/4/2015,7,16:25,2,241.4,1,4,4,4,1,1,11,5
7/4/2015,2,8:05,2,192.2,1,4,3,4,4,2,11,3
7/4/2015,2,20:05,2,174.4,1,1,2,4,5,1,1,
8/4/2015,3,16:25,2,183.4,2,2,1,4,6,2,5,1
8/4/2015,3,20:35,2,156.1,2,1,1,4,3,1,5,13
9/4/2015,4,6:15,2,203.2,2,2,2,4,1,3,5,5
10/4/2015,5,0:45,2,241.8,1,2,2,4,4,3,1,6
12/4/2015,7,18:10,2,200.1,1,2,3,4,2,1,11,6
12/4/2015,7,12:00,2,236,2,3,3,4,2,1,3,1
13/04/2015,1,0:20,2,185.2,1,3,2,4,1,3,1,1
13/04/2015,1,11:15,2,160,1,4,2,4,5,2,1,9
13/04/2015,1,13:30,2,222,1,3,1,4,3,1,11,1
14/04/2015,2,19:20,2,191.8,2,3,3,4,4,2,1,
15/04/2015,3,10:30,2,167.9,1,3,4,4,1,1,5,
16/04/2015,4,9:45,2,179.5,2,3,2,4,2,3,6,
17/04/2015,5,7:15,2,169.6,1,1,2,4,5,3,6,
17/04/2015,5,11:35,2,163.8,2,4,3,4,1,2,5,5
17/04/2015,5,10:20,2,212.6,1,3,2,4,4,1,5,13
18/04/2015,6,7:20,2,177,2,3,3,4,5,1,5,6
18/04/2015,6,22:45,2,237,1,1,2,4,3,2,11,5
19/04/2015,7,12:50,2,177.2,1,3,1,4,1,1,1,1
19/04/2015,7,12:20,2,237,2,3,2,4,3,1,1,1
23/04/2015,4,19:00,2,165.8,1,2,3,4,2,2,10,1
23/04/2015,4,23:55,2,238,2,2,3,4,4,3,6,
26/04/2015,7,20:40,2,191,1,3,2,4,2,3,6,5
27/04/2015,1,23:45,2,200.4,1,3,2,4,3,2,6,
28/04/2015,2,11:00,2,184.2,1,3,3,4,4,1,6,
29/04/2015,3,16:45,2,184.4,2,3,2,4,2,2,5,13
1/5/2015,5,21:15,2,151.2,1,1,2,4,1,1,5,
1/5/2015,5,0:30,2,242,1,3,3,4,4,2,5,10
2/5/2015,6,1:30,2,166.8,1,3,2,4,2,3,6,
2/5/2015,6,11:35,2,173.15,2,3,3,2,1,1,11,1
3/5/2015,7,17:10,2,166.1,1,3,2,4,3,1,5,6
3/5/2015,7,17:30,2,207.6,1,1,3,4,4,2,6,13
4/5/2015,1,14:00,2,216.8,2,3,2,4,2,2,1,6
5/5/2015,2,16:45,2,162,2,3,3,4,3,2,1,
6/5/2015,3,21:20,2,217.8,1,2,2,4,1,1,5,1
7/5/2015,4,17:30,2,230,1,2,1,4,2,2,14,6
8/5/2015,5,8:40,2,175.6,1,3,2,4,3,1,10,1
9/5/2015,6,9:50,2,228,1,3,2,4,1,2,6,
10/5/2015,7,16:00,2,186.1,2,3,1,4,2,2,6,
10/5/2015,7,2:00,2,206.4,1,4,3,4,3,3,6,
10/5/2015,7,23:30,2,222.6,2,3,3,4,2,2,11,6
11/5/2015,1,11:45,2,178.4,1,3,2,4,4,1,6,
11/5/2015,1,17:15,2,179.2,1,3,2,4,1,2,11,1
12/5/2015,2,2:30,2,229,2,2,3,4,2,3,1,1
12/5/2015,2,18:10,2,239.6,1,3,3,4,3,2,6,
13/05/2015,3,18:30,2,167.1,1,4,2,4,2,2,1,9
13/05/2015,3,23:30,2,226,2,4,3,4,3,1,1,
14/05/2015,4,9:25,2,166.1,1,3,2,4,1,2,2,
15/05/2015,5,1:30,2,222,2,4,4,4,2,1,11,1
15/05/2015,5,17:45,2,235.2,2,3,1,4,2,2,1,1
18/05/2015,1,1:20,2,164.4,1,2,3,2,3,2,5,14
18/05/2015,1,5:55,2,176,1,4,3,4,4,2,1,
18/05/2015,1,23:40,2,226.2,1,3,1,4,2,1,6,6
19/05/2015,2,20:10,2,193.6,1,2,2,4,1,2,5,1
21/05/2015,4,16:50,2,169.2,1,4,3,4,1,1,1,
22/05/2015,5,16:40,2,217.2,1,4,2,4,3,2,6,
23/05/2015,6,21:30,2,241.2,1,3,2,4,1,3,6,
24/05/2015,7,14:30,2,197.6,2,2,3,4,3,4,5,1
25/05/2015,1,17:30,2,169.6,1,2,2,4,4,2,3,5
25/05/2015,1,12:25,2,204.6,2,4,3,4,1,2,5,5
25/05/2015,1,17:30,2,223,1,3,3,4,1,2,5,6
26/05/2015,2,20:10,2,227.25,2,3,2,4,3,1,1,1
28/05/2015,4,0:40,2,162,1,4,2,4,2,3,5,1
28/05/2015,4,9:30,2,200.2,2,4,3,4,2,2,5,5
28/05/2015,4,10:15,2,166.6,2,3,2,4,4,1,5,
29/05/2015,5,20:20,2,177.4,1,2,2,4,1,2,5,13
30/05/2015,6,21:00,2,180.6,2,3,1,4,3,1,5,5
31/05/2015,7,7:00,2,214.7,2,4,1,4,1,3,1,6
31/05/2015,7,16:30,2,235,1,4,3,4,2,2,5,13
31/05/2015,7,19:30,2,211.2,2,3,2,4,2,1,6,6
1/6/2015,1,0:40,2,150.2,1,4,2,4,1,3,5,
1/6/2015,1,18:15,2,216,1,4,3,4,4,1,1,1
1/6/2015,1,19:45,2,245.2,1,2,2,4,2,2,1,6
5/6/2015,5,3:00,2,178.6,1,3,4,4,3,3,5,
7/6/2015,7,23:50,2,159.1,1,2,2,2,4,4,5,
7/6/2015,7,12:30,2,229.2,2,3,2,4,1,1,6,
10/6/2015,3,14:20,2,239.4,2,2,2,4,2,2,1,3
10/6/2015,3,20:10,2,239.2,2,3,2,4,2,1,1,1
11/6/2015,4,0:00,2,191,2,4,2,4,3,3,1,6
11/6/2015,4,11:15,2,173.3,1,2,3,4,4,4,1,1
11/6/2015,4,0:20,2,210.2,2,3,1,4,1,3,1,5
11/6/2015,4,17:54,2,210.2,2,3,2,4,2,2,1,1
12/6/2015,5,18:25,2,169.35,1,4,3,4,2,1,5,6
12/6/2015,5,14:20,2,228,1,3,1,4,1,1,6,
13/06/2015,6,13:00,2,179.9,1,3,2,4,2,2,5,
14/06/2015,7,7:50,2,232.2,1,4,3,4,1,2,7,5
15/06/2015,1,8:30,2,189.8,2,3,1,4,3,1,6,
15/06/2015,1,11:20,2,191.8,2,3,4,4,2,2,6,6
17/06/2015,3,1:10,2,239.5,1,3,2,4,3,4,1,
17/06/2015,3,16:20,2,242,2,3,2,4,1,2,6,
19/06/2015,5,8:40,2,177.6,1,3,3,4,2,2,7,1
19/06/2015,5,10:30,2,175.4,1,2,1,4,4,3,5,1
22/06/2015,1,18:30,2,242.6,2,3,2,4,3,2,6,
24/06/2015,3,14:50,2,221.7,2,2,2,4,4,2,6,1
25/06/2015,4,11:10,2,170.3,2,2,1,4,1,3,6,9
25/06/2015,4,21:20,2,185.6,1,1,2,2,1,2,7,7
25/06/2015,4,21:30,2,216,1,3,3,4,4,1,5,6
28/06/2015,7,23:50,2,168.8,2,2,2,4,2,2,6,
29/06/2015,1,0:45,2,233.6,2,2,2,4,1,2,6,6
30/06/2015,2,1:30,2,497,1,1,2,4,2,3,6,
30/06/2015,2,13:45,2,227,2,2,3,4,1,2,6,
30/06/2015,2,16:00,2,228.4,1,3,1,4,2,1,1,1
30/06/2015,2,23:10,2,234.6,1,3,2,4,4,2,5,6
30/06/2015,2,17:00,2,168,1,3,2,4,4,2,6,1
3/7/2015,5,4:45,2,181.1,1,4,4,4,1,3,6,
4/7/2015,6,3:00,2,214.4,2,2,2,4,4,2,6,
5/7/2015,7,23:35,2,231.2,2,2,3,4,2,1,6,
6/7/2015,1,23:20,2,166.9,2,3,1,4,4,3,5,5
6/7/2015,1,0:05,2,247,2,2,2,4,3,1,5,1
8/7/2015,3,9:30,2,231,2,3,4,4,1,2,1,
10/7/2015,5,16:10,2,234.6,1,3,2,4,3,2,6,
10/7/2015,5,21:15,2,216.3,2,3,3,4,1,1,5,6
11/7/2015,6,11:00,2,181.8,2,2,2,4,2,3,3,5
12/7/2015,7,17:15,2,217.3,1,3,2,4,4,3,6,6
13/07/2015,1,10:15,2,189,2,2,3,4,3,3,10,6
13/07/2015,1,13:57,2,188,2,2,2,4,1,1,1,6
15/07/2015,3,17:10,2,153,1,3,2,4,2,2,10,1
17/07/2015,5,19:20,2,184.4,1,2,2,4,2,1,1,6
17/07/2015,5,14:30,2,230.2,1,2,5,4,4,1,5,6
17/07/2015,5,14:35,2,241.6,2,4,2,4,4,3,6,6
17/07/2015,5,16:15,2,209,2,2,2,4,2,2,1,5
18/07/2015,6,0:05,2,155.2,1,2,3,4,1,2,5,
19/07/2015,7,22:15,2,185.2,2,4,3,4,3,3,5,
19/07/2015,7,23:00,2,192.8,2,4,2,4,2,1,6,
19/07/2015,7,9:30,2,248.8,2,3,1,4,2,2,5,9
19/07/2015,7,16:30,2,244.8,2,4,4,4,1,3,1,1
19/07/2015,7,15:15,2,218.6,1,3,2,4,1,2,5,1
21/07/2015,2,10:45,2,233,1,2,3,4,2,1,6,
23/07/2015,4,1:05,2,158.2,1,4,3,4,3,2,14,14
23/07/2015,4,10:10,2,189.8,2,2,3,4,4,1,1,
24/07/2015,5,10:00,2,176.8,2,4,2,4,4,2,14,6
25/07/2015,6,17:15,2,165,1,4,3,2,2,3,5,
25/07/2015,6,15:12,2,230.2,2,3,2,4,1,2,5,
26/07/2015,7,13:45,2,201.4,2,4,2,4,1,1,1,7
28/07/2015,2,0:20,2,204.8,2,2,3,4,2,1,1,1
29/07/2015,3,13:30,2,197,1,1,4,4,4,2,6,
30/07/2015,4,5:55,2,222.4,2,2,3,4,4,3,1,
31/07/2015,5,19:05,2,196.9,1,2,2,4,4,1,1,5
31/07/2015,5,21:00,2,188.4,1,2,1,4,4,1,5,6
2/1/2017,1,4:50,2,176,2,2,2,2,1,3,5,
2/1/2017,1,20:30,2,155.2,2,4,3,2,4,2,1,6
3/1/2017,2,13:30,2,241.8,1,3,2,2,1,1,6,
5/1/2017,4,12:30,2,164.9,2,1,2,2,2,1,1,
5/1/2017,4,3:10,2,242.8,2,4,2,2,2,3,10,
5/1/2017,4,15:10,2,220.8,2,3,2,2,2,1,11,
6/1/2017,5,21:30,2,231.4,2,1,3,2,1,1,5,
7/1/2017,6,20:35,2,240,2,2,1,2,2,1,14,
8/1/2017,7,20:45,2,166.8,1,1,1,2,2,1,6,
8/1/2017,7,16:05,2,230.8,1,3,3,2,1,2,1,
9/1/2017,1,1:05,2,151.5,2,4,3,2,2,3,6,
9/1/2017,1,20:40,2,152,1,2,2,2,2,1,11,
10/1/2017,2,19:40,2,244.6,2,3,2,2,4,2,1,
10/1/2017,2,8:40,2,174,1,2,1,1,2,2,1,
12/1/2017,4,21:40,2,161.8,1,2,3,2,1,2,11,
13/01/2017,5,19:20,2,175.3,1,3,1,1,1,1,1,
13/01/2017,5,14:15,2,235.4,1,3,2,2,2,1,6,
15/01/2017,7,19:50,2,244.6,1,3,2,2,1,1,5,
15/01/2017,7,21:02,2,238.8,2,3,2,2,2,2,6,
16/01/2017,1,18:55,2,176.8,2,2,2,2,1,1,5,
16/01/2017,1,8:30,2,221.4,2,2,3,2,2,1,6,
16/01/2017,1,13:50,2,241.3,1,3,3,2,1,2,6,
17/01/2017,2,19:46,2,186.2,1,2,2,1,1,1,6,
19/01/2017,4,14:50,2,188.1,2,3,2,2,1,2,1,
21/01/2017,6,19:20,2,190.2,2,2,1,2,1,1,5,
21/01/2017,6,11:40,2,204.6,2,4,3,2,4,1,1,
21/01/2017,6,10:45,2,183.1,2,4,3,2,2,1,1,
22/01/2017,7,2:00,2,223,1,4,2,2,2,3,11,
22/01/2017,7,19:30,2,233.9,1,4,2,2,4,2,5,
24/01/2017,2,10:30,2,207.2,2,4,3,2,1,1,1,
24/01/2017,2,12:05,2,219.6,2,3,2,2,2,2,1,
24/01/2017,2,20:25,2,235.4,2,2,2,2,1,1,1,
25/01/2017,3,17:30,2,228.6,2,3,2,2,4,1,1,
26/01/2017,4,9:30,2,237.6,2,2,3,2,1,2,6,
26/01/2017,4,19:35,2,228,2,2,3,2,4,1,11,
26/01/2017,4,0:45,2,198.8,2,4,3,2,4,3,14,
30/01/2017,1,14:40,2,177.5,1,2,2,1,4,2,6,
30/01/2017,1,15:00,2,219.8,2,3,2,2,1,2,1,
2/2/2017,4,13:32,2,232,1,3,2,2,1,2,1,
2/2/2017,4,19:15,2,237.8,1,3,2,2,1,2,6,
3/2/2017,5,22:25,2,245.5,2,2,3,2,2,2,11,
4/2/2017,6,11:45,2,184.95,2,2,2,2,1,1,11,
5/2/2017,7,9:30,2,179,2,4,3,2,1,1,11,
5/2/2017,7,22:40,2,228.5,2,2,2,2,1,2,6,
8/2/2017,3,14:42,2,249,2,3,2,2,1,2,5,
9/2/2017,4,21:30,2,225.6,2,2,1,2,1,2,1,
10/2/2017,5,15:40,2,241.3,1,3,3,2,1,2,6,
11/2/2017,6,16:05,2,228.6,2,3,2,2,1,2,6,
12/2/2017,7,10:48,2,244.4,2,2,3,2,1,1,6,
13/02/2017,1,23:30,2,211.4,2,4,2,2,1,2,3,
13/02/2017,1,12:30,2,180.1,1,3,2,1,1,2,1,
15/02/2017,3,19:45,2,166.8,2,1,2,2,1,2,7,
15/02/2017,3,21:20,2,186.5,1,1,1,1,1,2,14,
15/02/2017,3,1:00,2,200.2,1,2,2,2,1,1,11,
15/02/2017,3,20:30,2,203.4,2,2,2,2,1,2,5,
16/02/2017,4,15:00,2,221,1,3,2,2,1,2,6,
19/02/2017,7,16:15,2,186.2,1,2,2,2,1,2,5,
20/02/2017,1,20:10,2,197.3,1,2,2,2,1,2,5,
22/02/2017,3,13:20,2,187.6,1,2,2,2,1,2,11,
22/02/2017,3,12:20,2,190.7,1,4,2,2,1,2,1,
24/02/2017,5,5:30,2,219.9,1,4,2,2,1,1,11,
24/02/2017,5,19:20,2,184.25,1,3,2,2,1,1,6,
26/02/2017,7,16:50,2,180,1,2,4,2,1,1,5,
27/02/2017,1,16:15,2,175.2,2,4,2,2,2,1,1,
27/02/2017,1,19:25,2,178.8,2,3,2,2,2,1,6,10
28/02/2017,2,12:15,2,165.8,2,1,3,2,1,2,11,
2/3/2017,4,7:30,2,179.85,1,3,2,2,1,1,5,1
2/3/2017,4,16:00,2,181.8,1,4,3,2,2,2,6,6
3/3/2017,5,23:45,2,187.5,1,4,3,2,1,2,6,
5/3/2017,7,15:50,2,221,2,2,2,2,4,10,5,
6/3/2017,1,16:00,2,223,2,2,2,2,2,10,5,
7/3/2017,2,11:30,2,178.55,2,2,1,2,1,1,5,
9/3/2017,4,5:20,2,168,2,4,2,2,2,1,11,
9/3/2017,4,8:30,2,179.8,2,4,3,2,1,1,11,
11/3/2017,6,17:50,2,189.6,2,3,2,2,2,2,6,
12/3/2017,7,0:45,2,162.2,1,2,3,2,2,1,1,
13/03/2017,1,1:00,2,206.7,1,1,3,2,1,1,5,
13/03/2017,1,22:30,2,243.2,2,4,2,2,4,2,6,
14/03/2017,2,5:45,2,180.6,1,4,2,2,1,1,1,
14/03/2017,2,15:20,2,224.2,2,3,3,2,2,10,11,
15/03/2017,3,14:30,2,248.6,1,3,2,2,1,10,5,
15/03/2017,3,18:15,2,217.4,1,3,2,2,2,1,14,
15/03/2017,3,19:45,2,241.6,1,2,3,2,1,1,6,
17/03/2017,5,2:40,2,185.95,1,4,2,2,2,2,6,
20/03/2017,1,15:00,2,190.5,1,3,1,2,2,10,6,
23/03/2017,4,0:05,2,218.4,2,4,3,2,2,1,14,
24/03/2017,5,21:15,2,191.5,1,2,3,1,1,2,1,
25/03/2017,6,23:35,2,188.2,1,2,2,2,1,2,6,
27/03/2017,1,14:15,2,227.5,2,3,1,2,2,10,5,
27/03/2017,1,21:30,2,231,2,2,2,2,4,2,1,
28/03/2017,2,5:05,2,195.8,2,1,3,2,1,1,5,
29/03/2017,3,7:10,2,199.8,2,4,3,2,4,1,6,
29/03/2017,3,15:15,2,177.5,2,2,2,2,1,10,6,
31/03/2017,5,14:00,2,210.6,2,2,2,2,2,10,14,
1/4/2017,6,9:05,2,225.3,1,2,4,2,1,1,1,
2/4/2017,7,14:30,2,176.65,2,3,1,2,4,10,6,
2/4/2017,7,16:13,2,184.6,1,2,3,2,1,10,6,
3/4/2017,1,8:35,2,227.5,1,4,4,2,4,1,1,
5/4/2017,3,20:27,2,189.15,2,1,2,1,1,2,6,
5/4/2017,3,18:25,2,240.8,2,2,2,2,1,2,11,
7/4/2017,5,11:15,2,234.2,1,3,2,2,4,1,1,
7/4/2017,5,15:05,2,212.2,2,3,3,2,2,10,11,
8/4/2017,6,3:50,2,175.4,1,3,3,2,4,1,6,
8/4/2017,6,13:24,2,217.4,2,3,2,2,1,10,11,
9/4/2017,7,10:35,2,178.65,2,4,3,2,4,1,1,
9/4/2017,7,13:31,2,205.8,2,1,2,2,2,10,1,
11/4/2017,2,22:15,2,157.8,2,3,3,2,2,2,3,
12/4/2017,3,1:20,2,190.1,2,2,2,2,4,2,5,
13/04/2017,4,19:17,2,228,2,2,3,2,1,1,1,
14/04/2017,5,11:20,2,185.05,1,4,3,2,2,2,11,
14/04/2017,5,5:10,2,224.4,1,3,2,2,1,2,6,
14/04/2017,5,6:10,2,204.95,2,1,3,2,4,2,6,
15/04/2017,6,15:00,2,235.3,1,2,2,2,4,10,5,
16/04/2017,7,19:35,2,178.1,1,2,3,1,1,1,11,
17/04/2017,1,8:30,2,155.15,2,1,4,2,4,2,5,
18/04/2017,2,7:20,2,197.03,1,2,2,2,1,2,6,
19/04/2017,3,5:30,2,221.2,2,2,3,2,2,2,6,
20/04/2017,4,21:20,2,173.15,1,4,3,2,1,1,11,
20/04/2017,4,14:45,2,239.2,1,2,1,2,2,10,1,
20/04/2017,4,22:25,2,245.4,1,2,3,2,1,1,5,
20/04/2017,4,19:00,2,224,2,2,3,2,2,1,1,
20/04/2017,4,16:51,2,210,2,3,3,2,4,1,6,
21/04/2017,5,20:25,2,179.25,1,3,2,2,4,1,11,
21/04/2017,5,23:50,2,202.4,1,4,2,2,1,1,11,
22/04/2017,6,13:10,2,184.75,2,4,1,2,1,10,1,
22/04/2017,6,12:40,2,217.55,2,4,3,2,4,10,1,
22/04/2017,6,20:15,2,224.8,2,2,2,2,2,1,1,
23/04/2017,7,12:45,2,241.15,2,2,3,1,1,10,5,
24/04/2017,1,13:30,2,170.1,2,3,2,2,1,10,1,
24/04/2017,1,12:20,2,201.1,2,2,3,2,4,10,1,
26/04/2017,3,13:30,2,170.1,2,3,2,2,1,10,14,
26/04/2017,3,21:45,2,218.2,2,2,2,2,4,1,6,
26/04/2017,3,22:59,2,245,2,2,2,2,4,1,11,
27/04/2017,4,11:45,2,216.1,1,3,2,2,2,2,6,
28/04/2017,5,14:20,2,181.4,1,3,3,1,1,10,6,
29/04/2017,6,0:45,2,156.1,1,2,2,2,4,2,11,
29/04/2017,6,5:20,2,221,2,1,4,2,1,2,11,
30/04/2017,7,9:45,2,242.5,2,3,2,2,4,2,6,
3/5/2017,3,23:20,2,229,2,2,4,2,1,1,1,
3/5/2017,3,23:20,2,157.4,2,2,2,2,1,1,5,
4/5/2017,4,17:35,2,152.4,1,4,3,2,2,10,1,
4/5/2017,4,19:05,2,204.7,2,2,1,2,1,1,11,
5/5/2017,5,15:10,2,152.4,1,1,3,2,2,10,14,
5/5/2017,5,18:40,2,215.8,2,3,2,2,4,1,11,
5/5/2017,5,1:40,2,232.5,1,3,3,2,8,2,1,
5/5/2017,5,10:15,2,239.1,2,3,2,2,4,2,14,
6/5/2017,6,17:40,2,151.4,2,2,3,2,2,1,1,
6/5/2017,6,20:23,2,235.4,1,3,4,2,8,1,11,
7/5/2017,7,14:15,2,210.6,1,2,3,2,2,10,6,
7/5/2017,7,22:00,2,235.5,2,4,2,2,2,2,11,
8/5/2017,1,5:30,2,242.8,2,1,3,2,2,2,6,
9/5/2017,2,20:45,2,174.4,1,4,2,2,4,1,1,
9/5/2017,2,17:30,2,230,2,3,2,2,4,2,5,
11/5/2017,4,17:30,2,195.8,2,4,3,2,1,2,6,
11/5/2017,4,12:15,2,169.1,1,3,1,2,4,10,14,
11/5/2017,4,22:50,2,216.6,1,2,2,2,2,2,1,
12/5/2017,5,13:00,2,213.6,2,1,2,2,1,10,5,
13/05/2017,6,6:35,2,250.8,2,1,2,2,2,2,6,
13/05/2017,6,22:03,2,221.4,1,1,2,2,1,1,1,
14/05/2017,7,1:50,2,204.3,1,4,8,2,1,2,1,
14/05/2017,7,19:10,2,237.8,2,2,3,2,1,1,3,
15/05/2017,1,7:35,2,210.2,2,3,3,2,1,2,5,
16/05/2017,2,1:35,2,196.25,1,2,2,2,1,2,1,
16/05/2017,2,19:20,2,157.1,2,2,3,2,1,1,6,
17/05/2017,3,4:15,2,248.6,2,4,3,2,8,2,5,
18/05/2017,4,17:20,2,188,2,3,2,2,1,10,1,
18/05/2017,4,16:30,2,219.2,1,2,3,2,8,10,11,
19/05/2017,5,10:25,2,172.9,2,2,2,2,4,2,11,
20/05/2017,6,2:55,2,237.75,2,1,2,2,1,2,11,
21/05/2017,7,8:00,2,184.65,1,4,3,2,4,2,6,
21/05/2017,7,20:30,2,188.8,1,3,2,2,1,1,6,
21/05/2017,7,18:28,2,239,1,3,1,1,4,1,1,
23/05/2017,2,10:34,2,159.55,2,2,4,2,1,2,5,
24/05/2017,3,7:00,2,164.85,1,4,3,2,1,2,1,
24/05/2017,3,9:40,2,228.8,2,3,3,2,1,2,6,
24/05/2017,3,11:30,2,213.6,1,3,2,2,1,2,1,
25/05/2017,4,15:10,2,156.4,2,2,2,2,1,10,5,
25/05/2017,4,15:30,2,205,2,4,5,2,1,10,1,
27/05/2017,6,1:05,2,188.8,1,3,1,1,1,2,1,
27/05/2017,6,17:15,2,165.5,2,3,2,2,1,10,6,
27/05/2017,6,18:00,2,210.6,2,3,4,2,1,1,5,
28/05/2017,7,1:25,2,213.6,1,4,3,2,1,2,6,
28/05/2017,7,19:48,2,204.7,2,2,1,2,1,1,1,
29/05/2017,1,2:50,2,212.8,2,4,3,2,1,2,3,
30/05/2017,2,19:30,2,236.2,2,2,3,2,4,2,15,
31/05/2017,3,11:52,2,229.4,2,2,2,2,1,3,1,
2/6/2017,5,8:15,2,176.8,1,4,2,4,1,1,11,
3/6/2017,6,20:00,2,223.8,2,3,4,4,1,2,6,6
4/6/2017,7,8:30,2,191.7,1,4,2,2,1,1,6,
4/6/2017,7,21:50,2,246.8,1,2,3,4,1,5,11,
5/6/2017,1,13:10,2,238.7,2,4,3,4,1,2,11,
6/6/2017,2,1:17,2,196.4,1,3,2,4,1,1,1,
6/6/2017,2,7:30,2,190.2,2,3,2,4,1,1,6,
6/6/2017,2,12:50,2,198.6,2,3,3,4,2,2,1,
6/6/2017,2,20:35,2,206,1,4,4,4,1,2,14,
7/6/2017,3,23:30,2,164.6,1,2,4,4,1,2,1,
7/6/2017,3,23:20,2,188.1,1,4,3,4,1,2,1,
7/6/2017,3,4:45,2,201,2,3,3,4,1,1,1,
7/6/2017,3,15:30,2,228.9,2,3,3,4,1,2,1,
8/6/2017,4,20:20,2,180.6,1,2,2,4,1,2,5,
9/6/2017,5,16:25,2,159.2,1,2,3,4,1,2,1,
10/6/2017,6,0:00,2,157.6,1,4,3,4,1,1,5,
10/6/2017,6,6:50,2,223.7,2,2,3,4,1,1,6,
11/6/2017,7,12:43,2,189.6,1,1,2,4,1,2,1,
11/6/2017,7,20:10,2,239.7,2,2,1,2,1,4,11,
13/06/2017,2,2:45,2,194,2,3,2,4,1,1,11,
13/06/2017,2,5:20,2,196.1,2,2,3,4,1,1,1,
14/06/2017,3,13:05,2,208.4,1,4,3,4,1,2,6,
15/06/2017,4,6:10,2,240.4,1,2,2,4,1,1,1,
16/06/2017,5,7:30,2,188,1,3,1,2,1,1,1,
16/06/2017,5,9:00,2,179.25,2,2,3,4,1,1,1,
16/06/2017,5,6:00,2,242.2,2,4,2,4,1,1,1,
17/06/2017,6,3:10,2,209.6,2,4,2,4,1,1,6,
19/06/2017,1,0:55,2,178.2,2,4,3,4,2,1,6,
19/06/2017,1,7:10,2,248.1,2,4,3,4,1,1,11,
20/06/2017,2,22:00,2,231,2,2,2,4,1,2,15,
21/06/2017,3,8:00,2,194.9,2,4,2,4,1,1,1,
22/06/2017,4,1:05,2,164.9,1,3,2,4,2,1,1,
22/06/2017,4,12:03,2,156.4,1,3,2,4,1,2,11,
22/06/2017,4,20:00,2,179.2,2,4,4,4,2,2,1,
24/06/2017,6,5:58,2,207.3,2,2,4,4,1,1,14,
25/06/2017,7,1:45,2,200.2,1,2,2,4,1,1,3,
26/06/2017,1,3:49,2,240,1,3,3,4,1,1,5,
27/06/2017,2,14:10,2,181.7,2,2,2,4,1,2,6,
27/06/2017,2,20:55,2,180.9,1,2,3,4,1,2,5,
28/06/2017,3,18:23,2,209.6,2,1,3,4,2,2,14,
29/06/2017,4,0:41,2,151.3,1,4,2,4,2,1,1,
29/06/2017,4,13:05,2,226,2,3,2,4,1,2,6,
29/06/2017,4,16:55,2,200.8,2,3,3,4,1,2,11,
30/06/2017,5,9:40,2,224.8,1,3,3,4,2,1,5,
30/06/2017,5,11:15,2,232.2,1,3,2,4,1,1,6,
1/7/2017,6,15:20,2,154.4,1,2,2,2,1,2,5,
2/7/2017,7,15:37,2,230.5,1,3,4,2,1,2,7,
2/7/2017,7,18:00,2,201.2,2,2,2,2,1,2,6,
3/7/2017,1,18:44,2,177.2,2,3,4,2,1,2,6,
4/7/2017,2,5:25,2,162.6,2,2,3,2,2,1,11,
4/7/2017,2,8:15,2,179.3,1,2,3,2,1,1,1,
4/7/2017,2,20:05,2,198.3,2,2,3,2,1,2,11,
6/7/2017,4,5:20,2,159.9,1,3,4,2,1,1,1,
6/7/2017,4,8:15,2,230,1,3,2,2,1,1,6,
6/7/2017,4,19:44,2,248.7,1,3,3,2,1,2,11,
7/7/2017,5,16:05,2,165.95,2,3,2,2,2,2,5,
8/7/2017,6,13:15,2,225.3,2,2,2,2,1,2,6,
9/7/2017,7,15:00,2,243.4,1,2,2,2,1,2,3,
10/7/2017,1,16:45,2,235.8,2,3,3,2,1,2,1,
10/7/2017,1,19:40,2,221.4,1,4,3,2,1,2,6,
10/7/2017,1,17:47,2,234.8,1,3,4,2,1,2,6,
11/7/2017,2,7:30,2,230.2,1,4,3,2,1,1,11,
11/7/2017,2,19:45,2,171,2,3,3,2,1,2,1,
13/07/2017,4,20:50,2,166.8,2,1,4,2,1,2,11,
13/07/2017,4,10:45,2,243,1,2,1,2,1,1,5,
14/07/2017,5,5:38,2,183.25,1,4,3,2,1,1,6,
15/07/2017,6,20:50,2,233.4,2,1,4,2,1,2,5,
16/07/2017,7,21:20,2,239.6,2,2,2,1,1,2,6,
16/07/2017,7,18:15,2,150,1,2,3,2,2,2,15,
18/07/2017,2,5:40,2,208.95,2,1,2,2,1,1,11,
20/07/2017,4,22:26,2,172.25,2,1,4,2,1,2,6,
22/07/2017,6,15:15,2,213.6,2,3,3,2,1,2,3,
23/07/2017,7,18:50,2,188,1,3,2,1,1,2,5,
23/07/2017,7,20:17,2,227.4,2,2,4,2,1,2,11,
24/07/2017,1,3:06,2,185.4,2,4,2,2,2,1,1,
26/07/2017,3,11:30,2,215.9,2,4,3,2,2,1,11,
26/07/2017,3,18:30,2,241.5,2,3,2,2,1,2,6,
27/07/2017,4,8:00,2,228,2,2,2,2,1,1,5,
27/07/2017,4,23:08,2,238.1,1,4,2,4,1,2,5,
27/07/2017,4,19:55,2,237.2,2,2,2,2,1,2,6,
28/07/2017,5,12:55,2,165.4,1,4,2,2,2,2,6,
30/07/2017,7,17:45,2,180.2,1,4,5,2,1,2,1,
31/07/2017,1,21:50,2,166.4,2,4,3,2,2,2,6,
1/8/2017,2,8:10,2,187.4,1,3,2,2,1,1,1,
2/8/2017,3,18:30,2,161.55,1,3,4,4,2,2,1,
2/8/2017,3,15:15,2,242,2,4,2,4,1,2,14,
3/8/2017,4,14:20,2,173.15,2,2,3,4,1,2,11,
4/8/2017,5,12:35,2,157.05,1,2,3,4,1,2,5,
4/8/2017,5,13:35,2,237.7,2,4,4,4,1,2,5,
5/8/2017,6,6:20,2,170.05,1,3,2,4,1,1,6,
5/8/2017,6,17:20,2,210.4,1,4,2,4,1,2,6,
5/8/2017,6,23:38,2,228.6,1,2,4,4,1,2,1,
8/8/2017,2,19:54,2,185.5,1,2,1,4,2,2,1,
9/8/2017,3,16:45,2,168.4,2,3,3,4,1,2,5,
9/8/2017,3,22:15,2,241.3,1,4,4,4,1,2,11,
11/8/2017,5,6:00,2,197.5,2,2,2,4,1,1,6,
11/8/2017,5,1:50,2,213.4,2,3,3,4,1,1,15,
11/8/2017,5,11:40,2,219.9,2,4,3,4,1,1,1,
12/8/2017,6,6:50,2,185.15,2,2,3,4,2,1,1,
13/08/2017,7,20:07,2,153.6,2,1,2,4,1,2,14,
13/08/2017,7,10:26,2,202.6,1,2,2,4,1,1,1,
13/08/2017,7,14:05,2,239,2,3,3,4,4,2,1,
14/08/2017,1,20:32,2,237.6,2,2,3,4,1,2,11,
16/08/2017,3,11:50,2,178.9,2,2,2,4,1,2,6,
16/08/2017,3,16:35,2,152.6,1,2,1,4,2,2,6,
17/08/2017,4,3:45,2,251.7,2,3,4,4,1,1,6,
20/08/2017,7,15:30,2,242.4,2,4,3,4,1,2,6,
20/08/2017,7,16:06,2,220,1,3,2,4,1,2,1,
21/08/2017,1,13:00,2,230.2,1,3,1,4,1,2,1,
22/08/2017,2,17:30,2,159,1,3,3,4,1,2,14,
22/08/2017,2,23:25,2,162.5,2,3,2,4,2,2,6,
24/08/2017,4,5:50,2,160.4,2,3,2,4,1,1,1,
24/08/2017,4,7:38,2,228.6,2,2,3,4,1,1,6,
26/08/2017,6,5:55,2,156.9,2,4,2,4,1,1,1,
26/08/2017,6,14:30,2,204.5,2,4,3,4,1,2,1,
28/08/2017,1,6:30,2,215.4,2,4,3,4,1,4,6,
1/9/2017,5,0:15,2,189.6,1,4,4,4,1,2,14,
2/9/2017,6,12:13,2,152.5,1,4,4,4,2,1,5,
2/9/2017,6,6:55,2,234.9,1,1,4,4,1,2,1,
3/9/2017,7,6:45,2,216.4,2,4,4,4,2,2,5,
4/9/2017,1,0:00,2,208.1,1,1,2,4,1,4,1,
6/9/2017,3,16:45,2,228.4,2,3,1,4,1,1,1,
7/9/2017,4,12:10,2,177.4,2,2,2,4,1,1,5,
7/9/2017,4,17:48,2,238.4,1,3,2,4,1,1,11,
8/9/2017,5,7:45,2,186.15,2,2,3,4,2,2,6,
11/9/2017,1,8:25,2,169,1,4,2,4,1,2,3,
12/9/2017,2,15:25,2,175.4,1,2,2,4,1,1,6,
14/09/2017,4,11:10,2,236.4,1,2,2,4,1,2,6,
15/09/2017,5,9:45,2,189.6,1,2,3,4,1,2,5,
15/09/2017,5,20:25,2,246.6,2,4,5,4,1,1,11,
16/09/2017,6,7:07,2,196.6,2,3,3,4,1,2,1,
20/09/2017,3,18:50,2,159,2,3,3,4,2,1,6,
20/09/2017,3,19:20,2,179.9,1,2,4,4,1,1,1,
20/09/2017,3,20:35,2,183.5,1,2,2,2,1,1,5,
21/09/2017,4,16:05,2,223.9,1,3,1,4,2,1,1,
22/09/2017,5,15:55,2,152.45,1,3,2,4,1,1,6,
22/09/2017,5,23:30,2,168.1,1,2,3,4,1,1,6,
22/09/2017,5,7:50,2,228.7,1,3,3,4,1,2,6,
22/09/2017,5,23:55,2,241.1,1,1,2,4,1,1,6,
24/09/2017,7,10:00,2,168.45,2,4,4,4,1,2,15,
24/09/2017,7,12:05,2,187.55,2,2,2,4,1,1,6,
26/09/2017,2,19:05,2,150.5,2,4,2,4,1,1,6,
26/09/2017,2,22:15,2,211.15,2,2,3,4,1,1,15,
27/09/2017,3,11:10,2,183.9,1,3,2,4,1,2,1,
27/09/2017,3,23:15,2,178,1,2,1,2,1,1,1,
27/09/2017,3,22:15,2,211.15,2,3,3,4,1,1,5,
29/09/2017,5,4:30,2,225.4,2,4,4,4,1,2,6,
30/09/2017,6,18:47,2,169.65,1,2,2,4,1,1,6,
30/09/2017,6,10:10,2,152.45,2,2,3,4,1,2,6,
1/10/2017,7,9:20,2,216.4,2,2,3,2,1,1,5,
4/10/2017,3,4:00,2,189.6,2,3,4,4,1,1,6,
4/10/2017,3,21:50,2,189.7,2,4,1,4,1,2,6,
4/10/2017,3,18:00,2,208.8,2,2,4,4,2,2,6,
7/10/2017,6,19:22,2,228.6,1,3,4,4,1,2,1,
8/10/2017,7,9:25,2,151.35,2,2,4,4,2,1,1,
8/10/2017,7,18:35,2,189.3,2,2,2,4,1,2,1,
8/10/2017,7,2:20,2,239.9,1,4,2,4,2,1,6,
8/10/2017,7,14:20,2,228.6,1,2,2,4,1,2,1,
9/10/2017,1,19:30,2,180,1,2,4,2,1,2,6,
9/10/2017,1,13:00,2,239.4,1,2,2,4,2,2,1,
9/10/2017,1,15:20,2,239.5,2,2,5,4,2,2,1,
11/10/2017,3,5:45,2,157.6,2,2,2,4,1,1,6,
11/10/2017,3,8:55,2,189.3,2,4,2,4,1,1,6,
12/10/2017,4,4:05,2,226,1,4,3,4,2,1,1,
12/10/2017,4,23:00,2,227.9,2,4,4,4,1,2,1,
13/10/2017,5,1:40,2,184.3,2,4,2,4,2,1,5,
13/10/2017,5,1:17,2,167.5,1,2,2,4,1,1,5,
13/10/2017,5,19:15,2,168,1,2,2,4,1,2,14,
13/10/2017,5,22:35,2,166.7,2,3,2,4,1,2,1,
13/10/2017,5,4:40,2,248.8,2,3,2,4,1,1,6,
13/10/2017,5,21:30,2,242.2,1,2,5,4,1,2,6,
15/10/2017,7,7:10,2,191.5,1,1,4,4,2,1,5,
15/10/2017,7,10:10,2,195.4,1,2,4,4,1,1,5,
15/10/2017,7,3:05,2,246.2,2,4,3,4,1,1,1,
15/10/2017,7,4:30,2,214.8,1,4,1,4,2,1,11,
16/10/2017,1,0:20,2,191.3,2,4,1,4,1,1,6,
17/10/2017,2,15:55,2,171.8,2,3,2,4,1,2,14,
17/10/2017,2,18:25,2,157.8,2,2,2,4,1,2,1,
18/10/2017,3,8:25,2,231,2,2,4,4,1,1,1,
19/10/2017,4,3:00,2,241.6,2,3,2,2,1,1,6,
20/10/2017,5,14:15,2,152.4,2,2,2,4,2,2,14,
21/10/2017,6,23:40,2,222.2,1,3,3,4,1,2,1,
22/10/2017,7,19:26,2,211.8,1,2,3,4,1,1,6,
23/10/2017,1,18:10,2,213.7,1,3,3,4,1,2,6,
23/10/2017,1,9:00,2,188,1,2,3,2,1,1,1,
23/10/2017,1,17:15,2,167.35,1,2,2,4,1,2,11,
23/10/2017,1,19:20,2,161.35,2,3,1,4,1,2,6,
23/10/2017,1,20:15,2,187.8,1,2,3,4,1,2,6,
23/10/2017,1,19:50,2,243.4,2,3,2,4,2,2,6,
24/10/2017,2,13:00,2,152.5,1,4,3,4,2,2,6,
25/10/2017,3,21:55,2,235,2,2,2,4,1,1,11,
26/10/2017,4,1:10,2,197.8,2,4,4,4,1,1,3,
26/10/2017,4,5:05,2,219.5,1,4,4,4,1,1,5,
28/10/2017,6,6:30,2,171.1,2,4,2,4,1,1,11,
29/10/2017,7,1:30,2,240,2,2,4,4,1,1,5,
29/10/2017,7,9:45,2,209,2,4,3,4,1,2,5,
30/10/2017,1,0:25,2,168,2,2,1,4,2,1,1,
31/10/2017,2,20:15,2,189.6,1,2,3,2,1,2,1,
1/11/2017,3,7:00,2,213.6,2,3,4,4,1,1,1,
1/11/2017,3,23:45,2,228,2,3,2,4,1,2,6,
1/11/2017,3,23:20,2,221.8,2,4,1,4,1,2,6,
3/11/2017,5,0:30,2,180.6,1,2,2,4,1,1,1,
4/11/2017,6,19:50,2,195.8,2,2,3,4,1,2,1,
4/11/2017,6,4:30,2,246.3,2,1,2,4,1,1,5,
4/11/2017,6,13:10,2,214.8,2,3,2,4,1,2,11,
4/11/2017,6,16:00,2,215.5,1,3,3,4,1,2,6,
5/11/2017,7,5:05,2,170.1,2,1,4,4,1,1,14,
5/11/2017,7,10:20,2,167.4,1,2,4,4,2,1,6,
5/11/2017,7,20:45,2,170.2,2,3,1,4,2,2,1,
5/11/2017,7,1:10,2,234,1,4,4,4,1,1,5,
5/11/2017,7,15:35,2,206.6,1,4,3,4,1,2,6,
5/11/2017,7,16:00,2,235.1,2,2,2,4,1,2,11,
5/11/2017,7,17:30,2,220.5,2,1,2,4,1,2,10,
6/11/2017,1,1:30,2,186,2,2,2,4,2,1,1,
7/11/2017,2,4:00,2,240.4,2,4,3,4,1,1,11,
7/11/2017,2,23:10,2,209.2,2,3,2,4,1,2,5,
9/11/2017,4,12:05,2,162.6,1,1,4,4,1,2,5,
9/11/2017,4,11:45,2,246.6,2,1,4,4,1,1,1,
9/11/2017,4,19:10,2,231,2,3,2,4,1,2,1,
9/11/2017,4,22:15,2,216.2,2,2,2,4,2,2,14,
10/11/2017,5,11:05,2,173.5,1,2,3,2,1,1,5,
10/11/2017,5,16:30,2,239.9,1,3,3,4,2,2,6,
10/11/2017,5,19:15,2,222.4,1,4,2,4,1,2,6,
11/11/2017,6,23:03,2,184.5,1,2,2,2,1,2,6,
11/11/2017,6,22:54,2,235,1,2,3,4,1,2,1,
12/11/2017,7,23:45,2,151.8,2,2,2,4,2,2,1,
12/11/2017,7,19:50,2,191.5,2,2,1,4,2,2,6,
13/11/2017,1,3:00,2,234.7,2,2,2,4,1,1,5,
13/11/2017,1,4:55,2,247.4,2,3,2,4,1,1,6,
13/11/2017,1,20:00,2,219.2,2,2,3,4,1,2,6,
14/11/2017,2,20:50,2,157,1,1,3,2,1,2,1,
14/11/2017,2,23:35,2,155.4,2,2,2,4,1,2,15,
16/11/2017,4,10:20,2,199,1,2,2,4,1,1,1,
17/11/2017,5,2:10,2,152.5,1,3,3,4,1,1,6,
17/11/2017,5,11:50,2,247.2,2,2,3,4,1,1,5,
18/11/2017,6,6:00,2,184.05,1,4,4,4,1,1,11,
19/11/2017,7,10:15,2,170.95,1,2,2,4,1,1,15,
19/11/2017,7,16:10,2,164.3,2,3,3,4,2,2,1,
19/11/2017,7,18:30,2,156.6,2,2,2,4,1,2,1,
19/11/2017,7,21:45,2,224.6,1,3,3,4,1,2,6,
21/11/2017,2,0:40,2,246.1,2,3,3,4,1,1,15,
21/11/2017,2,16:00,2,242.5,2,4,4,4,1,2,6,
22/11/2017,3,3:15,2,225.8,2,3,3,4,1,1,5,
22/11/2017,3,15:10,2,212.2,1,3,3,4,1,2,1,
23/11/2017,4,11:05,2,168.1,1,2,2,4,1,1,1,
23/11/2017,4,13:20,2,187,1,1,1,4,1,2,3,
23/11/2017,4,22:45,2,173.8,1,1,1,4,1,2,6,
23/11/2017,4,23:25,2,226.5,1,3,3,4,1,2,6,
24/11/2017,5,12:50,2,182.4,1,2,2,4,1,2,1,
24/11/2017,5,16:05,2,191.9,1,3,3,4,1,2,5,
24/11/2017,5,19:20,2,177,2,3,3,2,1,2,14,
24/11/2017,5,0:15,2,200,2,4,4,4,1,1,1,
24/11/2017,5,11:40,2,204.6,2,3,3,4,1,1,1,
24/11/2017,5,19:35,2,225.8,2,2,2,4,1,2,11,
24/11/2017,5,23:15,2,226.5,2,3,3,4,1,2,1,
25/11/2017,6,18:22,2,168.4,1,2,2,2,1,2,6,
25/11/2017,6,9:15,2,244.9,2,4,4,4,1,1,6,
27/11/2017,1,5:10,2,202.8,2,4,4,4,1,1,6,
27/11/2017,1,22:28,2,237.4,1,2,2,4,1,2,6,
28/11/2017,2,3:00,2,213.5,1,4,4,4,1,1,14,
29/11/2017,3,0:05,2,163.3,1,3,3,4,1,2,5,
30/11/2017,4,15:55,2,208,2,2,4,4,1,2,5,
1/12/2017,5,2:05,2,227.6,2,1,4,4,1,3,11,
2/12/2017,6,19:45,2,228.6,1,4,4,4,1,2,1,
2/12/2017,6,22:35,2,251,1,2,2,4,1,2,5,
3/12/2017,7,19:00,2,212.3,2,3,4,2,1,2,10,
5/12/2017,2,17:55,2,183.75,1,2,3,2,1,2,1,
6/12/2017,3,11:35,2,236,1,2,2,4,1,1,6,
6/12/2017,3,13:10,2,211.4,2,2,2,4,2,2,5,
7/12/2017,4,14:05,2,184.2,1,2,3,2,1,2,6,
7/12/2017,4,13:30,2,218.4,1,3,2,4,1,2,5,
8/12/2017,5,21:30,2,247.4,2,4,2,4,2,2,5,
8/12/2017,5,23:05,2,213,2,3,4,4,1,2,6,
9/12/2017,6,19:05,2,180,2,2,3,4,1,2,5,
9/12/2017,6,15:20,2,242.6,2,4,2,4,1,2,14,
9/12/2017,6,19:30,2,219.2,2,2,3,4,1,2,1,
10/12/2017,7,20:40,2,241.7,1,2,3,4,1,2,6,
12/12/2017,2,2:20,2,176.2,1,3,3,4,1,3,1,
12/12/2017,2,14:15,2,177.8,1,3,2,2,1,2,6,
12/12/2017,2,2:45,2,221.8,2,3,3,4,1,3,1,
12/12/2017,2,23:10,2,247.3,2,4,1,4,2,2,1,
14/12/2017,4,8:45,2,166.6,2,2,2,4,1,1,6,
14/12/2017,4,9:40,2,169.25,2,2,4,4,1,1,1,
14/12/2017,4,18:55,2,179.3,2,4,4,4,1,2,1,
14/12/2017,4,19:15,2,187.7,2,2,3,4,1,2,11,
15/12/2017,5,13:05,2,227.3,2,3,3,4,2,2,1,
15/12/2017,5,14:00,2,233.4,2,3,3,4,1,2,5,
16/12/2017,6,8:05,2,162.8,1,4,2,4,2,1,11,
16/12/2017,6,18:00,2,158.9,2,2,1,4,2,2,6,
16/12/2017,6,5:15,2,201.6,1,2,2,4,1,3,1,
16/12/2017,6,21:00,2,239,1,2,4,4,2,2,1,
17/12/2017,7,19:10,2,183.6,1,2,2,4,1,3,6,
17/12/2017,7,1:20,2,211.2,1,1,3,4,1,3,3,
17/12/2017,7,16:00,2,229.9,1,3,3,4,1,2,6,
18/12/2017,1,15:20,2,191.7,1,2,2,4,1,2,1,
18/12/2017,1,23:20,2,190,1,4,3,4,1,2,1,
19/12/2017,2,16:05,2,191.4,1,3,2,4,3,2,11,
19/12/2017,2,2:15,2,203.8,2,4,2,4,1,3,6,
19/12/2017,2,16:17,2,222.6,1,3,2,4,2,2,5,
20/12/2017,3,4:48,2,240.4,1,4,3,4,1,3,5,
21/12/2017,4,1:00,2,221.8,1,3,2,4,1,3,1,
21/12/2017,4,8:05,2,205.2,1,3,4,4,1,1,6,
21/12/2017,4,21:40,2,189.7,2,2,2,4,1,2,5,
22/12/2017,5,19:45,2,231.2,2,4,2,4,1,2,6,
23/12/2017,6,13:40,2,187.6,1,2,2,4,1,2,1,
23/12/2017,6,17:45,2,162.8,1,3,2,4,2,2,14,
23/12/2017,6,10:30,2,224.9,2,3,1,4,1,1,5,
24/12/2017,7,3:45,2,210.2,2,4,1,4,1,3,3,
25/12/2017,1,12:34,2,211.8,2,2,4,4,1,2,14,
25/12/2017,1,9:30,2,175.6,2,4,3,4,1,1,6,
25/12/2017,1,10:20,2,174.2,2,3,2,4,2,1,1,
26/12/2017,2,11:10,2,180.2,1,3,3,4,1,1,6,
26/12/2017,2,18:50,2,203.8,2,2,2,4,1,2,5,
26/12/2017,2,23:10,2,223.2,1,4,4,4,2,1,1,
27/12/2017,3,13:15,2,187.55,1,2,4,2,1,2,1,
28/12/2017,4,20:30,2,232.6,1,3,3,4,1,1,6,
29/12/2017,5,22:20,2,199,2,3,4,4,1,2,5,
29/12/2017,5,20:00,2,207.4,2,2,4,4,1,2,3,
31/12/2017,7,20:50,2,237.6,2,2,4,4,1,2,6,
1/1/2018,1,22:00,2,247,1,3,2,4,1,2,11,
1/1/2018,1,23:15,2,247.8,2,3,5,4,1,3,1,
2/1/2018,2,23:30,2,182.45,1,2,2,2,2,3,6,
2/1/2018,2,13:20,2,213.6,1,3,3,4,4,2,6,
5/1/2018,5,6:00,2,165.4,2,4,3,4,1,3,1,
5/1/2018,5,9:33,2,204.4,2,3,3,4,1,1,6,
5/1/2018,5,11:50,2,211,2,2,4,4,2,1,6,
7/1/2018,7,2:35,2,185.1,1,4,2,4,1,1,5,
7/1/2018,7,19:15,2,211.6,2,4,3,4,1,1,5,
7/1/2018,7,19:25,2,245.2,1,2,4,4,2,1,5,
9/1/2018,2,9:35,2,209.4,2,3,3,4,2,1,5,
9/1/2018,2,14:00,2,204.3,2,2,2,4,1,2,10,
10/1/2018,3,7:30,2,175.2,2,3,3,4,1,1,6,
10/1/2018,3,23:25,2,175.5,1,3,3,2,1,2,1,
11/1/2018,4,15:30,2,237.5,2,3,3,4,1,2,6,
12/1/2018,5,7:35,2,207.3,1,3,3,4,1,1,6,
12/1/2018,5,13:20,2,225.6,2,2,2,4,2,2,11,
13/01/2018,6,11:00,2,174.45,2,2,1,4,2,1,11,
13/01/2018,6,14:25,2,165.95,1,4,4,4,1,2,5,
13/01/2018,6,0:46,2,225.7,1,3,3,4,1,1,6,
14/01/2018,7,19:35,2,210.6,1,4,3,4,1,2,5,
15/01/2018,1,15:30,2,199.5,2,4,2,4,1,2,1,
16/01/2018,2,16:35,2,166.85,2,1,4,4,1,2,5,
16/01/2018,2,18:35,2,152.4,1,4,3,4,1,2,1,
17/01/2018,3,14:15,2,177.8,1,2,3,4,1,2,15,
17/01/2018,3,15:55,2,172.2,2,4,4,4,1,2,6,
17/01/2018,3,16:00,2,169.5,1,4,3,4,1,2,5,
17/01/2018,3,23:55,2,188.6,2,4,2,4,2,2,6,
18/01/2018,4,7:20,2,169.5,1,2,4,4,1,1,1,
19/01/2018,5,20:00,2,207.1,2,4,3,4,2,2,1,
21/01/2018,7,2:05,2,245.4,1,4,2,4,2,3,1,
21/01/2018,7,2:45,2,240.4,1,1,4,4,1,3,5,
21/01/2018,7,16:55,2,213.4,1,1,4,4,1,2,10,
21/01/2018,7,18:30,2,226.4,2,2,3,4,1,2,1,
22/01/2018,1,7:00,2,181.7,2,3,3,4,1,1,1,
22/01/2018,1,11:45,2,225.2,1,3,3,4,1,1,11,
22/01/2018,1,20:15,2,217.5,2,3,4,4,1,2,6,
23/01/2018,2,20:09,2,188.5,2,2,3,4,2,2,1,
24/01/2018,3,1:45,2,202.6,2,2,4,4,1,3,7,
25/01/2018,4,6:00,2,197.7,2,2,3,4,1,1,1,
25/01/2018,4,12:10,2,183.85,1,2,2,4,1,2,6,
26/01/2018,5,1:05,2,177,1,4,2,4,1,9,1,
28/01/2018,7,19:15,2,179.4,2,3,2,4,1,2,1,
28/01/2018,7,22:00,2,176.5,1,2,2,4,1,2,6,
29/01/2018,1,6:00,2,208,2,4,4,4,1,3,1,
29/01/2018,1,23:00,2,230.6,1,3,3,4,1,2,6,
30/01/2018,2,4:02,2,176,1,3,2,4,1,3,6,
30/01/2018,2,0:32,2,247.6,1,4,4,4,1,3,15,
30/01/2018,2,21:15,2,236.6,1,4,1,4,1,2,1,
1/3/2018,4,11:10,2,187.5,1,2,4,4,1,1,6,
2/3/2018,5,19:15,2,187.5,1,2,4,4,1,2,15,
2/3/2018,5,11:20,2,240.05,2,2,2,4,2,1,14,
2/3/2018,5,13:20,2,227.6,1,2,3,4,1,2,5,
2/3/2018,5,23:00,2,209.5,1,1,2,4,1,2,15,
3/3/2018,6,10:45,2,179.35,2,2,2,4,1,1,1,
3/3/2018,6,0:15,2,211.2,1,4,4,4,1,1,1,
3/3/2018,6,22:35,2,242.6,1,4,2,4,1,2,1,
4/3/2018,7,15:55,2,168.7,2,3,2,4,4,2,6,
5/3/2018,1,13:45,2,159.5,1,3,1,4,2,2,15,
7/3/2018,3,1:27,2,226,2,1,2,4,2,1,5,
8/3/2018,4,0:45,2,193.9,1,1,2,4,2,1,6,
9/3/2018,5,11:45,2,189.6,1,2,1,4,1,1,6,
9/3/2018,5,19:30,2,221.3,1,3,2,4,1,2,3,
10/3/2018,6,9:10,2,177.9,1,2,2,4,1,1,11,
13/03/2018,2,0:15,2,191.2,1,3,4,4,1,1,1,
14/03/2018,3,12:35,2,179.35,1,2,4,4,1,2,6,
14/03/2018,3,18:00,2,168,2,2,3,4,2,2,6,
14/03/2018,3,21:45,2,157.9,2,2,2,4,1,2,3,
16/03/2018,5,19:20,2,204.8,1,2,2,4,1,2,6,
17/03/2018,6,10:15,2,230,1,3,4,4,1,1,1,
17/03/2018,6,19:45,2,239.1,1,2,4,4,1,2,3,
18/03/2018,7,16:15,2,161.5,2,2,3,4,1,2,1,
19/03/2018,1,17:56,2,159.1,1,4,2,4,2,2,6,
19/03/2018,1,9:40,2,159.1,2,2,2,4,2,1,5,
22/03/2018,4,9:30,2,222.1,2,4,3,4,2,1,1,
22/03/2018,4,10:15,2,230.2,2,2,4,4,1,1,1,
23/03/2018,5,22:00,2,226.8,1,4,3,4,2,2,1,
24/03/2018,6,10:00,2,181.8,2,2,1,4,1,1,14,
24/03/2018,6,16:40,2,175.7,1,3,2,4,1,2,6,
24/03/2018,2,17:23,2,177.8,1,2,1,4,2,2,15,
25/03/2018,7,23:30,2,161.7,2,2,2,4,1,2,6,
25/03/2018,7,12:30,2,225.2,2,2,5,2,2,2,6,
28/03/2018,3,1:35,2,168.6,1,1,1,4,1,1,6,
29/03/2018,4,6:05,2,170.6,2,2,3,4,2,1,1,
30/03/2018,5,4:30,2,221,2,1,1,4,1,1,5,
30/03/2018,5,11:45,2,243.8,1,3,2,4,1,1,6,
31/03/2018,6,11:45,2,179.85,1,2,2,2,1,1,1,
31/03/2018,6,18:20,2,152.8,2,2,1,2,1,2,1,
31/03/2018,6,2:30,2,218.2,1,2,2,4,1,1,6,
1/4/2018,7,10:55,2,188.5,1,2,2,4,1,1,6,
2/4/2018,1,19:55,2,223.1,2,2,2,4,1,2,6,
3/4/2018,2,23:30,2,178.1,1,3,3,4,1,2,5,
5/4/2018,4,8:45,2,191.35,1,4,3,2,1,1,11,
5/4/2018,4,14:35,2,251.8,1,1,1,4,1,2,11,
6/4/2018,5,13:45,2,251,2,1,2,4,1,2,1,
6/4/2018,5,21:45,2,211.2,2,3,4,4,1,2,1,
7/4/2018,6,10:35,2,177.05,1,2,4,2,1,1,5,
7/4/2018,6,11:15,2,232.7,2,2,2,4,1,1,5,
7/4/2018,6,23:15,2,242.6,2,4,4,4,1,2,1,
8/4/2018,7,18:58,2,173.9,1,3,2,2,1,2,6,
8/4/2018,7,0:00,2,217.5,1,3,3,4,1,1,6,
8/4/2018,7,9:40,2,209.65,2,4,3,4,1,1,1,
9/4/2018,1,11:00,2,230.2,2,3,2,4,1,1,6,
10/4/2018,2,12:35,2,225.4,2,4,4,4,1,2,5,
10/4/2018,2,13:15,2,230.4,1,4,4,4,1,2,5,
11/4/2018,3,4:30,2,179.85,2,4,2,4,1,1,6,
11/4/2018,3,8:15,2,179.5,2,3,4,4,1,1,5,
11/4/2018,3,7:05,2,210.6,2,1,2,4,1,1,1,
11/4/2018,3,17:45,2,227.1,2,1,2,4,1,2,1,
12/4/2018,4,6:55,2,198.5,2,1,2,4,1,1,7,
12/4/2018,4,6:05,2,240.1,2,3,2,4,2,1,1,
14/04/2018,6,2:30,2,156,1,2,2,4,1,1,11,
14/04/2018,6,7:55,2,233.8,2,2,2,4,1,1,11,
14/04/2018,6,5:30,2,249.3,2,4,4,4,1,1,1,
14/04/2018,6,14:25,2,210.65,2,4,3,4,1,2,3,
15/04/2018,7,0:05,2,185.1,2,1,2,4,1,1,6,
15/04/2018,7,14:05,2,178.75,2,3,2,4,1,2,5,
15/04/2018,7,16:45,2,231,2,2,4,4,1,2,1,
15/04/2018,7,21:50,2,213.3,1,2,2,4,1,2,11,
17/04/2018,2,5:20,2,161.9,2,1,2,4,1,1,6,
17/04/2018,2,11:35,2,179.75,2,2,4,4,1,1,6,
17/04/2018,2,17:55,2,178.8,1,3,2,2,1,2,11,
17/04/2018,2,17:00,2,242.2,2,3,3,4,1,2,11,
17/04/2018,2,12:16,2,241.3,1,4,3,4,1,2,6,
18/04/2018,3,14:30,2,181.6,2,2,4,4,1,2,6,
18/04/2018,3,23:35,2,191.9,1,4,2,4,1,2,1,
19/04/2018,4,1:30,2,203.6,1,3,5,4,1,1,6,
20/04/2018,5,11:00,2,185.2,2,4,4,4,1,1,1,
21/04/2018,6,10:50,2,171.65,2,2,2,4,1,1,1,
21/04/2018,6,18:15,2,152.4,1,2,3,4,2,2,1,
21/04/2018,6,16:10,2,237.95,2,4,4,4,1,2,15,
21/04/2018,6,20:40,2,225.8,2,3,2,4,1,2,6,
22/04/2018,7,3:15,2,162.3,2,3,4,4,1,1,5,
22/04/2018,7,15:00,2,231.1,2,4,4,4,1,2,14,
22/04/2018,7,20:00,2,242.2,2,1,3,4,1,2,6,
23/04/2018,1,15:35,2,158.9,2,2,2,4,1,2,3,
24/04/2018,2,9:00,2,239.6,1,2,3,4,1,1,1,
24/04/2018,2,10:28,2,233.2,2,3,4,4,1,1,11,
26/04/2018,4,15:55,2,211.6,2,1,2,4,1,2,1,
26/04/2018,4,17:05,2,206.5,2,3,3,4,1,2,6,
27/04/2018,5,2:05,2,189.6,1,2,4,4,1,1,1,
27/04/2018,5,11:05,2,188.1,2,2,3,4,1,1,6,
27/04/2018,5,23:15,2,178.5,2,2,2,4,1,2,15,
27/04/2018,5,3:30,2,217.4,1,3,2,4,1,1,5,
27/04/2018,5,7:40,2,202.2,2,2,4,4,1,1,1,
28/04/2018,6,17:25,2,189.6,1,1,2,4,1,2,5,
28/04/2018,6,11:30,2,231.6,1,2,2,4,1,1,1,
29/04/2018,7,16:32,2,199.3,2,4,4,4,1,1,7,
29/04/2018,7,6:30,2,229.5,2,3,4,4,1,1,11,
1/5/2018,2,2:00,2,181.3,1,4,2,4,1,1,6,
1/5/2018,2,18:50,2,176.8,1,2,2,4,1,2,1,
1/5/2018,2,0:15,2,243.15,2,1,2,4,1,1,3,
1/5/2018,2,11:15,2,211.2,1,2,3,4,1,1,5,
2/5/2018,3,14:30,2,199.5,1,4,2,4,1,2,6,
3/5/2018,4,23:05,2,246.5,2,4,4,4,1,2,6,
4/5/2018,5,17:24,2,191.4,1,4,2,4,1,2,11,
4/5/2018,5,21:55,2,246,1,3,2,4,1,2,1,
5/5/2018,6,16:30,2,167.4,1,4,2,4,1,2,1,
5/5/2018,6,8:33,2,220.6,2,2,2,4,1,1,1,
5/5/2018,6,15:28,2,214.1,2,1,2,4,1,2,1,
5/5/2018,6,18:30,2,225.6,2,3,3,4,1,2,1,
6/5/2018,7,1:35,2,223.1,2,4,4,4,1,1,11,
7/5/2018,1,1:58,2,186.8,1,4,4,4,1,1,14,
7/5/2018,1,13:05,2,200.2,2,4,2,4,1,2,1,
8/5/2018,2,0:10,2,194.3,1,4,2,4,1,1,5,
8/5/2018,2,19:16,2,243.9,1,2,4,2,1,2,1,
9/5/2018,3,8:02,2,239.8,2,2,5,4,1,1,1,
10/5/2018,4,14:30,2,161.9,2,2,4,4,1,2,15,
10/5/2018,4,0:10,2,225.2,1,3,4,4,1,1,6,
10/5/2018,4,6:05,2,202.6,2,4,3,4,1,1,1,
10/5/2018,4,7:00,2,222.8,2,2,2,4,1,1,1,
10/5/2018,4,15:30,2,247.3,1,3,2,4,1,2,1,
11/5/2018,5,23:50,2,220.6,1,3,2,4,1,2,1,
12/5/2018,6,15:10,2,197,1,2,3,4,1,2,6,
12/5/2018,6,3:15,2,223.4,2,4,2,4,1,1,15,
12/5/2018,6,9:15,2,230.2,1,3,4,4,1,1,6,
13/05/2018,7,5:15,2,230.2,1,4,4,4,1,1,1,
13/05/2018,7,6:05,2,202.5,1,1,4,4,1,1,1,
14/05/2018,1,6:10,2,158.6,1,2,2,4,1,1,6,
15/05/2018,2,9:30,2,238.1,2,3,3,4,1,1,5,
15/05/2018,2,15:00,2,217.6,2,2,2,4,1,2,6,
15/05/2018,2,19:30,2,243.4,2,2,2,4,1,2,1,
16/05/2018,3,20:10,2,212.2,1,2,4,4,1,2,6,
17/05/2018,4,3:40,2,158.8,1,2,3,4,2,1,1,
17/05/2018,4,23:15,2,242,2,2,3,4,1,2,6,
18/05/2018,5,3:20,2,202.4,1,4,4,4,1,1,6,
18/05/2018,5,7:00,2,212.6,2,4,3,4,1,1,11,
18/05/2018,5,13:45,2,209.3,2,4,2,4,1,2,15,
19/05/2018,6,11:50,2,187.2,1,2,3,2,1,1,1,
19/05/2018,6,4:01,2,199,2,4,2,4,1,1,5,
19/05/2018,6,15:40,2,222.6,2,3,2,4,1,2,1,
19/05/2018,6,20:10,2,239.6,1,2,3,2,1,2,6,
20/05/2018,7,8:20,2,185.2,1,3,1,4,1,1,5,
20/05/2018,7,17:35,2,157.6,1,2,1,4,1,2,6,
20/05/2018,7,9:45,2,210,2,2,5,4,1,1,11,
25/05/2018,5,19:30,2,191.9,1,2,2,4,1,2,6,
25/05/2018,5,20:00,2,237.4,2,2,2,4,1,2,1,
26/05/2018,6,16:50,2,159.15,2,4,4,4,1,2,1,
26/05/2018,6,17:10,2,217.6,1,2,3,4,1,2,1,
27/05/2018,7,10:45,2,178.8,1,2,2,4,1,1,6,
27/05/2018,7,10:50,2,179.35,1,2,1,4,1,1,1,
27/05/2018,7,17:40,2,167.7,1,3,2,4,1,2,1,
27/05/2018,7,23:32,2,188.45,2,2,2,2,1,2,6,
27/05/2018,7,19:00,2,238.9,1,3,2,2,1,2,6,
28/05/2018,1,15:35,2,183.3,1,2,2,4,1,2,1,
29/05/2018,2,0:40,2,185.8,1,4,2,4,1,1,6,
29/05/2018,2,16:05,2,226.4,2,3,3,4,1,2,6,
30/05/2018,3,18:12,2,162.7,1,4,2,4,2,2,11,
30/05/2018,3,15:50,2,215.8,2,2,2,4,1,2,15,
31/05/2018,4,12:05,2,175.98,2,4,2,4,1,2,3,
31/05/2018,4,16:02,2,172.9,1,3,3,4,1,2,1,
2/6/2018,6,16:30,2,226.1,2,3,3,4,1,2,6,
4/6/2018,1,12:30,2,227.4,2,3,3,4,1,2,5,
6/6/2018,3,14:10,2,160.4,1,1,2,4,2,2,6,
6/6/2018,3,7:00,2,217.4,2,4,2,4,1,1,6,
8/6/2018,5,0:20,2,212,1,2,3,4,1,1,5,
10/6/2018,7,13:15,2,186.5,1,2,2,4,2,2,10,
11/6/2018,1,10:30,2,206.8,2,4,2,4,1,1,1,
12/6/2018,2,4:02,2,181.8,2,2,1,4,1,1,5,
12/6/2018,2,13:45,2,191.7,2,4,4,4,1,2,11,
12/6/2018,2,18:56,2,225.6,2,3,2,4,1,2,5,
13/06/2018,3,7:36,2,163.2,2,2,2,4,1,1,5,
14/06/2018,4,4:00,2,223,1,4,4,4,1,1,15,
17/06/2018,7,17:15,2,220.9,1,2,2,4,1,2,11,
19/06/2018,2,1:40,2,195.6,2,4,2,4,1,1,1,
21/06/2018,4,2:22,2,199.2,2,4,2,4,1,1,1,
21/06/2018,4,8:00,2,161.2,1,4,2,4,1,1,1,
21/06/2018,4,2:07,2,244.45,1,1,2,2,1,1,5,
22/06/2018,5,10:15,2,170.5,1,2,3,2,1,1,3,
22/06/2018,5,11:30,2,167.65,1,2,4,4,1,1,4,
23/06/2018,6,22:20,2,182.3,1,4,3,4,1,2,1,
24/06/2018,7,6:55,2,178.4,2,1,4,4,1,1,6,
24/06/2018,7,20:25,2,164.15,2,2,4,4,1,2,1,
25/06/2018,1,12:45,2,208,2,3,2,4,1,2,5,
28/06/2018,4,7:10,2,234.9,1,3,4,4,1,1,5,
28/06/2018,4,13:40,2,199.7,2,3,2,4,1,2,11,
28/06/2018,4,22:40,2,159.2,1,4,4,4,2,2,1,
30/06/2018,6,7:55,2,185,1,2,2,2,1,1,1,
2/12/2018,7,12:05,2,156.25,1,2,2,4,1,2,1,
6/12/2018,4,23:20,2,249.4,1,3,2,4,4,2,1,
7/12/2018,5,19:45,2,240.6,2,4,2,4,1,2,6,
10/12/2018,1,10:15,2,176.9,1,2,3,4,1,1,1,
10/12/2018,1,1:05,2,238.4,2,2,2,4,1,3,5,
10/12/2018,1,9:34,2,231,2,2,4,4,1,1,5,
11/12/2018,2,0:10,2,187.5,1,2,2,4,1,3,6,
12/12/2018,3,13:44,2,228.6,2,3,2,4,1,2,6,
13/12/2018,4,11:15,2,226.9,2,2,3,4,1,1,5,
13/12/2018,4,17:30,2,226.9,2,2,4,4,1,2,14,
14/12/2018,5,2:55,2,205.5,2,2,2,4,1,3,1,
14/12/2018,5,23:53,2,230,2,3,2,4,1,2,1,
15/12/2018,6,9:15,2,152.1,2,2,2,4,1,1,11,
15/12/2018,6,16:35,2,219.9,2,2,1,4,1,2,11,
15/12/2018,6,17:40,2,250,1,4,2,2,1,2,3,
16/12/2018,7,5:05,2,226.2,2,2,2,4,1,1,5,
16/12/2018,7,10:50,2,231.8,2,2,2,4,1,1,6,
19/12/2018,3,22:50,2,210.6,2,1,2,4,1,2,5,
21/12/2018,5,2:50,2,214.7,2,1,2,4,1,3,1,
24/12/2018,1,23:20,2,152.4,1,4,2,4,1,2,1,
24/12/2018,1,16:05,2,243,1,2,4,4,1,2,1,
25/12/2018,2,5:20,2,202.6,1,4,2,4,1,3,3,
26/12/2018,3,20:30,2,228.5,2,2,4,4,1,2,5,
27/12/2018,4,6:00,2,216.1,2,1,2,4,1,3,6,
28/12/2018,5,16:25,2,179.1,1,2,2,4,1,2,1,
28/12/2018,5,16:30,2,234.9,2,3,2,4,1,2,6,
29/12/2018,6,9:15,2,174.8,2,2,4,4,1,1,14,
29/12/2018,6,9:00,2,238.1,2,3,2,4,1,1,6,
29/12/2018,6,18:30,2,228.2,1,2,3,4,1,2,6,
30/12/2018,7,5:10,2,221.4,2,3,2,4,1,3,6,
1/1/2015,4,8:20,1,495.9,1,3,2,4,1,1,6,
1/1/2015,4,17:10,1,502,1,3,3,4,1,1,5,
2/1/2015,5,9:30,1,493.35,1,3,2,4,1,3,6,
2/1/2015,5,14:00,2,426.24,1,2,2,4,1,3,5,
2/1/2015,5,15:05,1,493.1,2,3,2,4,1,3,11,
3/1/2015,6,23:20,2,509.35,1,3,3,4,1,4,1,
4/1/2015,7,13:00,2,452.52,1,2,2,4,1,3,6,
4/1/2015,7,3:00,1,492.25,1,3,3,4,1,3,5,
6/1/2015,2,23:48,1,513.45,2,1,2,4,1,1,6,
6/1/2015,2,18:05,2,418.18,2,2,3,4,1,1,1,7
6/1/2015,2,8:45,2,412.5,1,4,3,4,1,1,5,
9/1/2015,5,18:15,1,507.2,2,3,2,4,1,1,5,
11/1/2015,7,22:34,2,467.8,2,2,3,4,1,1,5,
11/1/2015,7,17:22,1,456.2,2,2,2,4,1,1,1,6
12/1/2015,1,6:30,1,504.7,2,4,3,4,1,1,5,
13/01/2015,2,21:50,2,469.3,1,1,2,4,1,1,11,
15/01/2015,4,17:10,1,502,1,3,2,4,1,1,5,5
15/01/2015,4,8:45,2,451.6,1,3,3,4,1,2,5,6
15/01/2015,4,14:25,2,433.42,1,2,2,4,1,1,5,
17/01/2015,6,16:10,1,501.3,1,2,2,4,1,1,5,1
18/01/2015,7,0:59,2,450.88,2,2,3,4,1,1,3,
19/01/2015,1,22:15,2,414.32,2,2,3,4,1,1,1,
19/01/2015,1,6:58,2,418,1,3,3,4,1,1,5,
21/01/2015,3,0:25,2,513.4,1,3,3,4,1,1,5,
21/01/2015,3,3:35,2,408.39,1,4,3,4,1,1,5,
23/01/2015,5,22:30,1,495.4,2,3,3,4,1,1,6,
24/01/2015,6,21:55,1,494.4,2,2,2,4,1,1,6,
24/01/2015,6,7:45,2,417.08,1,4,2,4,1,1,1,
24/01/2015,6,23:40,1,492.05,2,2,2,4,1,1,6,
25/01/2015,7,17:40,1,498.3,2,3,3,4,1,1,5,
25/01/2015,7,9:00,2,462.3,1,4,3,4,1,1,5,
26/01/2015,1,12:40,1,501.95,1,3,3,4,1,1,5,1
27/01/2015,2,18:15,1,498.45,2,3,3,4,1,1,6,
27/01/2015,2,10:45,1,498.5,2,2,2,4,1,1,11,
28/01/2015,3,3:50,1,495.85,2,3,3,4,1,1,5,
28/01/2015,3,10:15,2,490.5,1,3,2,4,1,1,11,
29/01/2015,4,19:45,1,501.15,1,3,2,4,1,1,6,
30/01/2015,5,15:15,2,504.6,1,3,1,4,1,1,11,
30/01/2015,5,22:35,1,498.5,1,2,2,4,1,1,6,
31/01/2015,6,5:39,2,482.75,1,2,3,4,1,1,5,
2/2/2015,1,1:35,2,403.308,2,4,3,4,1,1,1,
3/2/2015,2,11:00,1,496.141,2,3,3,4,1,1,11,
3/2/2015,2,12:05,1,499.1,2,2,2,4,1,1,1,8
4/2/2015,3,6:00,1,456.6,2,3,3,4,1,1,1,5
6/2/2015,5,21:20,1,496.5,1,3,3,4,1,1,6,
6/2/2015,5,11:05,2,484.55,1,3,3,4,1,1,6,
6/2/2015,5,0:25,2,418.1,1,2,2,4,1,1,1,3
8/2/2015,7,10:30,1,496.75,1,2,3,4,1,1,5,6
9/2/2015,1,10:10,2,479.9,2,3,2,4,1,1,5,
9/2/2015,1,4:25,2,435.15,1,3,3,4,1,1,6,
10/2/2015,2,21:00,2,480.2,2,4,3,1,1,1,5,
10/2/2015,2,6:00,1,498.5,1,4,3,1,1,1,5,
11/2/2015,3,14:20,1,497.45,1,1,4,4,1,1,11,
16/02/2015,1,11:45,1,493.6,2,2,3,4,1,1,6,
16/02/2015,1,9:10,1,490.95,2,2,3,4,1,1,11,
16/02/2015,1,19:20,2,466.35,1,2,3,4,1,1,6,
16/02/2015,1,9:00,1,490.95,2,3,3,4,1,1,5,
16/02/2015,1,11:30,2,451.22,1,3,3,4,1,1,5,
18/02/2015,3,18:40,2,488.05,1,3,3,4,1,1,11,
18/02/2015,3,1:15,1,456.4,2,2,3,4,1,1,5,
19/02/2015,4,13:11,2,414.4,2,3,3,4,1,1,5,
20/02/2015,5,15:00,2,423.76,2,1,3,4,1,1,5,
20/02/2015,5,7:05,2,487.8,2,2,3,4,1,1,5,
20/02/2015,5,22:38,1,499.95,2,2,3,4,1,1,1,
21/02/2015,6,23:30,2,487,2,3,3,4,1,1,5,
23/02/2015,1,12:15,1,507.45,1,4,3,4,1,1,5,
24/02/2015,2,22:00,1,427.74,2,3,2,4,1,1,6,
24/02/2015,2,15:35,1,413.76,1,1,2,4,1,1,6,
25/02/2015,3,14:10,2,451.45,2,3,2,4,1,1,5,
25/02/2015,3,12:00,2,415,2,3,2,4,1,1,1,5
25/02/2015,3,22:30,1,498.6,2,2,3,4,1,1,6,
25/02/2015,3,22:00,1,495.5,2,4,2,4,1,1,5,
26/02/2015,4,19:45,1,491.6,2,4,3,4,1,1,5,
26/02/2015,4,9:00,1,490.15,2,4,3,4,1,1,5,
26/02/2015,4,17:33,2,453.5,1,3,3,4,1,1,5,
27/02/2015,5,12:35,1,464.62,2,1,3,4,1,1,3,
27/02/2015,5,6:00,1,495.25,2,3,2,4,1,3,5,
28/02/2015,6,15:40,2,435.52,2,3,2,4,1,1,6,
28/02/2015,6,16:40,2,436.98,1,4,2,4,1,1,5,
1/3/2015,7,6:50,2,411.48,2,4,2,4,1,1,1,
1/3/2015,7,7:10,2,419.7,1,2,3,4,1,1,1,
3/3/2015,2,12:00,2,491.6,2,2,2,4,1,1,6,
3/3/2015,2,1:30,2,486.3,1,1,2,4,1,1,11,
3/3/2015,2,5:30,2,418.2,1,4,3,4,1,1,5,
4/3/2015,3,1:40,2,485,2,1,2,4,1,1,8,
7/3/2015,6,16:00,1,498,1,3,3,4,1,1,6,
8/3/2015,7,13:30,2,491.8,1,3,3,4,1,1,6,
8/3/2015,7,10:00,1,497.75,1,3,3,4,1,1,6,
9/3/2015,1,3:05,2,419.26,2,1,2,4,1,1,11,
9/3/2015,1,5:30,1,496,2,1,2,4,1,1,6,
9/3/2015,1,14:00,2,409.25,2,1,2,4,1,1,5,6
10/3/2015,2,22:40,1,495.05,2,2,3,4,1,1,6,
11/3/2015,3,8:45,1,491.95,1,1,2,4,1,1,5,
11/3/2015,3,7:40,1,494.7,2,1,2,4,1,1,5,6
11/3/2015,3,21:00,2,514,1,2,3,4,1,1,11,
12/3/2015,4,3:30,2,484,2,2,3,4,1,1,5,5
13/03/2015,5,6:20,2,417.32,1,2,2,4,1,1,5,
13/03/2015,5,3:05,2,419.26,2,1,1,4,1,1,11,
13/03/2015,5,1:20,1,515.23,2,2,3,4,1,1,5,
14/03/2015,6,17:00,2,459.3,2,3,1,4,1,1,5,1
14/03/2015,6,19:00,2,422.52,1,2,3,4,1,1,5,5
15/03/2015,7,0:45,2,482.7,1,4,3,4,1,1,1,
15/03/2015,7,19:35,1,498.6,2,2,2,4,1,1,1,
15/03/2015,7,15:25,1,499.25,2,3,3,4,1,1,6,
19/03/2015,4,17:10,2,468.74,1,3,3,4,1,1,6,
20/03/2015,5,12:50,2,423.76,1,2,2,4,1,1,1,6
21/03/2015,6,14:16,2,461.16,2,3,3,4,1,1,1,
21/03/2015,6,6:25,2,412.2,1,3,3,4,1,1,5,
21/03/2015,6,20:05,2,437.82,2,4,3,4,1,1,5,
22/03/2015,7,21:40,2,492.3,1,2,3,4,1,1,5,3
26/03/2015,4,7:10,2,416.24,2,2,2,4,1,1,5,
26/03/2015,4,1:10,2,489.8,2,1,4,4,1,1,5,
26/03/2015,4,15:30,2,436.65,2,3,3,4,1,1,5,
26/03/2015,4,23:10,2,413.8,1,4,3,4,1,1,5,
27/03/2015,5,15:21,2,408.16,2,2,2,4,1,1,1,6
28/03/2015,6,17:50,1,495.35,1,1,2,4,1,1,5,
28/03/2015,6,22:20,2,473.9,1,3,3,4,1,1,3,
30/03/2015,1,16:10,2,452.9,2,3,3,4,1,1,5,
30/03/2015,1,17:15,2,413.78,1,4,2,4,1,1,1,
31/03/2015,2,0:15,1,498.58,2,3,3,4,1,1,1,
1/4/2015,3,23:20,1,494.85,1,2,2,4,1,1,6,
1/4/2015,3,18:58,2,420.36,1,3,3,4,1,1,1,6
2/4/2015,4,11:30,2,402.98,1,3,2,4,1,1,1,6
2/4/2015,4,5:56,2,408.84,2,3,3,4,1,1,5,
3/4/2015,5,23:05,2,472.8,1,3,3,4,1,1,5,
4/4/2015,6,23:05,1,493.75,2,2,2,4,1,1,6,
6/4/2015,1,17:20,2,506.75,2,2,2,4,1,1,6,
6/4/2015,1,3:40,2,449.6,2,3,3,4,1,1,5,
6/4/2015,1,22:10,2,503.45,1,2,2,4,1,1,5,
7/4/2015,2,4:25,2,429.82,2,2,4,4,1,1,1,5
7/4/2015,2,11:10,2,508.65,2,3,3,4,1,1,6,
8/4/2015,3,21:10,1,496.6,2,3,2,4,1,1,1,5
9/4/2015,4,3:50,2,507.3,1,1,3,4,1,1,1,5
10/4/2015,5,15:00,2,508.25,1,3,3,4,1,1,6,5
10/4/2015,5,23:20,1,456.85,1,1,3,4,1,1,6,1
11/4/2015,6,17:50,2,485.75,1,2,2,4,1,1,3,
11/4/2015,6,4:30,2,483,1,2,2,4,1,1,6,
12/4/2015,7,14:30,2,472.3,2,4,2,4,1,1,5,1
12/4/2015,7,3:50,1,491.2,2,3,2,4,1,1,1,
14/04/2015,2,7:40,2,492.85,1,2,2,4,1,1,5,
14/04/2015,2,14:40,1,498.4,2,2,3,4,1,1,5,6
15/04/2015,3,20:50,1,499.15,2,3,3,4,1,1,6,
16/04/2015,4,9:20,1,494.4,2,2,2,4,1,1,5,
16/04/2015,4,10:10,2,514.3,2,3,3,4,1,1,5,
17/04/2015,5,1:10,2,504.2,1,2,2,4,1,1,5,
17/04/2015,5,1:20,1,491.25,2,3,3,4,1,1,6,
17/04/2015,5,1:40,2,481.9,1,3,3,4,1,1,5,
17/04/2015,5,5:40,2,404.22,1,3,3,4,1,1,5,5
18/04/2015,6,5:50,2,415.36,2,3,3,4,1,1,5,
19/04/2015,7,3:10,1,494.8,1,2,3,4,1,1,5,
19/04/2015,7,12:35,1,497.75,2,2,2,4,1,1,6,
21/04/2015,2,15:20,1,496.25,2,3,2,4,1,10,4,6
21/04/2015,2,1:40,1,504.3,1,3,3,4,1,10,5,
22/04/2015,3,18:00,1,501.35,2,2,2,4,1,2,1,6
23/04/2015,4,22:46,2,451.2,1,3,3,4,1,3,5,
25/04/2015,6,12:50,2,507.9,2,2,2,4,1,3,1,
25/04/2015,6,4:10,1,502,2,3,2,4,1,3,5,
25/04/2015,6,4:15,2,398.78,2,2,2,4,1,3,5,
26/04/2015,7,2:02,2,471.98,2,3,2,4,1,3,5,
27/04/2015,1,17:30,2,403.08,1,4,2,4,1,3,5,
27/04/2015,1,22:30,2,500.7,1,3,2,4,1,3,1,
27/04/2015,1,8:10,1,499.3,2,3,2,4,1,3,5,
28/04/2015,2,18:10,1,492.9,1,3,2,4,1,1,11,
29/04/2015,3,0:50,2,482.9,2,2,2,4,1,3,6,
29/04/2015,3,2:00,2,500.3,1,2,2,4,1,3,6,
30/04/2015,4,15:20,2,451.24,2,3,2,4,1,10,6,
30/04/2015,4,18:20,1,492.95,1,2,2,4,1,10,8,
1/5/2015,5,23:20,1,494.85,1,2,2,4,1,1,6,
1/5/2015,5,18:58,2,420.36,1,3,3,4,1,1,1,6
2/5/2015,6,11:30,2,402.98,1,3,2,4,1,10,1,6
2/5/2015,6,23:05,2,407.7,1,4,3,4,1,10,5,
2/5/2015,6,21:20,1,501.35,2,2,2,4,1,1,8,
3/5/2015,7,21:00,2,487.35,2,3,6,4,1,1,6,
4/5/2015,1,13:30,2,428.2,2,1,2,4,1,10,6,
6/5/2015,3,22:20,1,496.5,1,3,2,4,1,10,6,
6/5/2015,3,9:15,2,480.48,2,3,3,4,1,10,1,
6/5/2015,3,7:05,2,421.1,1,4,3,4,1,10,5,
7/5/2015,4,13:00,2,502,1,4,2,4,1,1,5,
8/5/2015,5,17:30,2,458.9,1,2,3,4,1,1,6,
8/5/2015,5,20:00,2,423.54,2,3,2,4,1,1,6,
8/5/2015,5,22:15,2,502.05,1,3,3,4,1,1,5,
9/5/2015,6,22:40,2,509.417,2,3,2,4,1,10,9,
9/5/2015,6,22:17,1,502.6,1,4,2,4,1,10,5,
10/5/2015,7,23:20,2,454.8,1,3,3,4,1,10,6,
10/5/2015,7,22:56,2,491.4,2,2,3,4,1,10,6,
11/5/2015,1,0:00,2,414,2,4,3,4,1,10,1,
11/5/2015,1,10:20,2,489.39,1,2,3,4,1,10,1,
11/5/2015,1,21:45,1,496.65,1,3,3,4,1,10,6,
12/5/2015,2,5:30,2,491.45,2,3,2,4,1,10,8,
12/5/2015,2,6:30,2,489.5,1,3,2,4,1,10,8,
13/05/2015,3,12:40,2,438.5,2,3,2,4,1,1,6,
13/05/2015,3,2:47,2,472.5,2,3,3,4,1,1,5,
14/05/2015,4,4:30,2,398.24,2,2,3,4,1,10,5,
15/05/2015,5,23:22,2,457.8,1,4,3,4,1,1,5,
16/05/2015,6,21:40,2,434.48,2,2,2,4,1,4,6,
16/05/2015,6,18:00,1,495.1,2,3,2,4,1,4,6,
17/05/2015,7,9:45,2,478.85,2,3,3,4,1,10,5,3
17/05/2015,7,5:45,2,503.49,2,3,2,4,1,1,6,
17/05/2015,7,22:20,1,496.75,1,3,2,4,1,1,5,
18/05/2015,1,5:00,2,398.24,1,4,3,4,1,1,5,
18/05/2015,1,14:10,1,496.8,2,3,2,4,1,10,8,
19/05/2015,2,15:30,2,513.2,2,3,2,4,1,10,5,1
19/05/2015,2,6:00,1,494.95,1,4,2,4,1,1,5,
19/05/2015,2,9:20,2,423.48,2,3,3,4,1,10,5,
20/05/2015,3,1:00,2,491.1,1,2,1,4,1,10,6,
20/05/2015,3,5:10,1,495.95,1,2,3,4,1,10,1,
21/05/2015,4,2:00,2,487.9,1,4,3,4,1,10,5,
23/05/2015,6,19:55,2,414.32,1,3,3,4,1,10,1,
23/05/2015,6,5:10,2,493.3,2,3,3,4,1,10,1,
25/05/2015,1,12:45,1,497.5,2,3,2,4,1,10,9,
25/05/2015,1,18:20,1,494.35,2,1,3,4,1,4,9,
25/05/2015,1,0:05,2,508.2,1,2,3,4,1,10,6,
26/05/2015,2,9:32,2,464.7,2,3,2,4,1,10,5,
27/05/2015,3,5:10,2,439.2,1,2,2,4,1,1,6,
27/05/2015,3,16:45,2,491.12,1,4,2,4,1,10,5,
28/05/2015,4,2:00,2,483.96,2,2,2,4,1,10,5,
28/05/2015,4,10:30,1,494.35,2,2,2,4,1,10,6,
29/05/2015,5,7:55,2,413.58,1,3,4,4,1,10,5,
30/05/2015,6,0:10,2,422.3,1,2,3,4,1,1,3,
30/05/2015,6,16:25,1,497.35,2,2,2,4,1,10,6,
30/05/2015,6,3:40,2,424.35,1,4,3,4,1,10,5,
31/05/2015,7,7:05,2,489.46,2,4,2,4,1,10,5,
31/05/2015,7,10:30,2,501.55,1,2,2,4,1,10,1,7
1/6/2015,1,23:30,2,477,1,3,3,4,1,10,5,5
1/6/2015,1,14:40,2,421.45,1,4,3,4,1,10,1,
2/6/2015,2,5:10,2,399.25,1,3,3,4,1,1,5,
2/6/2015,2,2:35,2,501.9,2,2,3,4,1,1,1,
3/6/2015,3,9:20,1,495.35,2,2,3,4,1,10,6,
3/6/2015,3,11:30,2,409.8,2,3,2,4,1,10,1,
1/6/2015,1,23:30,2,477,1,3,3,4,1,10,5,5
1/6/2015,1,14:40,2,421.45,1,4,3,4,1,10,1,
2/6/2015,2,5:10,2,399.25,1,3,3,4,1,1,5,
2/6/2015,2,2:35,2,501.9,2,2,3,4,1,1,1,
3/6/2015,3,9:20,1,495.35,2,2,3,4,1,10,6,
3/6/2015,3,11:30,2,409.8,2,3,2,4,1,10,1,
4/6/2015,4,11:25,2,433.38,1,2,3,4,1,10,1,6
4/6/2015,4,1:10,2,515.23,1,3,1,4,1,10,5,
5/6/2015,5,10:40,2,426.32,1,2,3,4,1,10,5,
5/6/2015,5,2:45,1,494.7,2,3,2,4,1,1,7,
6/6/2015,6,16:50,2,430.2,1,1,2,4,1,10,4,
6/6/2015,6,3:30,2,438.84,1,2,3,4,1,10,5,
6/6/2015,6,15:00,1,492.85,1,4,3,4,1,10,5,1
6/6/2015,6,19:54,2,436.54,2,3,3,4,1,10,6,
7/6/2015,7,19:00,2,493.9,1,2,2,4,1,1,6,
8/6/2015,1,11:30,2,410.9,2,2,3,4,1,10,1,5
8/6/2015,1,23:02,2,467.95,1,2,3,4,1,10,5,
9/6/2015,2,0:00,1,456.85,1,2,5,4,1,10,6,
9/6/2015,2,1:40,2,505.9,2,3,3,4,1,10,10,
10/6/2015,3,22:50,2,486.9,2,2,2,4,1,10,9,
10/6/2015,3,13:40,1,496.1,1,3,3,4,1,10,6,
10/6/2015,3,20:35,2,422.46,2,2,2,4,1,10,9,
11/6/2015,4,22:00,2,488.65,1,3,2,4,1,10,9,
13/06/2015,6,21:10,2,466.85,2,2,3,4,1,10,1,
14/06/2015,7,16:45,2,406.46,2,2,2,4,1,3,9,
15/06/2015,1,21:50,1,501.6,2,2,4,4,1,1,6,5
15/06/2015,1,22:20,2,450.54,2,4,3,4,1,1,5,
15/06/2015,1,2:45,2,424.72,1,4,3,4,1,1,5,5
18/06/2015,4,0:05,2,469.18,2,2,2,4,1,1,1,
19/06/2015,5,17:25,2,487.85,1,3,3,4,1,1,1,
19/06/2015,5,17:45,2,484.95,2,4,2,4,1,1,1,
19/06/2015,5,23:30,2,506.85,2,1,2,4,1,1,6,
19/06/2015,5,11:05,2,474.35,2,3,3,4,1,1,5,
21/06/2015,7,0:25,1,497,2,2,4,4,1,1,9,
23/06/2015,2,13:55,1,494.5,2,3,2,4,1,2,6,
25/06/2015,4,12:44,1,498.4,2,3,2,4,1,2,6,
25/06/2015,4,2:14,2,420.18,2,3,3,4,1,2,3,
27/06/2015,6,7:20,2,462.08,2,2,3,4,1,2,5,
28/06/2015,7,4:00,2,513.25,2,1,3,4,1,1,5,5
29/06/2015,1,2:05,2,424.6,1,3,1,4,1,1,5,
29/06/2015,1,22:05,1,499.3,1,2,2,4,1,1,6,
30/06/2015,2,4:25,2,507.2,2,4,3,4,1,1,5,
30/06/2015,2,2:00,1,497.2,1,3,2,4,1,1,1,
30/06/2015,2,20:40,1,500.5,2,2,3,4,1,1,6,
2/7/2015,4,2:45,1,490.8,2,3,4,4,1,1,9,
2/7/2015,4,8:20,2,468.52,2,2,3,4,1,1,6,9
2/7/2015,4,10:10,1,496.7,1,3,3,4,1,1,5,5
3/7/2015,5,2:40,2,429.82,2,2,2,4,1,1,1,
5/7/2015,7,15:30,1,494.45,2,3,3,4,1,1,1,
6/7/2015,1,12:20,2,451.08,2,2,3,4,1,1,1,
7/7/2015,2,21:40,2,415.14,2,2,2,4,1,2,5,5
8/7/2015,3,17:20,1,501.7,2,3,3,4,1,2,1,
9/7/2015,4,16:30,1,496.15,2,3,2,4,1,2,6,
9/7/2015,4,0:00,1,499.1,1,3,2,4,1,2,1,6
12/7/2015,7,20:30,1,493.1,2,2,3,4,1,1,9,
13/07/2015,1,7:20,2,469.2,1,1,3,4,1,1,5,9
14/07/2015,2,9:30,1,501.7,1,4,2,4,1,2,5,
15/07/2015,3,14:00,2,480.35,2,1,3,4,1,1,5,6
16/07/2015,4,16:30,1,496.35,2,2,2,4,1,1,7,6
18/07/2015,6,17:06,2,413.7,1,4,2,4,1,2,1,
18/07/2015,6,19:30,2,487.9,1,2,2,4,1,2,9,
19/07/2015,7,21:25,1,498,2,1,5,4,1,1,6,
19/07/2015,7,7:30,2,453.18,2,2,2,4,1,1,5,6
21/07/2015,2,7:00,2,489.5,2,3,2,4,1,2,9,
23/07/2015,4,15:55,1,502,1,3,2,4,1,2,1,
23/07/2015,4,5:15,1,502.05,1,1,3,4,1,2,5,
23/07/2015,4,7:36,2,434.96,1,3,4,4,1,3,9,
24/07/2015,5,14:29,2,428.505,1,3,3,4,1,3,6,
24/07/2015,5,17:25,2,464.58,1,3,2,4,1,3,1,
25/07/2015,6,8:55,2,469.88,1,2,2,4,1,3,1,1
27/07/2015,1,12:10,2,412.76,2,2,3,4,1,2,7,
28/07/2015,2,13:30,1,490,2,2,2,4,1,2,6,
28/07/2015,2,5:30,2,484.55,1,2,2,4,1,2,5,
29/07/2015,3,10:30,2,430.14,1,2,2,4,1,2,6,
31/07/2015,5,23:09,2,436.16,2,2,3,4,1,5,6,
2/8/2015,7,9:40,1,496.5,1,2,2,4,1,5,11,
3/8/2015,1,12:55,1,489.3,2,2,2,4,1,2,6,
4/8/2015,2,0:31,2,422.5,2,2,3,4,1,1,6,
5/8/2015,3,16:51,2,436.75,2,4,3,4,1,1,5,5
6/8/2015,4,21:32,2,433.55,2,2,3,4,1,1,5,6
8/8/2015,6,4:25,1,495,2,3,1,4,1,1,1,
8/8/2015,6,20:15,2,431.7,2,3,3,4,1,1,6,
8/8/2015,6,14:05,1,490.05,1,2,2,4,1,1,1,
9/8/2015,7,8:00,1,504.35,2,1,3,4,1,1,5,
10/8/2015,1,0:30,2,417.86,1,4,3,4,1,1,5,
11/8/2015,2,20:30,2,424.38,2,3,3,4,1,1,6,
11/8/2015,2,9:50,1,499.25,2,3,2,4,1,1,6,
11/8/2015,2,10:00,2,407.34,1,1,2,4,1,1,5,9
12/8/2015,3,9:20,2,465.3,1,3,3,4,1,1,5,
13/08/2015,4,20:30,2,439.3,1,3,1,4,1,1,1,
14/08/2015,5,19:30,2,431.6,2,2,2,4,1,1,12,9
16/08/2015,7,19:30,1,499,1,2,2,4,1,1,6,
16/08/2015,7,9:15,1,493.85,2,2,1,4,1,1,6,
18/08/2015,2,0:05,2,464.25,1,2,3,4,1,1,6,
19/08/2015,3,20:20,1,496.5,2,1,2,4,1,1,12,8
20/08/2015,4,9:45,1,499.25,2,2,2,4,1,1,12,6
20/08/2015,4,22:45,2,467.8,1,3,3,4,1,1,5,
21/08/2015,5,12:15,1,495.55,2,1,2,4,1,1,12,6
21/08/2015,5,14:45,2,488,2,3,3,4,1,1,8,
22/08/2015,6,13:40,2,486.65,2,2,2,4,1,1,5,5
22/08/2015,6,15:15,1,499.25,1,3,2,4,1,1,6,
26/08/2015,3,21:30,2,508.2,1,2,3,4,1,1,5,5
29/08/2015,6,20:20,2,487.25,1,3,3,4,1,1,6,
30/08/2015,7,21:30,2,423.94,2,2,3,4,1,1,6,
1/9/2015,2,5:30,2,467.8,1,2,3,4,1,2,5,
3/9/2015,4,5:00,2,415.56,1,2,3,4,1,1,5,
5/9/2015,6,8:00,1,496.25,2,3,2,4,1,2,5,8
6/9/2015,7,17:30,2,405.34,1,2,3,4,1,2,1,
7/9/2015,1,5:00,2,420.78,2,2,3,4,1,3,5,1
8/9/2015,2,18:52,1,499.25,2,3,2,4,1,1,6,
8/9/2015,2,0:50,2,411.6,2,2,3,4,1,2,5,8
8/9/2015,2,5:05,1,501.8,1,4,2,4,1,1,5,
10/9/2015,4,15:30,1,499.75,1,2,3,4,1,1,12,1
11/9/2015,5,23:01,2,418.2,1,3,3,4,1,1,1,
11/9/2015,5,15:45,1,501.95,1,2,2,4,1,1,5,
11/9/2015,5,16:00,2,483.55,2,2,2,4,1,1,5,6
12/9/2015,6,5:05,2,481.451,2,3,2,4,1,1,5,
12/9/2015,6,11:02,2,452.7,2,3,3,4,1,1,5,
13/09/2015,7,19:35,2,425.8,1,2,2,4,1,1,12,6
14/09/2015,1,23:00,2,455.75,2,2,3,4,1,1,6,
15/09/2015,2,19:00,1,500.2,1,4,3,4,1,1,5,
16/09/2015,3,9:24,2,401.8,1,3,4,4,1,2,11,
17/09/2015,4,8:45,2,450.6,1,3,3,4,1,1,6,
18/09/2015,5,23:08,2,471.9,2,2,2,4,1,1,6,
19/09/2015,6,22:00,1,504.8,2,2,4,4,1,1,12,8
19/09/2015,6,21:30,1,506.1,2,2,3,4,1,1,11,
19/09/2015,6,21:00,2,428.2,2,3,2,4,1,1,11,
20/09/2015,7,8:35,2,481.25,2,3,3,4,1,1,6,
21/09/2015,1,6:15,1,489.95,1,3,3,4,1,1,5,
21/09/2015,1,0:30,2,411.64,2,3,3,4,1,1,1,
22/09/2015,2,13:15,2,425.2,2,1,2,4,1,1,11,
22/09/2015,2,13:22,2,425.25,2,3,3,4,1,1,7,8
23/09/2015,3,7:00,2,422.2,1,4,2,4,1,1,1,
23/09/2015,3,18:55,2,495,2,4,2,4,1,1,5,
24/09/2015,4,3:50,2,424.6,2,2,3,4,1,1,6,
24/09/2015,4,9:00,1,496.25,2,2,2,4,1,1,6,
26/09/2015,6,9:30,2,476.6,1,3,3,4,1,1,5,
28/09/2015,1,2:00,2,447.65,1,3,3,4,1,1,5,
29/09/2015,2,5:40,2,403.13,2,3,3,4,1,1,1,
1/10/2015,4,11:00,1,501,1,3,3,4,1,1,6,
3/10/2015,6,11:00,2,489.95,2,3,2,4,1,1,6,
3/10/2015,6,0:00,2,479.6,2,3,3,4,1,1,5,
4/10/2015,7,5:30,1,499.3,1,2,2,4,1,1,1,5
5/10/2015,1,19:00,1,496.3,1,3,2,4,1,1,8,
5/10/2015,1,7:02,1,500.7,2,4,3,4,1,1,1,
5/10/2015,1,17:40,2,510.95,2,3,3,4,1,1,5,
6/10/2015,2,17:40,1,493.6,1,3,2,4,1,1,6,
6/10/2015,2,20:30,2,430.82,1,3,2,4,1,1,6,
7/10/2015,3,14:15,1,500.55,2,3,3,4,1,1,5,
8/10/2015,4,0:30,2,474.76,1,3,3,4,1,1,1,5
10/10/2015,6,3:30,2,506.4,1,3,3,4,1,1,5,1
10/10/2015,6,11:00,2,425.68,1,3,2,4,1,1,5,
11/10/2015,7,7:20,2,509,2,2,3,4,1,1,5,1
11/10/2015,7,5:45,2,506.65,1,3,2,4,1,1,3,
11/10/2015,7,9:30,2,417.96,1,1,3,4,1,1,6,
11/10/2015,7,11:08,2,421.18,2,1,2,4,1,1,6,5
11/10/2015,7,23:40,1,496.6,1,2,3,4,1,1,8,
12/10/2015,1,22:12,2,463.84,1,3,3,4,1,1,5,
12/10/2015,1,1:50,2,508,1,3,3,4,1,1,5,
12/10/2015,1,13:02,2,438.2,1,2,1,4,1,1,11,
13/10/2015,2,7:03,2,492.7,1,2,2,4,1,1,5,
14/10/2015,3,12:02,2,482.2,2,2,3,4,1,1,6,
14/10/2015,3,8:30,2,443.9,1,2,2,4,1,1,1,
16/10/2015,5,19:00,2,428.24,1,3,3,4,1,1,6,
17/10/2015,6,10:30,2,420.32,1,1,2,4,1,1,5,6
17/10/2015,6,22:05,2,502.05,2,2,3,4,1,1,5,
19/10/2015,1,0:17,2,514.7,2,2,3,4,1,1,5,
19/10/2015,1,21:30,1,498.05,1,2,2,4,1,1,6,
19/10/2015,1,9:30,2,492.25,1,3,4,4,1,1,6,
20/10/2015,2,7:40,2,429.32,1,1,3,4,1,1,6,
20/10/2015,2,10:35,2,479.55,1,2,3,4,1,1,6,
20/10/2015,2,22:10,2,489,2,2,2,4,1,1,5,
21/10/2015,3,17:06,2,403.3,1,2,4,4,1,1,8,
21/10/2015,3,10:00,1,498.2,1,2,3,4,1,1,1,
22/10/2015,4,21:45,2,481.9,2,2,2,4,1,1,8,
23/10/2015,5,7:10,2,488.35,2,4,3,4,1,1,5,
24/10/2015,6,11:30,2,421.2,1,3,3,4,1,1,5,
24/10/2015,6,7:17,2,453.54,1,3,3,4,1,1,5,
25/10/2015,7,11:00,1,500.05,2,2,4,4,1,1,8,
25/10/2015,7,6:15,2,425.32,1,2,3,4,1,1,6,
26/10/2015,1,16:00,2,422.7,1,3,1,4,1,1,6,
27/10/2015,2,9:10,1,450.54,2,4,3,4,1,1,5,
27/10/2015,2,20:13,1,453.28,2,2,3,4,1,1,1,
28/10/2015,3,7:15,2,428.24,1,2,3,4,1,1,6,8
28/10/2015,3,9:00,2,436.6,1,3,3,4,1,1,5,
28/10/2015,3,16:53,2,435.7,2,2,2,4,1,1,5,8
29/10/2015,4,13:32,1,495.7,1,3,3,4,1,1,1,
30/10/2015,5,4:45,2,482.3,2,3,3,4,1,1,5,
30/10/2015,5,4:30,2,432.3,2,2,2,4,1,1,11,
1/11/2015,7,13:59,1,495.55,1,3,2,4,1,1,7,
1/11/2015,7,16:18,2,509.45,1,3,3,4,1,1,5,
2/11/2015,1,0:35,2,507.25,2,3,3,4,1,1,5,
2/11/2015,1,1:50,2,451.3,1,3,1,4,1,1,1,
4/11/2015,3,20:30,1,495.4,2,3,2,4,1,1,9,
4/11/2015,3,22:10,2,510.05,1,2,3,4,1,1,5,
5/11/2015,4,4:30,2,491.3,2,2,3,4,1,1,5,
7/11/2015,6,15:30,2,503.35,1,3,1,4,1,1,9,
8/11/2015,7,14:00,2,486.35,1,3,1,4,1,1,9,
8/11/2015,7,0:50,1,507,1,3,3,4,1,1,5,
8/11/2015,7,7:15,2,405.3,2,2,2,4,1,1,11,
8/11/2015,7,10:00,2,432.6,2,2,3,4,1,1,5,9
8/11/2015,7,20:45,2,434.32,1,2,2,4,1,1,9,
10/11/2015,2,21:05,2,436.32,2,3,3,4,1,1,6,
12/11/2015,4,7:05,1,499.3,1,2,2,4,1,1,6,3
12/11/2015,4,15:00,1,495.8,1,2,2,4,1,1,6,
13/11/2015,5,19:30,2,413.2,2,3,3,4,1,1,5,
13/11/2015,5,8:48,2,468.6,2,3,3,4,1,1,1,
14/11/2015,6,3:00,2,478.75,2,4,2,4,1,1,5,
15/11/2015,7,23:10,1,502.35,1,3,2,4,1,1,1,
18/11/2015,3,13:20,2,511.24,2,3,3,4,1,1,1,
18/11/2015,3,8:21,1,495.1,2,3,2,4,1,1,6,
19/11/2015,4,23:28,2,450.88,1,3,2,4,1,1,5,
20/11/2015,5,13:10,2,458.3,1,2,2,4,1,1,8,
22/11/2015,7,10:45,2,484.5,2,4,3,4,1,1,5,
22/11/2015,7,17:00,1,501.55,2,2,2,4,1,1,6,
23/11/2015,1,20:30,2,411.32,2,4,2,4,1,1,5,
24/11/2015,2,6:30,2,414.28,1,4,3,4,1,1,5,
24/11/2015,2,20:00,2,489.6,2,3,1,4,1,1,11,
26/11/2015,4,19:07,2,487.55,2,3,3,4,1,1,6,
27/11/2015,5,2:50,2,506.8,1,4,2,4,1,1,1,
28/11/2015,6,16:10,1,428.3,2,1,2,4,1,1,6,
28/11/2015,6,12:20,2,496.5,2,2,2,4,1,1,6,
28/11/2015,6,15:45,2,467.41,2,1,4,4,1,1,9,
29/11/2015,7,5:45,1,507,1,2,3,4,1,1,5,5
29/11/2015,7,19:40,2,427.9,1,2,1,4,1,1,9,
29/11/2015,7,0:30,1,491.76,2,2,2,4,1,1,1,5
30/11/2015,1,4:00,1,457.6,1,4,3,4,1,3,5,
30/11/2015,1,20:30,2,411.32,2,4,2,4,1,1,5,
1/12/2015,2,23:45,2,431.64,1,2,2,4,1,1,6,
1/12/2015,2,19:00,2,467.8,2,3,3,4,1,1,1,
4/12/2015,5,10:00,2,439.5,2,2,4,4,1,1,1,
4/12/2015,5,20:25,1,500.1,2,1,3,4,1,1,6,
4/12/2015,5,21:20,2,403.65,1,1,2,4,1,1,6,
5/12/2015,6,12:30,2,507.15,2,1,2,4,1,1,6,
5/12/2015,6,11:25,2,513,1,2,2,4,1,1,5,
6/12/2015,7,14:10,2,423.95,1,3,3,4,1,1,6,
6/12/2015,7,13:30,1,496,2,3,3,4,1,1,6,
7/12/2015,1,6:00,2,402.22,2,2,3,4,1,1,5,
8/12/2015,2,17:18,2,495.45,1,2,2,4,1,1,6,
8/12/2015,2,4:38,2,457.64,2,2,3,4,1,1,5,
10/12/2015,4,16:10,2,400,1,1,3,4,1,1,5,6
11/12/2015,5,2:15,2,495.05,1,2,3,4,1,1,1,
11/12/2015,5,4:35,2,509.5,1,3,3,4,1,1,5,
11/12/2015,5,16:35,1,490.3,1,2,2,4,1,1,8,
12/12/2015,6,0:00,2,487.4,2,2,4,4,1,1,6,
13/12/2015,7,16:50,2,489.3,2,2,3,4,1,1,6,
14/12/2015,1,19:20,2,403.08,1,2,3,4,1,3,1,
15/12/2015,2,18:40,2,414.1,2,2,2,4,1,3,6,
17/12/2015,4,22:00,2,417.9,2,2,3,4,1,1,1,
17/12/2015,4,10:45,2,506.65,2,4,3,4,1,3,5,
17/12/2015,4,10:33,2,492.34,1,3,3,4,1,11,6,
17/12/2015,4,23:15,2,465.9,1,3,3,4,1,11,5,
18/12/2015,5,19:20,2,421.14,2,2,2,4,1,3,6,
18/12/2015,5,7:40,2,480.6,1,4,3,4,1,3,5,
18/12/2015,5,10:15,2,498.95,1,2,3,4,1,1,5,
19/12/2015,6,8:55,2,487.505,2,3,3,4,1,1,5,
20/12/2015,7,5:00,2,412.84,1,3,2,4,1,1,5,
20/12/2015,7,23:10,2,434.14,2,2,2,4,1,11,9,
21/12/2015,1,17:25,2,403.6,1,3,3,4,1,3,9,
22/12/2015,2,0:00,2,506.05,1,4,3,4,1,3,5,
22/12/2015,2,19:30,2,415.12,1,3,3,4,1,3,5,
24/12/2015,4,8:30,2,471.9,2,3,2,4,1,3,1,
25/12/2015,5,21:10,1,490.15,2,2,2,4,1,11,6,
25/12/2015,5,8:20,2,482.48,1,3,1,4,1,1,5,
26/12/2015,6,12:38,2,419.78,2,2,2,4,1,3,1,1
26/12/2015,6,16:50,2,458,2,2,2,4,1,3,6,
27/12/2015,7,8:30,2,465.84,2,3,3,4,1,1,3,
28/12/2015,1,6:25,2,411.2,2,2,3,4,1,11,5,
29/12/2015,2,18:55,1,496.05,1,2,2,4,1,1,6,
30/12/2015,3,13:20,1,496.3,2,2,3,4,1,1,1,8
30/12/2015,3,6:50,2,501.45,2,4,3,4,1,11,5,
31/12/2015,4,14:05,2,470.85,2,1,3,4,1,1,6,
31/12/2015,4,13:05,2,502.5,2,4,3,4,1,1,6,
1/1/2016,5,22:49,2,488,1,2,4,4,1,3,6,
3/1/2016,7,0:40,1,495.45,2,3,3,4,1,3,6,
5/1/2016,2,23:35,2,504.85,2,4,3,4,1,1,5,
6/1/2016,3,14:23,2,450.82,1,2,3,4,1,1,6,
7/1/2016,4,17:10,1,497.3,2,2,2,4,1,1,9,
7/1/2016,4,13:40,2,408.26,1,4,3,4,1,1,5,
7/1/2016,4,18:25,1,493.6,1,2,3,4,1,1,6,
8/1/2016,5,12:30,2,437.58,2,3,3,4,1,1,7,
8/1/2016,5,1:20,2,470,2,4,2,4,1,1,5,
9/1/2016,6,20:10,2,489.6,2,2,3,4,1,1,6,
9/1/2016,6,2:05,2,422.76,1,2,3,4,1,1,1,
9/1/2016,6,20:35,2,472.25,1,3,2,4,1,1,5,
10/1/2016,7,11:00,2,400.5,2,2,3,4,1,1,6,
10/1/2016,7,20:00,2,421.16,2,1,2,4,1,1,1,5
11/1/2016,1,0:25,2,451.92,1,2,3,4,1,1,5,
11/1/2016,1,11:25,2,456.92,1,1,3,4,1,1,7,
11/1/2016,1,7:55,2,454.52,1,4,3,4,1,1,1,
12/1/2016,2,11:45,1,421.44,2,3,2,4,1,1,1,5
13/01/2016,3,1:10,2,492,2,1,4,4,1,11,11,
13/01/2016,3,11:20,2,405,2,4,3,4,1,1,1,
14/01/2016,4,13:15,2,443.96,1,4,3,4,1,3,5,
14/01/2016,4,22:50,1,501.6,1,2,2,4,1,1,6,
14/01/2016,4,22:40,1,501.25,1,2,2,4,1,1,6,
18/01/2016,1,12:10,2,411.92,2,4,2,4,1,1,5,
19/01/2016,2,0:17,2,445,2,3,3,4,1,11,5,
19/01/2016,2,23:15,2,488.1,1,2,1,4,1,4,6,
20/01/2016,3,6:30,1,492.05,2,2,2,4,1,4,6,
21/01/2016,4,19:50,1,492.9,1,1,2,4,1,11,6,
21/01/2016,4,9:30,2,452,1,3,3,4,1,1,1,
22/01/2016,5,19:00,1,492.55,2,2,3,4,1,3,1,6
22/01/2016,5,16:10,2,425.48,1,1,2,4,1,1,5,6
22/01/2016,5,6:02,2,472.6,2,2,3,4,1,11,5,5
23/01/2016,6,17:30,1,497.2,1,3,3,4,1,11,5,6
24/01/2016,7,16:30,2,427.18,1,2,2,4,1,11,9,
24/01/2016,7,15:40,1,495.5,1,1,2,4,1,1,1,5
25/01/2016,1,0:34,2,428.12,1,2,2,4,1,1,9,
25/01/2016,1,19:10,2,452.35,2,2,2,4,1,1,5,
25/01/2016,1,14:30,2,514.4,1,4,3,4,1,1,5,
25/01/2016,1,17:25,1,495.6,2,2,2,4,1,1,9,
26/01/2016,2,12:35,2,422.26,2,3,3,4,1,1,6,
26/01/2016,2,2:10,1,498.45,2,2,3,4,1,1,6,
27/01/2016,3,15:42,2,454.58,2,2,3,4,1,3,5,
27/01/2016,3,13:55,2,452.19,1,3,2,4,1,1,5,1
27/01/2016,3,13:55,2,460.88,1,3,3,4,1,1,5,
28/01/2016,4,5:00,2,506.4,2,3,3,4,1,1,5,
28/01/2016,4,13:58,2,454.7,1,3,3,4,1,1,5,
29/01/2016,5,17:41,2,456.18,1,3,3,4,1,1,5,1
31/01/2016,7,15:40,2,506.75,2,2,2,4,1,1,6,
1/2/2016,1,11:00,1,492.15,2,2,3,4,1,1,9,
2/2/2016,2,9:20,2,485.1,1,4,3,4,1,1,5,
2/2/2016,2,14:10,2,436.42,2,3,3,4,1,1,5,
2/2/2016,2,0:30,2,482.75,1,2,3,4,1,1,6,
3/2/2016,3,1:40,2,510.2,1,4,3,4,1,1,5,
3/2/2016,3,2:00,1,507,2,3,1,4,1,1,5,
3/2/2016,3,10:20,1,496.6,2,1,2,4,1,3,5,6
3/2/2016,3,17:45,1,492.8,1,2,2,4,1,1,6,
3/2/2016,3,14:36,1,493.65,2,3,3,4,1,1,9,
5/2/2016,5,16:20,2,450,2,3,3,4,1,1,6,
6/2/2016,6,15:32,2,434.8,2,2,2,4,1,1,6,
6/2/2016,6,9:50,2,492.2,2,3,3,4,1,1,9,
6/2/2016,6,10:52,1,463.18,2,3,3,4,1,1,1,
8/2/2016,1,5:50,2,506.4,2,3,2,4,1,1,6,
9/2/2016,2,14:00,2,418.7,2,3,2,4,1,1,6,
9/2/2016,2,19:35,1,498.4,1,2,3,4,1,1,6,
9/2/2016,2,19:20,2,487.7,2,2,3,4,1,1,6,
10/2/2016,3,0:05,1,497.05,1,2,3,4,1,1,9,
10/2/2016,3,16:10,2,493.6,1,2,3,4,1,1,9,
10/2/2016,3,11:30,2,416.3,1,2,3,4,1,1,9,
11/2/2016,4,11:07,2,463.3,2,3,2,4,1,1,5,
11/2/2016,4,11:35,1,497.1,1,2,2,4,1,1,6,
11/2/2016,4,22:05,2,485.3,2,2,3,4,1,1,9,
12/2/2016,5,19:25,1,497.2,1,3,2,4,1,1,9,
13/02/2016,6,8:00,2,406.54,1,2,3,4,1,1,7,
13/02/2016,6,0:18,2,494.45,2,3,2,4,1,1,9,
13/02/2016,6,20:58,1,499.6,1,3,2,4,1,1,9,
13/02/2016,6,10:00,2,496,2,2,3,4,1,1,6,
14/02/2016,7,18:26,2,428.75,1,2,2,4,1,1,6,
14/02/2016,7,14:00,2,494.25,1,2,3,4,1,1,9,
15/02/2016,1,11:00,2,431.25,1,4,1,4,1,1,5,5
17/02/2016,3,7:40,2,461.7,2,1,3,4,1,1,11,
18/02/2016,4,19:25,1,426.52,2,2,2,4,1,1,6,6
18/02/2016,4,13:00,2,424.5,1,3,1,4,1,1,6,
19/02/2016,5,0:00,2,464.2,1,2,3,4,1,1,6,
19/02/2016,5,21:50,1,488.4,1,2,3,4,1,1,5,
19/02/2016,5,23:45,2,437.74,1,2,2,4,1,1,11,
21/02/2016,7,1:03,2,432.36,2,3,3,4,1,1,6,
21/02/2016,7,16:40,1,493.65,2,2,3,4,1,1,7,
22/02/2016,1,14:50,2,403.3,2,2,2,4,1,1,11,
22/02/2016,1,21:15,1,499.35,1,2,3,4,1,1,11,
22/02/2016,1,20:40,2,439.72,1,2,3,4,1,1,7,
23/02/2016,2,18:40,2,435.18,1,3,2,4,1,1,6,
23/02/2016,2,17:45,2,471.9,1,3,3,4,1,1,5,
24/02/2016,3,20:30,2,484.75,1,2,3,4,1,1,6,
25/02/2016,4,21:00,2,450.3,2,3,3,4,1,1,6,
26/02/2016,5,11:53,2,432.46,2,3,2,4,1,1,7,9
26/02/2016,5,22:15,2,507.2,2,4,3,4,1,1,5,
26/02/2016,5,22:30,2,500.6,2,2,3,4,1,1,6,
26/02/2016,5,10:10,2,507.15,1,3,2,4,1,1,5,
27/02/2016,6,5:40,1,496.85,1,3,2,4,1,1,5,
27/02/2016,6,12:20,2,506.65,2,3,2,4,1,1,6,
28/02/2016,7,22:50,2,431.08,1,1,2,4,1,1,6,
28/02/2016,7,17:15,1,497.45,1,3,3,4,1,1,6,
29/02/2016,1,7:50,2,449.2,2,3,2,4,1,1,1,
29/02/2016,1,18:10,2,434.28,1,2,3,4,1,1,4,
29/02/2016,1,1:30,2,507.15,1,2,3,4,1,1,1,
1/3/2016,2,0:05,2,431.22,1,3,2,4,1,1,1,
2/3/2016,3,0:00,2,441.48,1,4,3,4,1,1,5,
2/3/2016,3,16:50,2,428.9,1,1,3,4,1,1,9,
2/3/2016,3,11:13,1,497.3,2,3,2,4,1,1,9,
2/3/2016,3,9:25,1,496.25,2,3,3,4,1,1,5,1
3/3/2016,4,8:20,2,434.4,1,3,3,4,1,1,1,
3/3/2016,4,0:43,1,496.85,2,1,1,4,1,1,6,
3/3/2016,4,22:50,2,459.1,1,3,2,4,1,1,1,
4/3/2016,5,19:00,2,485.35,1,2,2,4,1,1,6,
5/3/2016,6,0:30,2,413.06,2,1,2,4,1,1,6,
5/3/2016,6,5:50,2,508.7,1,3,2,4,1,1,5,1
5/3/2016,6,0:40,2,507.15,1,3,3,4,1,1,5,
5/3/2016,6,2:40,2,456.35,1,2,2,4,1,1,5,
6/3/2016,7,23:05,2,503.25,2,3,3,4,1,1,5,1
7/3/2016,1,21:00,2,421.6,1,3,2,4,1,1,9,
7/3/2016,1,8:10,2,458.42,1,2,3,4,1,1,6,
7/3/2016,1,7:10,2,472.95,1,3,3,4,1,1,5,5
9/3/2016,3,18:35,2,423.24,1,2,2,4,1,1,6,
9/3/2016,3,20:34,2,456.02,2,3,3,4,1,1,5,1
11/3/2016,5,8:00,2,440.15,1,2,3,4,1,1,6,
11/3/2016,5,12:10,1,501.52,2,4,2,4,1,1,5,
11/3/2016,5,13:25,1,498.95,1,2,3,4,1,1,6,
11/3/2016,5,20:15,2,490.425,1,3,3,4,1,1,6,
11/3/2016,5,9:50,1,495.94,1,3,1,4,1,1,5,
12/3/2016,6,0:55,2,505.2,2,2,2,4,1,1,9,
13/03/2016,7,21:44,2,454.08,1,2,2,4,1,1,6,
13/03/2016,7,9:00,2,486.75,2,2,2,4,1,1,9,
13/03/2016,7,12:47,2,491.5,2,2,2,4,1,1,5,
13/03/2016,7,2:00,1,497.95,1,1,3,4,1,1,9,
13/03/2016,7,6:10,1,501.95,1,3,2,4,1,1,4,
14/03/2016,1,14:38,2,452.66,2,3,2,4,1,1,4,
14/03/2016,1,2:00,1,497.75,1,1,3,4,1,1,9,
14/03/2016,1,6:10,1,501.95,1,3,3,4,1,1,1,
17/03/2016,4,23:40,2,493,1,3,3,4,1,1,1,
17/03/2016,4,0:10,2,495.45,2,3,2,4,1,1,9,
17/03/2016,4,13:00,2,491.6,1,1,3,4,1,1,9,
17/03/2016,4,22:07,1,496.15,1,2,2,4,1,1,9,
18/03/2016,5,8:30,2,432.3,2,3,3,4,1,1,6,
19/03/2016,6,9:29,2,465.05,1,2,3,4,1,1,5,6
20/03/2016,7,17:45,2,437.12,2,2,1,4,1,1,6,
21/03/2016,1,19:30,2,433.18,1,4,2,4,1,1,5,
21/03/2016,1,19:20,2,486.25,2,2,3,4,1,1,9,
21/03/2016,1,17:27,1,501.2,2,3,3,4,1,1,6,
22/03/2016,2,21:45,2,492.3,2,2,3,4,1,1,9,
22/03/2016,2,14:40,2,464.8,2,2,2,4,1,1,1,
23/03/2016,3,22:30,2,492.35,1,2,3,4,1,1,5,
23/03/2016,3,9:30,1,499.15,1,2,2,4,1,1,6,
23/03/2016,3,20:45,2,500.15,2,3,3,4,1,1,6,
24/03/2016,4,13:56,2,486.6,1,2,3,4,1,1,6,
24/03/2016,4,20:00,2,424.82,2,3,2,4,1,1,6,
25/03/2016,5,18:00,2,495.2,1,2,2,4,1,1,9,
25/03/2016,5,14:30,2,494.35,2,2,3,4,1,1,5,
25/03/2016,5,13:30,2,421.28,2,3,1,4,1,1,6,
29/03/2016,2,1:05,2,430.1,1,2,3,4,1,1,5,
29/03/2016,2,18:50,2,504.4,2,2,3,4,1,1,9,
31/03/2016,4,18:35,2,415.3,1,3,3,4,1,1,9,
31/03/2016,4,10:00,2,443.2,1,3,3,4,1,1,5,
1/4/2016,5,22:00,2,479.8,1,3,3,4,1,1,5,
1/4/2016,5,7:55,2,413.48,1,4,2,4,1,1,5,
2/4/2016,6,10:00,2,454.42,2,3,2,4,1,1,5,
2/4/2016,6,12:10,2,439.5,2,3,3,4,1,1,10,
3/4/2016,7,13:10,2,406.1,2,2,3,4,1,1,9,
4/4/2016,1,20:14,2,504.25,2,2,3,4,1,1,9,
5/4/2016,2,3:10,2,431.86,2,3,3,4,1,1,1,
5/4/2016,2,23:00,1,496.3,1,2,3,4,1,1,8,
6/4/2016,3,12:20,1,499.2,1,3,3,4,1,1,1,
7/4/2016,4,22:55,2,435.12,2,2,2,4,1,1,6,
7/4/2016,4,23:05,2,435.32,2,3,2,4,1,1,6,
7/4/2016,4,7:25,2,450.6,1,3,3,4,1,1,5,
7/4/2016,4,8:20,1,501.2,2,2,3,4,1,1,6,8
7/4/2016,4,8:20,2,433.5,2,2,3,4,1,1,9,
9/4/2016,6,9:38,2,472.02,1,3,3,4,1,1,3,
9/4/2016,6,1:30,2,413.12,1,3,2,4,1,1,5,1
11/4/2016,1,18:35,1,495.8,1,3,2,4,1,1,9,
12/4/2016,2,16:35,2,438.5,2,3,3,4,1,1,6,
14/04/2016,4,5:00,1,505.9,1,2,3,4,1,1,5,
14/04/2016,4,23:26,1,471.84,1,3,3,4,1,1,5,
15/04/2016,5,22:40,2,465.58,1,2,2,4,1,1,7,
16/04/2016,6,22:00,2,510.2,1,3,3,4,1,1,5,5
17/04/2016,7,22:25,2,488,1,2,2,4,1,1,8,
17/04/2016,7,0:40,2,510.3,2,3,3,4,1,1,5,5
19/04/2016,2,20:10,2,431.16,1,2,3,4,1,1,7,
19/04/2016,2,5:30,2,507.25,1,4,3,4,1,1,5,
20/04/2016,3,5:40,1,494.25,1,1,3,4,1,1,9,
21/04/2016,4,2:05,2,437.16,1,3,2,4,1,1,6,
22/04/2016,5,0:02,2,426.28,1,2,2,4,1,1,1,
24/04/2016,7,14:00,2,409.3,2,3,3,4,1,1,1,
24/04/2016,7,6:15,1,501.95,1,2,2,4,1,1,9,
24/04/2016,7,3:10,2,467.04,1,3,3,4,1,1,5,
25/04/2016,1,0:45,2,433.18,1,2,3,4,1,1,1,
26/04/2016,2,1:40,1,496,2,3,3,4,1,1,9,
28/04/2016,4,6:25,2,420.6,1,2,3,4,1,1,1,
28/04/2016,4,8:40,2,501.9,1,3,2,4,1,1,5,
29/04/2016,5,22:59,2,415.92,2,3,1,4,1,1,9,
30/04/2016,6,21:40,1,492.95,2,2,3,4,1,1,9,
1/5/2016,7,21:00,1,497,1,3,2,4,1,1,6,
2/5/2016,1,20:00,2,486.8,1,3,1,4,1,1,9,
3/5/2016,2,16:00,2,487.2,1,2,3,4,1,1,9,
4/5/2016,3,12:50,2,494.25,1,2,3,4,1,1,5,
5/5/2016,4,13:38,1,499.25,2,2,2,4,1,1,9,
6/5/2016,5,23:15,2,466.5,2,4,3,4,1,1,5,1
6/5/2016,5,22:00,2,485.3,2,2,2,4,1,1,5,
7/5/2016,6,12:30,2,454.25,2,2,2,4,1,1,5,
11/5/2016,3,23:00,2,508.4,2,2,2,4,1,1,11,
13/05/2016,5,7:35,1,494.25,1,2,3,4,1,1,6,
13/05/2016,5,19:55,2,488.4,2,4,2,4,1,1,1,
13/05/2016,5,14:30,2,504.25,1,2,3,4,1,1,9,
14/05/2016,6,5:10,2,468.2,1,2,3,4,1,1,5,
14/05/2016,6,15:50,1,493.9,2,4,3,4,1,1,5,
16/05/2016,1,10:30,2,418.3,2,4,2,4,1,10,5,1
17/05/2016,2,4:20,2,415.12,1,2,3,4,1,1,5,
17/05/2016,2,23:35,2,437.6,1,2,2,4,1,1,6,
17/05/2016,2,17:30,1,498.4,1,2,3,4,1,1,6,
18/05/2016,3,12:50,2,430.18,2,2,2,4,1,10,6,
18/05/2016,3,12:00,1,498.06,2,4,3,4,1,1,1,
20/05/2016,5,19:31,1,493.8,2,3,2,4,1,1,6,
20/05/2016,5,21:20,2,425.26,1,2,2,4,1,1,6,
21/05/2016,6,20:00,1,494.25,1,2,2,4,1,1,1,
21/05/2016,6,12:50,2,467.34,2,3,2,4,1,1,5,
22/05/2016,7,2:00,2,432.32,2,4,3,4,1,1,5,
23/05/2016,1,0:25,1,492.84,2,3,3,4,1,1,5,
24/05/2016,2,17:10,2,438.22,1,3,3,4,1,1,6,
24/05/2016,2,19:25,2,434.12,2,3,3,4,1,4,6,
24/05/2016,2,21:00,2,460.65,1,2,2,4,1,4,6,5
24/05/2016,2,21:20,2,427.96,1,2,3,4,1,10,6,
25/05/2016,3,5:30,1,494.1,2,2,2,4,1,1,8,
25/05/2016,3,0:10,1,494,2,2,2,4,1,1,6,
25/05/2016,3,3:50,1,498,2,2,2,4,1,1,6,
26/05/2016,4,16:50,2,507.75,1,4,3,4,1,1,1,
26/05/2016,4,16:40,2,463.68,2,2,1,4,1,1,5,
26/05/2016,4,16:30,2,507,1,4,2,4,1,1,6,
27/05/2016,5,17:15,2,422.36,1,2,2,4,1,1,6,
27/05/2016,5,23:15,1,497.1,1,3,3,4,1,1,6,
28/05/2016,6,10:00,1,500.65,2,3,2,4,1,1,6,
30/05/2016,1,15:33,2,424.24,2,3,3,4,1,1,6,
1/6/2016,3,19:10,2,432.24,2,2,2,4,1,1,6,
3/6/2016,5,3:30,2,425.2,2,3,2,4,1,1,5,
5/6/2016,7,1:30,2,429.94,1,2,2,4,1,1,6,
5/6/2016,7,16:35,2,492.4,1,2,1,4,1,1,6,
5/6/2016,7,16:47,2,435.34,1,3,1,4,1,1,6,
6/6/2016,1,11:55,2,431.38,2,3,2,4,1,1,11,
7/6/2016,2,4:05,2,411.88,1,3,2,4,1,1,5,
7/6/2016,2,0:59,2,475.2,2,1,2,4,1,1,11,
7/6/2016,2,0:05,2,456.3,1,4,2,4,1,1,5,
8/6/2016,3,12:00,2,501.85,2,3,3,4,1,1,5,
8/6/2016,3,7:15,2,479.75,1,3,2,4,1,1,5,
9/6/2016,4,12:05,2,494,1,4,2,4,1,1,6,
12/6/2016,7,7:42,2,447.9,1,2,3,4,1,1,5,
12/6/2016,7,15:08,1,495.44,1,2,3,4,1,1,11,
12/6/2016,7,19:10,2,438,2,3,3,4,1,1,11,
14/06/2016,2,13:00,1,497.4,2,1,3,4,1,1,11,
16/06/2016,4,21:29,2,466.95,2,2,3,4,1,1,5,
17/06/2016,5,7:55,2,475.26,1,3,2,4,1,1,6,
17/06/2016,5,7:45,2,474.74,2,2,2,4,1,1,5,
17/06/2016,5,1:20,2,432.34,2,3,3,4,1,1,5,
17/06/2016,5,0:57,2,454.76,2,1,3,4,1,2,5,
17/06/2016,5,16:35,2,438.42,1,3,2,4,1,2,6,
17/06/2016,5,22:40,2,431,2,1,3,4,1,2,5,
17/06/2016,5,10:45,2,411.94,2,4,3,4,1,2,5,
17/06/2016,5,16:32,2,494.45,1,1,2,4,1,1,5,6
17/06/2016,5,21:40,2,513.27,1,4,2,4,1,1,5,
18/06/2016,6,13:15,2,444,1,4,2,4,1,1,5,
18/06/2016,6,20:35,2,426.2,1,2,2,4,1,1,6,
18/06/2016,6,22:50,2,426.16,2,2,2,4,1,1,6,
18/06/2016,6,8:25,1,497,1,3,2,4,1,1,1,
19/06/2016,7,15:10,2,507.4,1,4,2,4,1,1,1,
19/06/2016,7,22:55,2,494.1,1,4,2,4,1,1,11,
20/06/2016,1,17:15,1,499.5,1,3,3,4,1,1,5,1
20/06/2016,1,15:10,2,490.65,2,3,3,4,1,1,6,
22/06/2016,3,6:40,1,498.7,2,2,2,4,1,1,5,
22/06/2016,3,2:27,1,501.6,1,3,2,4,1,1,1,
23/06/2016,4,14:25,2,505.1,2,2,3,4,1,1,5,
23/06/2016,4,1:30,2,450.16,1,3,3,4,1,1,5,
23/06/2016,4,6:50,2,462.98,2,2,3,4,1,1,5,
24/06/2016,5,17:38,2,478.22,1,3,3,4,1,1,1,
25/06/2016,6,21:05,1,492.4,2,2,2,4,1,1,6,
25/06/2016,6,1:10,2,476.3,1,2,3,4,1,1,5,
26/06/2016,7,19:55,2,411.2,1,3,3,4,1,1,6,
27/06/2016,1,8:35,2,479.76,1,3,3,4,1,1,6,
27/06/2016,1,4:00,2,477.5,1,4,3,4,1,1,5,
27/06/2016,1,19:32,2,479.55,2,3,3,4,1,1,5,
27/06/2016,1,15:05,1,492.25,2,2,2,4,1,1,5,
27/06/2016,1,8:10,2,486.75,1,3,3,4,1,1,5,
28/06/2016,2,9:30,2,500,2,3,3,4,1,1,5,
28/06/2016,2,0:40,1,498.6,1,2,3,4,1,1,6,
28/06/2016,2,15:20,2,494.5,2,3,3,4,1,1,5,
29/06/2016,3,10:50,1,498.05,1,2,2,4,1,1,5,
30/06/2016,4,23:05,1,492.25,2,2,2,4,1,1,11,
30/06/2016,4,20:15,2,495.1,2,2,2,4,1,1,11,
1/7/2016,5,7:00,2,501.38,2,3,4,4,1,1,5,
2/7/2016,6,6:18,2,497.85,2,4,3,4,1,1,5,
2/7/2016,6,7:30,2,480.25,2,3,3,4,1,1,5,
2/7/2016,6,9:00,2,505.7,1,3,3,4,1,1,5,
3/7/2016,7,1:20,2,477.95,1,2,3,4,1,2,6,
3/7/2016,7,0:42,2,506.2,2,2,3,4,1,2,1,
6/7/2016,3,23:52,2,467,1,2,3,4,1,1,5,
6/7/2016,3,6:58,2,411.28,2,2,3,4,1,2,5,10
6/7/2016,3,19:30,2,424.48,1,1,3,4,1,2,5,
7/7/2016,4,21:55,2,494,2,3,2,4,1,1,5,
7/7/2016,4,8:30,2,506.25,1,2,3,4,1,1,5,
8/7/2016,5,13:45,2,454.24,2,4,3,4,1,1,5,
9/7/2016,6,17:38,1,441.3,2,3,3,4,1,1,1,
9/7/2016,6,0:15,2,502.7,1,3,3,4,1,1,5,
9/7/2016,6,9:54,1,490.2,1,3,2,4,1,1,6,1
10/7/2016,7,22:06,1,478,2,3,2,4,1,1,6,
11/7/2016,1,9:15,2,486.5,2,3,3,4,1,2,5,
11/7/2016,1,9:45,2,440.5,1,2,3,4,1,2,5,
12/7/2016,2,1:12,2,494.3,2,2,3,4,1,2,11,
13/07/2016,3,8:20,2,432.06,2,3,2,4,1,1,5,
13/07/2016,3,20:50,2,472.4,1,3,3,4,1,1,5,
15/07/2016,5,18:00,2,439.48,2,3,3,4,1,1,5,
15/07/2016,5,14:40,2,462.7,1,3,3,4,1,1,5,
17/07/2016,7,16:45,2,512.3,1,4,3,4,1,1,5,1
23/07/2016,6,15:50,2,424.16,1,4,2,4,1,2,5,
23/07/2016,6,5:45,2,453,1,3,2,4,1,2,5,
23/07/2016,6,21:48,2,455.16,2,2,3,4,1,2,5,
23/07/2016,6,22:05,1,506.9,2,2,3,4,1,1,8,
24/07/2016,7,5:30,1,492.8,1,2,2,4,1,1,9,
24/07/2016,7,1:45,2,490.3,1,2,2,4,1,1,9,
24/07/2016,7,23:00,1,472.15,2,2,3,4,1,1,1,
25/07/2016,1,12:39,2,501.4,1,4,3,4,1,4,11,
27/07/2016,3,22:26,2,467.3,1,3,2,4,1,3,5,
27/07/2016,3,4:00,2,462.52,1,2,2,4,1,3,5,
27/07/2016,3,5:42,2,509.85,1,2,3,4,1,3,5,
28/07/2016,4,5:25,2,452.36,1,3,2,4,1,3,5,
28/07/2016,4,11:25,1,497.05,2,1,3,4,1,3,9,
29/07/2016,5,23:21,2,508.1,1,1,3,4,1,1,9,
29/07/2016,5,8:00,2,506.3,2,3,3,4,1,1,1,
30/07/2016,6,16:02,2,408.3,2,1,2,4,1,1,6,
30/07/2016,6,6:31,2,457.15,1,1,2,4,1,1,6,
31/07/2016,7,1:30,1,503.7,2,2,3,4,1,1,3,3
1/8/2016,1,20:13,2,480.15,2,3,3,4,1,4,1,6
2/8/2016,2,11:40,1,501.4,2,2,2,4,1,3,1,
4/8/2016,4,5:00,2,408.22,2,4,2,4,1,4,5,3
4/8/2016,4,13:45,2,429,2,3,3,4,1,3,5,
4/8/2016,4,3:30,2,510.6,1,3,3,4,1,2,5,
6/8/2016,6,3:00,2,434.1,1,4,3,4,1,3,5,
6/8/2016,6,11:10,2,478.4,1,2,3,4,1,1,6,
6/8/2016,6,20:40,2,499.2,1,2,2,4,1,1,9,
6/8/2016,6,11:25,2,454.21,2,3,2,4,1,1,9,
6/8/2016,6,22:55,2,468.18,2,3,3,4,1,2,8,
6/8/2016,6,21:54,2,477.7,2,2,3,4,1,2,11,
9/8/2016,2,1:20,2,430.62,2,2,3,4,1,4,1,
12/8/2016,5,6:15,2,468.64,1,3,2,4,1,3,5,
12/8/2016,5,0:10,2,479.5,1,2,2,4,1,4,1,5
12/8/2016,5,17:32,2,493.8,2,2,3,4,1,3,6,
13/08/2016,6,8:32,2,495.65,2,2,3,4,1,2,5,
13/08/2016,6,13:15,2,499.35,1,4,3,4,1,3,6,
13/08/2016,6,13:15,2,468.32,1,2,3,4,1,1,3,
15/08/2016,1,11:00,2,411.48,1,4,3,4,1,4,5,1
15/08/2016,1,4:05,2,478.95,2,3,2,4,1,3,1,
16/08/2016,2,19:25,2,478.35,1,2,2,4,1,4,6,
16/08/2016,2,16:10,2,427.36,2,2,3,4,1,3,9,
18/08/2016,4,0:25,2,474.78,1,3,3,4,1,2,5,5
19/08/2016,5,17:40,2,507.5,2,2,4,4,1,1,9,
19/08/2016,5,21:40,2,429.6,1,2,3,4,1,1,6,
20/08/2016,6,2:50,2,473.78,2,2,3,4,1,1,1,
20/08/2016,6,13:25,2,477.8,1,2,3,4,1,1,6,
21/08/2016,7,21:10,2,439,2,2,3,4,1,1,6,
21/08/2016,7,16:16,2,483.4,1,2,3,4,1,1,6,
22/08/2016,1,6:40,1,496.65,2,3,3,4,1,3,5,
23/08/2016,2,1:30,2,491.5,2,3,3,4,1,3,9,
23/08/2016,2,14:48,1,498.5,1,3,3,4,1,4,5,
24/08/2016,3,20:35,2,405.2,1,2,4,4,1,3,6,
24/08/2016,3,21:01,2,411.3,2,1,3,4,1,2,5,5
24/08/2016,3,11:38,2,488.3,1,2,1,4,1,1,6,
25/08/2016,4,1:40,2,447.14,2,3,3,4,1,1,3,
25/08/2016,4,16:59,1,501.15,2,3,2,4,1,1,6,
26/08/2016,5,0:50,1,494.55,1,3,3,4,1,1,9,
27/08/2016,6,11:30,2,434.14,1,2,3,4,1,1,8,
27/08/2016,6,7:40,2,492.4,1,2,4,4,1,1,9,
28/08/2016,7,18:30,2,488.65,2,2,4,4,1,1,6,
29/08/2016,1,12:43,1,491.25,1,2,3,4,1,1,1,
29/08/2016,1,5:15,2,463.9,2,2,3,4,1,1,5,
30/08/2016,2,19:15,2,452.3,2,2,3,4,1,1,6,
30/08/2016,2,12:00,1,496.35,1,2,2,4,1,1,6,
30/08/2016,2,23:10,1,506.65,1,3,3,4,1,1,5,5
31/08/2016,3,7:20,1,486.35,2,2,1,4,1,1,9,
2/9/2016,5,14:37,2,473.7,1,3,3,4,1,3,5,
3/9/2016,6,4:10,2,462.38,1,3,3,4,1,4,5,
3/9/2016,6,20:42,2,488.55,2,2,2,4,1,4,6,
3/9/2016,6,23:30,1,500.25,2,1,3,4,1,4,9,
4/9/2016,7,21:00,2,438.4,2,2,3,4,1,3,9,
5/9/2016,1,10:20,1,499,1,3,3,4,1,4,5,3
5/9/2016,1,22:30,2,473.4,1,3,3,4,1,4,5,5
5/9/2016,1,21:00,2,425.92,1,2,2,4,1,4,9,
5/9/2016,1,22:33,2,473.4,1,3,3,4,1,4,5,
5/9/2016,1,14:39,1,493.9,1,3,3,4,1,4,5,1
7/9/2016,3,17:34,1,497.5,1,3,3,4,1,4,1,5
7/9/2016,3,10:25,1,499.8,2,3,3,4,1,3,3,1
8/9/2016,4,11:46,2,437.74,2,3,3,4,1,4,5,6
8/9/2016,4,6:05,2,454.2,2,2,3,4,1,4,5,
8/9/2016,4,23:35,2,464.4,1,3,3,4,1,4,5,
8/9/2016,4,10:00,1,497.58,2,2,3,4,1,1,5,5
9/9/2016,5,3:54,2,485.5,2,3,1,4,1,1,9,
9/9/2016,5,14:42,2,480.6,1,4,3,4,1,1,1,5
11/9/2016,7,16:30,2,437.56,1,3,1,4,1,1,6,
11/9/2016,7,9:50,2,451.2,1,3,3,4,1,3,5,
11/9/2016,7,18:18,1,496.8,1,2,3,4,1,3,6,
12/9/2016,1,22:50,1,494.75,2,2,3,4,1,4,5,
13/09/2016,2,15:30,2,477.65,1,3,4,4,1,4,1,
13/09/2016,2,18:25,2,477.89,2,2,5,4,1,5,4,5
13/09/2016,2,13:10,1,494.62,2,2,2,4,1,4,6,
13/09/2016,2,21:01,1,484.97,1,2,1,4,1,4,6,
14/09/2016,3,10:20,2,432.8,2,2,2,4,1,4,1,
14/09/2016,3,14:28,1,496.6,1,3,3,4,1,3,6,
15/09/2016,4,12:50,2,492.3,2,2,3,4,1,1,9,
16/09/2016,5,19:53,2,492.3,2,2,3,4,1,1,9,
16/09/2016,5,18:20,2,491.85,1,2,2,4,1,1,8,
16/09/2016,5,10:50,1,498.25,2,3,3,4,1,1,6,
17/09/2016,6,5:25,2,442.3,1,2,3,4,1,1,1,
17/09/2016,6,17:43,1,506.8,2,2,1,4,1,1,6,
17/09/2016,6,20:27,1,501.85,1,2,3,4,1,1,6,
17/09/2016,6,22:37,2,491.9,1,2,1,4,1,1,1,6
17/09/2016,6,20:50,1,499.35,2,2,1,4,1,1,5,6
18/09/2016,7,18:55,2,508.05,1,2,3,4,1,1,6,
18/09/2016,7,2:12,1,502.05,2,3,3,4,1,1,5,
19/09/2016,1,12:31,2,430.16,1,2,3,4,1,4,5,6
19/09/2016,1,19:12,2,477.85,1,2,2,4,1,1,6,
20/09/2016,2,12:07,1,497.05,1,2,3,4,1,1,9,
20/09/2016,2,7:25,2,467.24,1,3,2,4,1,4,5,1
20/09/2016,2,3:20,2,511.7,1,2,3,4,1,2,6,
20/09/2016,2,8:10,2,493.1,1,3,3,4,1,2,2,
21/09/2016,3,7:35,2,479.25,2,2,3,4,1,2,1,7
22/09/2016,4,8:52,2,491.84,1,3,3,4,1,1,3,5
24/09/2016,6,16:00,2,426.07,1,3,3,4,1,1,5,
24/09/2016,6,9:55,2,504.3,1,2,3,4,1,1,5,6
24/09/2016,6,12:15,1,484.75,1,2,3,4,1,1,9,
24/09/2016,6,11:30,1,494.3,1,3,3,4,1,1,6,
25/09/2016,7,22:34,2,404.02,2,3,3,4,1,4,3,
26/09/2016,1,15:09,2,433.46,1,3,2,4,1,1,5,
26/09/2016,1,19:45,2,453.98,1,1,3,4,1,1,6,
27/09/2016,2,5:10,1,465.21,1,2,3,4,1,1,5,
28/09/2016,3,22:02,2,442.5,2,3,2,4,1,1,5,5
28/09/2016,3,4:05,2,433.5,1,3,3,4,1,1,3,5
29/09/2016,4,11:30,2,414,1,3,3,4,1,1,9,
30/09/2016,5,17:10,2,449.58,2,2,3,4,1,2,5,
1/10/2016,6,21:38,2,430.1,2,2,1,4,1,1,9,
1/10/2016,6,6:30,2,402.1,1,2,3,4,1,1,5,
1/10/2016,6,5:02,2,475.48,1,3,3,4,1,1,5,
2/10/2016,7,0:38,2,439.92,1,2,3,4,1,1,5,
3/10/2016,1,9:40,2,427.7,2,3,3,4,1,1,7,
3/10/2016,1,16:00,2,488.45,2,2,1,4,1,1,6,
4/10/2016,2,23:27,2,495.525,1,2,2,4,1,1,6,
5/10/2016,3,2:20,2,477.58,2,2,3,4,1,1,1,
5/10/2016,3,4:35,2,441.2,2,3,3,4,1,1,1,
6/10/2016,4,22:10,2,434.46,1,2,3,4,1,1,9,
6/10/2016,4,14:32,2,447.8,2,3,1,4,1,1,5,
6/10/2016,4,2:50,2,483.95,1,2,3,4,1,1,5,1
6/10/2016,4,20:20,1,494.1,2,3,2,4,1,1,1,
6/10/2016,4,20:55,1,495.21,1,2,1,4,1,1,6,
7/10/2016,5,20:35,1,494.4,2,3,3,4,1,1,9,
8/10/2016,6,21:30,2,441.2,1,1,2,4,1,1,8,
8/10/2016,6,6:50,1,498.8,1,2,1,4,1,1,9,
8/10/2016,6,7:35,1,491.45,2,2,2,4,1,1,6,
8/10/2016,6,22:30,1,494.75,2,2,1,4,1,1,6,
8/10/2016,6,19:20,1,493.3,2,3,3,4,1,1,11,
9/10/2016,7,22:00,2,489.75,2,2,3,4,1,1,6,
9/10/2016,7,11:17,2,481.85,2,3,3,4,1,1,9,
10/10/2016,1,8:52,2,433.48,1,1,3,4,1,1,5,6
10/10/2016,1,20:48,2,455.84,2,3,3,4,1,1,5,
10/10/2016,1,0:00,1,491.3,2,2,2,4,1,1,9,
10/10/2016,1,16:24,2,492.2,2,2,2,4,1,1,9,
10/10/2016,1,14:25,2,486.1,2,2,3,4,1,4,9,
10/10/2016,1,18:45,1,493.3,1,3,3,4,1,1,3,6
10/10/2016,1,23:00,2,487.7,2,1,2,4,1,1,9,
11/10/2016,2,22:00,1,494.35,2,3,3,4,1,1,9,
11/10/2016,2,4:30,1,494.3,2,2,2,4,1,1,6,
11/10/2016,2,0:30,1,485.4,2,3,1,4,1,1,9,
12/10/2016,3,4:55,2,411.7,1,3,3,4,1,1,1,
12/10/2016,3,1:10,1,492.4,1,2,2,4,1,1,9,
12/10/2016,3,19:38,2,441.7,2,3,1,4,1,1,6,
12/10/2016,3,4:50,2,512.6,2,1,2,4,1,1,9,
14/10/2016,5,18:05,2,499.25,1,2,2,4,1,1,6,
14/10/2016,5,22:00,1,494.15,1,2,2,4,1,1,9,
15/10/2016,6,8:25,2,435.8,1,2,2,4,1,1,9,
15/10/2016,6,5:50,2,500.3,1,2,2,4,1,1,9,
15/10/2016,6,5:20,2,490.1,2,2,2,4,1,1,9,
17/10/2016,1,0:05,2,433.74,1,2,2,4,1,1,5,
17/10/2016,1,19:00,2,464.48,2,3,3,4,1,1,6,
18/10/2016,2,9:36,2,507.95,1,2,3,4,1,1,5,
19/10/2016,3,19:30,1,497.5,1,3,2,4,1,1,5,
19/10/2016,3,13:25,2,401.78,2,2,3,4,1,1,9,
20/10/2016,4,3:50,2,437.25,2,2,3,4,1,1,9,
20/10/2016,4,13:45,2,433.5,2,2,2,4,1,1,9,
20/10/2016,4,21:50,2,427.78,2,2,3,4,1,1,6,
21/10/2016,5,0:00,1,495.45,1,3,2,4,1,1,5,
22/10/2016,6,12:40,2,452.9,1,3,2,4,1,1,11,
22/10/2016,6,17:45,2,473.82,2,3,3,4,1,1,6,
22/10/2016,6,14:15,1,495.6,1,3,2,4,1,1,5,
24/10/2016,1,0:34,2,467.4,2,3,3,4,1,1,5,
24/10/2016,1,10:00,1,506.15,2,3,3,4,1,1,1,
25/10/2016,2,13:40,1,475.8,2,3,3,4,1,1,1,5
25/10/2016,2,11:34,2,500.45,1,2,3,4,1,1,5,
25/10/2016,2,22:40,1,495.5,1,2,2,4,1,1,6,
26/10/2016,3,5:40,2,484.45,1,3,3,4,1,1,5,
26/10/2016,3,15:47,1,498.7,2,3,3,4,1,1,6,
27/10/2016,4,13:58,1,499.35,2,2,2,4,1,1,6,
27/10/2016,4,22:10,2,456.7,1,1,3,4,1,1,7,
27/10/2016,4,7:55,1,498.05,1,3,1,4,1,1,1,
28/10/2016,5,15:04,2,483.75,1,2,3,4,1,1,6,
29/10/2016,6,18:28,2,425.82,2,2,2,4,1,1,9,
29/10/2016,6,20:32,2,408.35,2,3,3,4,1,1,9,
29/10/2016,6,5:28,2,450.18,1,3,1,4,1,1,5,
29/10/2016,6,13:25,2,482.2,2,2,3,4,1,1,1,
30/10/2016,7,14:20,2,425.36,2,2,2,4,1,1,6,
30/10/2016,7,15:00,1,496.75,2,3,3,4,1,1,5,
31/10/2016,1,8:45,2,429.8,2,1,2,4,1,1,9,
1/11/2016,2,8:50,1,497.7,2,3,3,4,1,1,6,
3/11/2016,4,15:05,2,476.75,2,3,2,4,1,1,5,5
4/11/2016,5,6:05,2,464.3,2,2,3,4,1,1,5,
4/11/2016,5,10:59,2,508.3,1,3,2,4,1,1,5,6
5/11/2016,6,14:15,2,506.9,2,1,3,4,1,1,5,6
5/11/2016,6,12:05,2,415,1,2,2,4,1,1,1,5
5/11/2016,6,12:42,1,496.15,2,3,3,4,1,1,6,6
7/11/2016,1,0:00,2,482.7,2,2,3,4,1,1,1,6
9/11/2016,3,0:00,2,452.75,1,2,3,4,1,1,1,
10/11/2016,4,10:15,2,504.3,1,2,4,4,1,1,9,
10/11/2016,4,11:20,1,494.45,1,2,3,4,1,1,9,
10/11/2016,4,12:15,2,486.6,2,2,2,4,1,1,9,
11/11/2016,5,6:45,2,407.94,1,2,4,4,1,1,1,
11/11/2016,5,15:30,1,502.2,2,3,3,4,1,1,1,
13/11/2016,7,17:35,1,491.4,1,1,2,4,1,1,6,
13/11/2016,7,20:00,1,497.35,2,1,1,4,1,1,9,
13/11/2016,7,22:20,1,495.45,2,3,1,4,1,1,6,
14/11/2016,1,4:43,2,492.35,1,3,2,4,1,1,11,
14/11/2016,1,17:45,2,509.4,1,2,2,4,1,1,6,
14/11/2016,1,3:38,2,512.75,1,1,4,4,1,1,5,5
15/11/2016,2,2:08,2,512.75,1,1,4,4,1,1,5,5
16/11/2016,3,11:48,2,453.68,1,3,2,4,1,1,5,
18/11/2016,5,11:40,1,499.25,2,3,2,4,1,1,6,
18/11/2016,5,8:05,2,483.1,1,3,2,4,1,1,5,
18/11/2016,5,14:35,2,456.88,1,3,3,4,1,1,5,6
19/11/2016,6,6:10,2,450.16,1,3,2,4,1,1,5,
19/11/2016,6,7:35,2,491.62,2,3,4,4,1,1,5,
20/11/2016,7,10:11,2,433.72,1,4,2,4,1,1,1,1
20/11/2016,7,22:45,2,480.35,1,3,3,4,1,1,5,
21/11/2016,1,19:33,2,429.86,1,2,3,4,1,1,9,
21/11/2016,1,14:00,2,426.08,1,3,1,4,1,1,6,
21/11/2016,1,8:55,2,450.15,1,3,2,4,1,1,6,
23/11/2016,3,23:24,1,506,2,1,2,4,1,1,9,
23/11/2016,3,5:00,2,419.8,1,4,3,4,1,1,5,
23/11/2016,3,9:20,1,480.68,2,3,5,4,1,1,5,
24/11/2016,4,23:35,1,503.4,2,2,3,4,1,1,5,
24/11/2016,4,1:45,1,495.7,1,2,2,4,1,1,5,
24/11/2016,4,5:40,1,494.5,2,1,2,4,1,1,9,
25/11/2016,5,10:36,2,455.76,1,3,3,4,1,1,1,
26/11/2016,6,15:00,2,416.52,1,3,2,4,1,1,5,
27/11/2016,7,16:22,1,489.5,1,2,3,4,1,1,5,10
27/11/2016,7,12:07,2,509.15,1,2,4,4,1,1,6,
29/11/2016,2,19:00,2,405.32,2,1,2,4,1,1,11,
29/11/2016,2,5:55,2,457.86,2,3,3,4,1,1,5,5
29/11/2016,2,8:07,1,497.7,2,2,3,4,1,1,3,
29/11/2016,2,11:15,1,574.1,1,3,3,4,1,1,5,
29/11/2016,2,15:00,2,481.85,2,3,1,4,1,1,6,
30/11/2016,3,10:45,2,448.6,2,2,3,4,1,1,5,
30/11/2016,3,19:30,2,415.36,1,2,3,4,1,1,6,
30/11/2016,3,18:40,1,475.6,2,2,1,4,1,1,6,
1/12/2016,4,4:10,2,414.18,1,2,3,4,1,1,6,
1/12/2016,4,19:00,2,422.52,2,1,3,4,1,1,5,6
1/12/2016,4,21:55,2,454.9,1,3,2,4,1,1,1,5
1/12/2016,4,1:30,2,508.44,1,2,2,4,1,1,1,
2/12/2016,5,7:49,2,485.4,2,3,2,4,1,1,5,
3/12/2016,6,22:58,2,453.8,1,3,3,4,1,1,1,
3/12/2016,6,23:53,2,508.5,1,2,3,4,1,1,1,
3/12/2016,6,5:26,1,497.95,1,2,2,4,1,1,1,
4/12/2016,7,21:30,2,414,1,2,3,4,1,1,6,
4/12/2016,7,11:04,2,419.8,1,2,3,4,1,1,6,
4/12/2016,7,3:45,2,509.6,2,2,2,4,1,1,1,
4/12/2016,7,17:25,2,450.25,2,4,2,4,1,1,6,
5/12/2016,1,17:56,2,437.2,2,1,3,4,1,1,6,
5/12/2016,1,8:57,2,493.9,2,2,2,4,1,1,6,
5/12/2016,1,4:23,2,509.6,2,2,2,4,1,1,1,
6/12/2016,2,1:27,2,513.2,1,3,2,4,1,1,6,
7/12/2016,3,12:20,2,468.9,2,4,3,4,1,1,6,
8/12/2016,4,5:22,2,509.7,2,3,3,4,1,1,5,
8/12/2016,4,19:09,1,497.4,2,2,3,4,1,1,6,
10/12/2016,6,4:05,2,484,2,4,3,4,1,1,5,
11/12/2016,7,17:08,1,490.1,2,2,2,4,1,1,6,
11/12/2016,7,9:30,2,438.5,1,2,3,4,1,1,6,
12/12/2016,1,16:20,1,501.56,1,2,3,4,1,1,6,
12/12/2016,1,21:35,1,495.8,2,2,1,4,1,1,6,
13/12/2016,2,15:26,1,492.4,1,2,3,4,1,1,6,
13/12/2016,2,3:40,1,495.3,1,3,3,4,1,1,5,
13/12/2016,2,9:35,2,456.7,1,3,3,4,1,1,5,
14/12/2016,3,8:00,2,493.18,2,4,3,4,1,2,1,
14/12/2016,3,22:30,1,497.4,2,3,2,4,1,1,9,
15/12/2016,4,21:10,2,488.9,2,3,3,4,1,1,6,
15/12/2016,4,18:29,2,484.2,1,3,3,4,1,1,6,
15/12/2016,4,20:50,1,494.3,2,3,1,4,1,1,8,
15/12/2016,4,22:50,2,426.2,2,2,2,4,1,1,1,
15/12/2016,4,17:07,2,515.3,2,3,3,4,1,1,5,1
16/12/2016,5,18:00,1,496.14,2,3,2,4,1,1,6,
16/12/2016,5,7:52,2,449.26,1,3,3,4,1,2,5,
17/12/2016,6,4:55,2,520.36,2,3,3,4,1,1,3,1
18/12/2016,7,5:20,2,454.76,1,2,2,4,1,1,1,5
18/12/2016,7,19:55,2,454.7,2,2,3,4,1,1,5,5
20/12/2016,2,14:10,1,496.6,2,3,4,4,1,1,9,
21/12/2016,3,13:00,1,498.75,2,3,4,4,1,1,6,
22/12/2016,4,8:39,2,424.04,2,1,3,4,1,3,11,
23/12/2016,5,3:20,2,464.1,2,2,2,4,1,11,5,
23/12/2016,5,22:15,2,506.6,1,4,3,4,1,2,1,
24/12/2016,6,19:28,2,506.25,1,2,2,4,1,1,5,6
26/12/2016,1,7:07,2,487.65,2,2,2,4,1,2,3,5
27/12/2016,2,23:46,2,450.18,2,2,3,4,1,1,5,5
27/12/2016,2,18:45,1,490.75,1,2,3,4,1,2,5,6
28/12/2016,3,9:20,2,424.08,1,4,3,4,1,1,3,
28/12/2016,3,1:35,2,507.3,2,3,2,4,1,1,6,
30/12/2016,5,18:40,2,485.75,2,1,2,4,1,1,6,
30/12/2016,5,14:13,1,492.35,2,3,3,4,1,1,5,
31/12/2016,6,20:50,1,496.55,1,3,3,4,1,1,6,
1/1/2017,7,18:08,1,494.5,1,1,2,4,1,2,6,
1/1/2017,7,21:05,1,499.35,1,3,2,4,1,2,6,
1/1/2017,7,15:12,2,449,2,2,3,4,1,1,5,
1/1/2017,7,21:14,2,433.2,2,2,3,4,1,1,6,
2/1/2017,1,5:05,2,477.76,1,3,3,4,1,11,5,5
2/1/2017,1,4:35,2,442.8,2,3,2,4,1,11,5,
2/1/2017,1,5:50,2,514.25,2,3,3,4,1,3,5,5
3/1/2017,2,8:10,2,428.72,1,4,3,4,1,1,1,
3/1/2017,2,1:58,2,486.1,2,3,2,4,1,1,5,1
3/1/2017,2,18:18,2,428.72,1,2,1,4,1,1,6,
4/1/2017,3,7:45,2,425.68,1,3,2,4,1,1,5,
4/1/2017,3,20:02,2,478.3,2,1,2,4,1,1,6,
6/1/2017,5,22:55,1,497.85,1,2,2,4,1,11,5,5
6/1/2017,5,22:35,1,497.75,1,2,3,4,1,11,5,6
7/1/2017,6,20:20,2,431.2,2,2,2,4,1,11,6,
7/1/2017,6,0:34,2,483.95,2,2,3,4,1,11,5,1
9/1/2017,1,16:02,1,496.98,2,2,3,4,1,1,6,
9/1/2017,1,20:10,1,499.3,1,1,2,4,1,1,5,
10/1/2017,2,2:45,2,441.3,1,3,2,4,1,1,1,
10/1/2017,2,11:15,2,449.1,1,3,3,4,1,1,5,
10/1/2017,2,0:00,1,502.7,2,3,3,4,1,11,5,
10/1/2017,2,11:30,2,517.2,2,3,3,4,1,3,5,
11/1/2017,3,6:10,2,471.48,1,2,2,4,1,3,5,
12/1/2017,4,5:45,2,399.75,1,4,3,4,1,11,3,
13/01/2017,5,23:20,2,487.8,2,3,2,4,1,1,3,
14/01/2017,6,11:00,1,494.8,1,3,3,4,1,1,5,
14/01/2017,6,4:10,2,422.32,1,3,2,4,1,11,3,
14/01/2017,6,5:35,1,501.45,1,4,3,4,1,11,3,
14/01/2017,6,3:37,1,492,2,2,3,4,1,11,1,
14/01/2017,6,6:30,2,413.2,1,4,3,4,1,11,1,
15/01/2017,7,18:18,1,499.1,1,2,2,4,1,1,9,
16/01/2017,1,17:50,2,432,2,3,3,4,1,1,6,
16/01/2017,1,6:10,2,477.429,1,1,2,4,1,1,1,
16/01/2017,1,15:32,1,496.9,2,3,1,4,1,1,6,
17/01/2017,2,6:05,2,410.2,1,3,3,4,1,1,1,
18/01/2017,3,23:20,1,498.55,2,4,3,4,1,1,5,1
19/01/2017,4,5:35,1,496.25,2,3,1,4,1,1,6,
19/01/2017,4,12:40,2,519.85,2,3,3,4,1,1,5,
20/01/2017,5,7:50,2,465.04,1,2,2,4,1,1,1,
20/01/2017,5,15:50,2,482.15,2,3,3,4,1,1,6,
20/01/2017,5,19:05,2,433.8,2,2,2,4,1,1,6,
21/01/2017,6,12:52,1,491.1,2,2,3,4,1,1,1,1
22/01/2017,7,16:45,2,454.85,1,3,3,4,1,1,5,
23/01/2017,1,19:40,2,403.2,2,3,3,4,1,1,6,
23/01/2017,1,6:15,2,466.4,2,3,3,4,1,1,5,3
24/01/2017,2,12:34,1,499.25,1,3,3,4,1,1,5,
25/01/2017,3,9:46,1,496.5,1,3,4,4,1,1,9,
25/01/2017,3,12:56,2,488.7,2,2,3,4,1,1,1,
26/01/2017,4,22:30,2,484.75,1,1,3,4,1,1,1,
26/01/2017,4,20:00,2,487.9,1,2,3,4,1,1,6,
27/01/2017,5,9:45,2,483.98,2,3,1,4,1,1,1,5
27/01/2017,5,17:12,1,520.665,1,3,3,4,1,1,1,
28/01/2017,6,17:10,2,439.38,2,3,3,4,1,1,5,
28/01/2017,6,19:41,1,493.7,2,2,3,4,1,1,9,
29/01/2017,7,23:24,1,493.25,1,3,3,4,1,1,9,
30/01/2017,1,8:14,2,448.8,2,3,3,4,1,1,5,
30/01/2017,1,10:15,2,517.2,2,3,3,4,1,1,1,
30/01/2017,1,12:30,1,494.35,2,3,1,4,1,1,9,
31/01/2017,2,22:00,1,496.5,1,2,2,4,1,1,5,6
1/2/2017,3,9:27,2,423.4,2,4,3,4,1,1,1,6
2/2/2017,4,13:40,2,423.6,1,1,2,4,1,1,6,
3/2/2017,5,15:47,1,501.4,1,3,3,4,1,1,9,
3/2/2017,5,21:20,2,482.25,1,3,2,4,1,1,6,
4/2/2017,6,5:40,2,453.8,1,1,2,4,1,1,5,5
4/2/2017,6,21:52,1,501.3,2,2,3,4,1,1,6,
4/2/2017,6,20:15,2,432.7,2,3,4,4,1,1,6,
5/2/2017,7,12:29,2,489.2,2,2,3,4,1,1,5,1
5/2/2017,7,18:50,1,496.3,2,2,3,4,1,1,6,
5/2/2017,7,23:17,1,496.8,2,3,3,4,1,1,1,
5/2/2017,7,1:04,2,445.76,2,3,3,4,1,1,1,
6/2/2017,1,21:25,1,498.7,1,2,2,4,1,1,6,
6/2/2017,1,18:04,1,495.3,1,2,4,4,1,1,10,
7/2/2017,2,17:55,2,477.3,2,2,3,4,1,1,3,5
7/2/2017,2,21:25,1,498.5,2,3,3,4,1,1,5,6
10/2/2017,5,7:02,2,403.7,1,4,3,4,1,1,1,
10/2/2017,5,8:10,2,450.18,1,3,3,4,1,1,5,
11/2/2017,6,23:30,2,520.9,1,3,3,4,1,1,5,
11/2/2017,6,10:58,2,510,2,3,3,4,1,1,1,
11/2/2017,6,20:39,2,507.05,2,2,2,4,1,1,9,
12/2/2017,7,19:53,2,414.16,1,3,2,4,1,1,11,
13/02/2017,1,5:50,2,427,2,2,2,4,1,1,5,
13/02/2017,1,18:24,2,507.5,1,2,2,4,1,1,6,
14/02/2017,2,15:25,2,416.44,1,2,2,4,1,1,1,
17/02/2017,5,6:40,1,505.05,1,2,2,4,1,1,9,
17/02/2017,5,18:50,2,434,2,4,3,4,1,1,1,
17/02/2017,5,19:52,2,433.54,1,3,3,4,1,1,1,1
18/02/2017,6,7:17,2,427.06,2,3,3,4,1,1,1,
18/02/2017,6,13:55,2,440.26,2,2,3,4,1,1,5,6
18/02/2017,6,11:55,2,521.12,2,3,3,4,1,1,5,
19/02/2017,7,2:25,2,428.6,2,2,3,4,1,1,5,5
19/02/2017,7,12:05,1,497.15,2,3,2,4,1,1,9,
20/02/2017,1,5:55,2,451.48,1,3,2,4,1,1,5,1
21/02/2017,2,19:40,1,499.25,1,2,3,4,1,1,8,
22/02/2017,3,5:45,2,460.72,1,3,3,4,1,1,5,
23/02/2017,4,23:08,2,464.36,2,3,3,4,1,1,5,
23/02/2017,4,23:37,2,438.72,2,4,3,4,1,1,5,
23/02/2017,4,20:18,2,506.45,2,2,3,4,1,1,6,
24/02/2017,5,17:45,2,417.54,1,2,2,4,1,1,7,11
24/02/2017,5,21:15,2,500,2,3,3,4,1,1,11,
24/02/2017,5,10:45,2,495.7,2,2,3,4,1,1,11,
25/02/2017,6,14:05,2,443.32,1,4,3,4,1,1,5,
26/02/2017,7,18:26,1,499.25,1,2,2,4,1,1,6,
26/02/2017,7,6:16,2,413.54,2,3,3,4,1,1,1,
26/02/2017,7,23:28,2,439.38,1,2,2,4,1,1,6,
27/02/2017,1,4:30,2,449.84,1,3,3,4,1,1,5,
27/02/2017,1,12:10,2,503.1,2,2,2,4,1,1,6,
28/02/2017,2,19:24,2,501.2,2,3,3,4,1,1,6,
28/02/2017,2,15:55,2,486,2,2,3,4,1,1,6,
1/3/2017,3,21:48,2,432.08,2,2,2,4,1,1,1,
3/3/2017,5,11:31,2,475.51,2,3,3,4,1,1,5,
3/3/2017,5,11:35,1,499.25,2,3,1,4,1,1,6,
4/3/2017,6,1:46,2,410.48,1,1,3,4,1,1,5,5
4/3/2017,6,17:05,2,433.2,1,3,2,4,1,1,9,
5/3/2017,7,15:00,1,493.25,2,3,2,4,1,1,6,
5/3/2017,7,19:30,2,489.3,2,2,3,4,1,1,3,
6/3/2017,1,4:55,2,406.6,2,2,3,4,1,1,5,
6/3/2017,1,17:30,1,495.8,2,1,3,4,1,1,5,1
7/3/2017,2,18:00,1,494.3,2,3,2,4,1,1,6,
8/3/2017,3,10:25,2,440.82,2,3,3,4,1,1,1,
8/3/2017,3,19:15,2,486.35,2,2,2,4,1,1,11,
9/3/2017,4,23:54,2,464.7,2,1,3,4,1,1,5,6
9/3/2017,4,11:38,2,427.3,2,2,2,4,1,1,5,6
9/3/2017,4,20:55,2,428.32,2,2,2,4,1,1,10,
9/3/2017,4,17:30,2,507.75,1,3,3,4,1,1,5,
9/3/2017,4,16:46,2,481.5,1,2,3,4,1,1,3,6
11/3/2017,6,4:15,2,431.94,1,2,3,4,1,2,5,
11/3/2017,6,20:15,1,495.6,1,3,2,4,1,2,11,
11/3/2017,6,5:20,2,510.2,1,3,3,4,1,2,1,
12/3/2017,7,11:10,1,496.15,2,3,2,4,1,1,11,6
12/3/2017,7,7:30,2,514.35,1,3,3,4,1,1,5,
13/03/2017,1,14:10,2,408.92,2,3,2,4,1,1,6,
13/03/2017,1,21:45,2,438.6,2,3,3,4,1,1,6,
13/03/2017,1,19:50,2,455.86,2,3,1,4,1,1,5,
14/03/2017,2,17:00,2,520.2,1,1,4,4,1,1,3,5
15/03/2017,3,12:25,2,479.8,1,3,5,4,1,1,5,
15/03/2017,3,10:17,2,430.06,1,2,2,4,1,1,2,
15/03/2017,3,23:42,2,511.25,2,2,3,4,1,1,9,
15/03/2017,3,16:15,2,509.9,2,1,3,4,1,1,5,6
17/03/2017,5,11:04,1,488,1,2,2,4,1,1,6,
18/03/2017,6,14:25,2,455.15,2,3,3,4,1,1,6,
18/03/2017,6,7:55,2,482.2,1,4,3,4,1,1,5,1
19/03/2017,7,8:28,2,514,1,1,3,4,1,1,5,6
19/03/2017,7,11:35,2,415,2,3,3,4,1,1,5,6
20/03/2017,1,8:10,2,430.25,1,3,4,4,1,1,3,5
21/03/2017,2,12:45,2,438.86,1,3,2,4,1,1,9,
21/03/2017,2,12:20,1,490.85,2,4,3,4,1,1,5,3
21/03/2017,2,5:44,2,414.25,1,3,3,4,1,1,5,
21/03/2017,2,12:45,2,438.86,2,3,4,4,1,1,9,
22/03/2017,3,17:59,2,428.99,2,4,5,4,1,1,5,1
22/03/2017,3,22:14,1,496.5,1,3,3,4,1,1,1,
22/03/2017,3,11:00,2,428.92,1,4,3,4,1,1,5,
22/03/2017,3,13:55,2,405.36,2,4,2,4,1,1,5,
22/03/2017,3,10:50,2,430,1,2,2,4,1,1,11,8
22/03/2017,3,14:05,2,440.5,2,2,2,4,1,1,11,6
23/03/2017,4,18:44,1,502.05,2,1,2,4,1,1,9,
23/03/2017,4,1:00,2,511.05,2,3,3,4,1,1,5,5
23/03/2017,4,22:14,1,496.5,1,2,2,4,1,1,1,8
24/03/2017,5,9:26,2,520.66,1,3,3,4,1,1,5,
24/03/2017,5,23:50,2,423.72,2,4,3,4,1,1,1,
24/03/2017,5,16:15,2,487.5,1,4,2,4,1,1,11,
24/03/2017,5,2:07,1,494.9,2,3,2,4,1,1,5,
25/03/2017,6,1:14,2,510.2,1,3,3,4,1,1,5,
25/03/2017,6,21:38,2,439.2,2,3,3,4,1,1,6,
27/03/2017,1,8:45,2,482.7,1,4,3,4,1,1,5,
28/03/2017,2,8:20,2,440.4,1,4,3,4,1,1,5,
28/03/2017,2,21:55,1,502.9,1,2,1,4,1,1,6,
30/03/2017,4,13:03,2,405.52,2,2,3,4,1,1,5,
30/03/2017,4,23:08,2,424.24,1,4,3,4,1,1,1,
30/03/2017,4,2:35,2,515.4,1,3,3,4,1,1,1,
30/03/2017,4,13:00,1,494.45,2,4,2,4,1,1,1,
30/03/2017,4,14:03,1,496.5,2,3,2,4,1,1,6,
30/03/2017,4,3:40,1,490.85,2,2,4,4,1,1,5,5
1/4/2017,6,0:30,2,476.65,1,2,3,4,1,1,5,5
1/4/2017,6,11:50,1,495,2,2,3,4,1,1,6,
3/4/2017,1,18:40,1,499.25,1,3,3,4,1,1,3,1
4/4/2017,2,6:15,1,494.3,1,4,3,4,1,1,5,
4/4/2017,2,18:54,2,488.9,1,2,3,4,1,1,5,11
4/4/2017,2,19:07,2,488.9,1,2,3,4,1,1,6,
4/4/2017,2,1:45,2,510.4,1,1,2,4,1,1,5,5
5/4/2017,3,23:40,2,426.88,2,2,3,4,1,1,6,
5/4/2017,3,3:12,2,475.82,2,3,3,4,1,1,11,1
5/4/2017,3,9:05,2,504,2,4,2,4,1,1,5,
5/4/2017,3,14:00,2,405.1,2,3,3,4,1,1,11,
6/4/2017,4,10:20,2,431.6,1,2,3,4,1,1,6,
6/4/2017,4,0:48,2,514,2,2,2,4,1,1,5,5
6/4/2017,4,17:35,2,520.66,2,1,4,4,1,1,5,6
6/4/2017,4,16:33,1,497.75,1,4,2,4,1,1,5,1
6/4/2017,4,18:34,2,492.25,1,2,3,4,1,1,6,9
7/4/2017,5,8:25,2,487.15,1,2,3,4,1,3,5,6
8/4/2017,6,19:10,2,449.42,1,4,2,4,1,4,5,
8/4/2017,6,23:32,2,464.45,2,3,1,4,1,3,1,
9/4/2017,7,14:13,2,520,2,1,3,4,1,1,6,
9/4/2017,7,19:00,2,426,2,2,3,4,1,1,6,
9/4/2017,7,0:00,1,497.7,1,3,2,4,1,1,5,
9/4/2017,7,0:00,2,421.8,1,4,2,4,1,1,5,
10/4/2017,1,5:36,2,420.84,2,3,3,4,1,1,3,
10/4/2017,1,12:19,2,411.12,2,3,2,4,1,1,5,
10/4/2017,1,13:00,2,480.75,2,4,5,4,1,1,1,
10/4/2017,1,13:01,2,506.8,2,2,3,4,1,1,5,6
11/4/2017,2,8:35,2,514.5,1,4,3,4,1,1,5,
12/4/2017,3,19:23,2,416.36,2,3,3,4,1,1,1,
12/4/2017,3,2:33,1,491.1,2,2,2,4,1,1,9,
13/04/2017,4,14:30,2,427.1,2,2,2,4,1,1,7,5
13/04/2017,4,8:10,2,513.15,1,3,2,4,1,1,5,
13/04/2017,4,13:20,1,498.4,2,4,3,4,1,1,1,
13/04/2017,4,14:00,2,472.2,1,1,2,4,1,1,1,
14/04/2017,5,23:09,1,501.95,2,2,2,4,1,1,6,9
14/04/2017,5,1:25,2,511.4,2,3,3,4,1,1,1,
14/04/2017,5,19:00,1,504.3,1,1,2,4,1,1,3,3
15/04/2017,6,18:59,1,493.45,1,2,2,4,1,1,6,
15/04/2017,6,21:30,2,430,2,2,3,4,1,1,6,
16/04/2017,7,20:32,2,462.6,1,2,1,4,1,1,6,
17/04/2017,1,5:17,2,420.84,1,4,3,4,1,1,5,
17/04/2017,1,18:43,2,435.9,1,3,3,4,1,1,6,
18/04/2017,2,11:08,1,494.35,2,2,2,4,1,1,8,
19/04/2017,3,13:58,2,437.07,2,2,2,4,1,1,11,6
19/04/2017,3,16:34,2,512.4,1,3,3,4,1,1,5,5
20/04/2017,4,11:27,2,473.82,2,3,5,4,1,1,1,
20/04/2017,4,11:07,2,433.42,2,2,1,4,1,1,7,
20/04/2017,4,5:43,2,410.92,1,3,3,4,1,1,1,5
21/04/2017,5,0:27,1,495.4,2,2,2,4,1,1,1,1
22/04/2017,6,9:28,2,486.902,2,2,3,4,1,1,6,
22/04/2017,6,6:07,1,494.4,1,2,2,4,1,1,8,
23/04/2017,7,18:14,1,502.5,2,2,3,4,1,1,5,5
23/04/2017,7,23:45,2,482.6,2,3,3,4,1,1,5,
23/04/2017,7,0:25,2,434.2,1,2,2,4,1,1,11,6
24/04/2017,1,8:02,1,499.9,1,1,2,4,1,1,6,5
25/04/2017,2,17:16,2,482.2,2,2,3,4,1,1,11,9
26/04/2017,3,15:50,2,467.38,2,3,3,4,1,1,1,
27/04/2017,4,9:45,2,442.72,2,3,3,4,1,1,6,
27/04/2017,4,22:54,2,402.1,2,2,2,4,1,1,11,
28/04/2017,5,16:10,2,430,1,2,3,4,1,1,6,
28/04/2017,5,14:07,2,520.67,2,3,1,4,1,1,1,
28/04/2017,5,23:33,2,481.8,2,1,2,4,1,1,1,5
29/04/2017,6,1:48,2,443.4,1,3,3,4,1,1,3,
29/04/2017,6,9:46,2,441.2,1,3,3,4,1,1,5,1
30/04/2017,7,6:02,1,493.2,1,3,4,4,1,1,5,
30/04/2017,7,3:02,2,476.55,1,2,3,4,1,1,5,
1/5/2017,1,15:25,2,430.18,1,2,3,4,1,1,5,5
1/5/2017,1,20:32,2,431,1,2,3,4,1,1,6,
1/5/2017,1,16:52,2,514.5,2,2,3,4,1,1,11,
2/5/2017,2,15:45,1,496.55,2,4,3,4,1,1,5,1
3/5/2017,3,7:02,2,417.25,2,2,3,4,1,1,1,
3/5/2017,3,7:07,1,491.11,2,4,1,4,1,1,1,5
4/5/2017,4,23:32,2,476.2,1,2,3,4,1,1,5,11
4/5/2017,4,9:29,2,479.8,1,3,3,4,1,1,1,
4/5/2017,4,10:41,1,498.6,1,3,3,4,1,1,5,6
5/5/2017,5,19:15,1,491.8,1,2,3,4,1,1,6,
5/5/2017,5,9:15,2,479.8,1,3,2,4,1,1,5,
5/5/2017,5,10:41,1,498.6,1,3,3,4,1,1,5,
5/5/2017,5,19:40,2,460.84,2,2,2,4,1,1,6,5
6/5/2017,6,7:30,2,433.18,2,3,3,4,1,1,5,
7/5/2017,7,9:00,2,425.06,1,1,2,4,1,1,7,
7/5/2017,7,23:05,1,503.96,2,3,3,4,1,1,5,
7/5/2017,7,17:35,2,439.5,2,3,3,4,1,1,5,6
8/5/2017,1,19:20,2,458.92,2,3,2,4,1,1,5,
9/5/2017,2,1:12,2,428.18,1,2,2,4,1,1,11,9
9/5/2017,2,10:40,2,427.6,1,2,2,4,1,1,6,
9/5/2017,2,8:55,2,449.58,2,3,2,4,1,1,1,5
9/5/2017,2,7:10,2,454.78,1,3,3,4,1,1,1,5
9/5/2017,2,13:13,2,480.6,1,1,3,4,1,1,10,6
10/5/2017,3,7:30,2,471.4,1,1,2,4,1,1,5,6
10/5/2017,3,17:52,2,426.6,1,2,3,4,1,1,6,
11/5/2017,4,0:00,2,427.72,1,2,3,4,1,1,5,
11/5/2017,4,7:10,2,476.8,1,3,2,4,1,1,5,
11/5/2017,4,6:40,2,493.2,2,2,3,4,1,1,6,
11/5/2017,4,17:20,1,498.9,2,3,3,4,1,1,6,
11/5/2017,4,10:07,1,492.2,1,2,2,4,1,10,1,
12/5/2017,5,15:10,2,472.85,1,3,3,4,1,1,5,
12/5/2017,5,5:06,2,411.48,1,4,3,4,1,1,5,
12/5/2017,5,7:13,2,415.2,2,4,2,4,1,1,5,
12/5/2017,5,6:55,1,494.12,2,3,2,4,1,1,1,
12/5/2017,5,6:11,2,488.45,2,1,2,4,1,1,6,
12/5/2017,5,5:04,2,488.9,1,3,3,4,1,1,6,
13/05/2017,6,4:02,2,511.9,2,2,3,4,1,2,5,
14/05/2017,7,9:03,1,496.55,1,3,2,4,1,1,11,
15/05/2017,1,10:05,2,454.8,2,3,2,4,1,1,1,
16/05/2017,2,4:05,2,425.3,1,3,2,4,1,1,5,
17/05/2017,3,1:50,2,433.2,1,2,2,4,1,1,2,
17/05/2017,3,16:20,2,431.34,1,1,2,4,1,1,11,
17/05/2017,3,21:40,2,429.12,1,2,2,4,1,1,6,6
17/05/2017,3,19:15,1,499.25,1,2,2,4,1,1,11,
18/05/2017,4,0:40,2,464.4,1,3,2,4,1,1,5,
18/05/2017,4,12:05,2,492.35,2,2,3,4,1,1,11,
18/05/2017,4,13:45,2,520.67,1,1,2,4,1,1,6,
19/05/2017,5,0:00,2,492.55,2,2,2,4,1,1,6,
19/05/2017,5,12:45,2,501.15,1,3,2,4,1,1,5,
19/05/2017,5,21:12,2,489.7,2,2,2,4,1,1,6,
20/05/2017,6,4:15,2,443.3,1,4,2,4,1,1,5,
20/05/2017,6,9:10,2,504,2,4,3,4,1,1,5,
21/05/2017,7,3:15,2,428.7,1,3,3,4,1,1,5,
21/05/2017,7,23:00,2,438.5,1,3,2,4,1,1,5,
22/05/2017,1,10:39,2,438.52,1,3,3,4,1,1,6,
22/05/2017,1,6:30,2,447.2,2,3,3,4,1,1,11,1
22/05/2017,1,22:12,2,464.3,1,3,1,4,1,1,5,
22/05/2017,1,23:40,2,467.94,1,2,3,4,1,1,5,5
22/05/2017,1,12:34,1,492.25,1,2,2,4,1,1,11,
23/05/2017,2,7:20,2,453.3,1,2,3,4,1,1,5,
23/05/2017,2,5:30,2,504,2,3,3,4,1,1,5,
24/05/2017,3,16:28,2,448.5,1,3,3,4,1,1,1,
24/05/2017,3,3:12,1,493.8,1,2,3,4,1,1,6,
25/05/2017,4,1:54,2,433.1,2,2,2,4,1,1,1,
25/05/2017,4,3:12,1,493.8,1,2,2,4,1,1,6,
26/05/2017,5,1:35,2,453.1,1,3,2,4,1,1,5,
26/05/2017,5,20:08,2,430.4,2,2,2,4,1,1,6,
26/05/2017,5,22:00,2,411,2,2,2,4,1,1,5,
27/05/2017,6,6:45,2,405.9,1,3,3,4,1,1,1,
27/05/2017,6,11:30,2,400.4,1,3,5,4,1,1,5,
27/05/2017,6,0:37,2,506.85,2,1,2,4,1,1,1,5
28/05/2017,7,15:40,2,520.7,1,3,3,4,1,1,6,
29/05/2017,1,19:10,2,473.75,2,1,2,4,1,1,6,11
29/05/2017,1,0:50,1,504.25,2,4,3,4,1,1,5,5
30/05/2017,2,11:33,2,422.32,1,3,3,4,1,1,5,
30/05/2017,2,15:15,2,450.17,1,2,3,4,1,5,7,
31/05/2017,3,9:18,1,494.94,2,2,2,4,1,1,11,
1/6/2017,4,2:20,2,479.8,1,2,2,4,1,1,3,
1/6/2017,4,13:44,1,485,1,2,1,4,1,1,6,
1/6/2017,4,10:53,2,518.3,2,2,2,4,1,1,1,1
1/6/2017,4,22:37,2,504.45,1,2,3,4,1,1,6,
3/6/2017,6,23:10,2,468.35,2,2,2,4,1,1,5,
3/6/2017,6,2:30,2,468.4,2,1,2,4,1,1,5,
3/6/2017,6,20:02,2,434.24,1,2,2,4,1,1,5,
4/6/2017,7,9:00,2,422.24,2,3,3,4,1,1,6,
4/6/2017,7,4:28,2,510,1,2,2,4,1,1,5,
6/6/2017,2,22:33,2,434.2,1,2,3,4,1,1,6,
6/6/2017,2,0:10,2,443.2,1,3,2,4,1,1,5,
7/6/2017,3,5:05,2,458.77,2,4,3,4,1,1,5,
7/6/2017,3,21:37,2,507.1,2,2,2,4,1,5,5,6
7/6/2017,3,16:33,1,490.35,2,3,3,4,1,1,5,
8/6/2017,4,23:04,2,446.88,1,2,2,4,1,1,5,1
8/6/2017,4,20:53,1,489.6,2,2,2,4,1,1,6,
10/6/2017,6,11:43,2,422.38,1,2,2,4,1,1,5,1
10/6/2017,6,6:45,2,500.1,1,4,4,4,1,1,5,
10/6/2017,6,23:30,2,510.1,1,4,3,4,1,1,1,
10/6/2017,6,23:45,2,508.2,1,2,3,4,1,1,1,1
11/6/2017,7,21:37,2,504.95,1,2,2,4,1,1,1,
11/6/2017,7,16:02,2,501.15,1,2,1,4,1,1,6,
12/6/2017,1,19:45,2,521.125,1,1,2,4,1,1,3,5
12/6/2017,1,17:35,2,512.1,2,4,2,4,1,4,1,
14/06/2017,3,0:05,2,403.1,2,3,3,4,1,3,1,
14/06/2017,3,10:10,2,519.1,2,4,3,4,1,5,10,
14/06/2017,3,19:35,2,510.85,1,3,2,4,1,4,5,11
15/06/2017,4,3:45,2,417.8,2,3,2,4,1,1,1,
15/06/2017,4,10:19,2,423.04,1,4,3,4,1,1,5,
15/06/2017,4,2:40,2,468.3,2,3,2,4,1,1,1,
16/06/2017,5,20:32,1,499.9,1,4,2,4,1,1,1,
16/06/2017,5,1:28,1,504.3,2,3,2,4,1,1,5,
17/06/2017,6,4:58,2,500.12,1,4,3,4,1,1,1,
18/06/2017,7,16:56,2,436.84,1,3,3,4,1,1,6,
18/06/2017,7,20:55,2,500.12,1,2,2,4,1,1,6,
19/06/2017,1,19:40,2,471.7,2,2,2,4,1,1,11,
19/06/2017,1,20:00,1,499.95,1,2,8,4,1,1,11,
20/06/2017,2,6:14,2,402.92,1,2,2,4,1,3,1,
20/06/2017,2,18:56,2,435.5,1,2,3,4,1,3,11,9
20/06/2017,2,5:10,2,459.84,2,4,2,4,1,3,1,
20/06/2017,2,4:00,2,461.7,1,3,2,4,1,3,6,
20/06/2017,2,19:40,2,464.3,1,2,2,4,1,2,6,9
21/06/2017,3,21:00,2,408.8,1,2,2,4,1,1,1,11
22/06/2017,4,7:47,2,417.1,2,3,2,4,1,1,6,
22/06/2017,4,6:25,2,497.9,1,3,2,4,1,2,6,
23/06/2017,5,0:25,2,423,1,3,2,4,1,3,6,
23/06/2017,5,9:22,1,487.9,1,2,2,4,1,3,3,5
24/06/2017,6,15:00,2,455.58,1,1,2,4,1,1,1,
24/06/2017,6,10:52,1,488.3,1,2,2,4,1,1,6,1
24/06/2017,6,22:08,1,492.25,1,2,2,4,1,1,6,11
25/06/2017,7,15:35,2,467.05,1,2,2,4,1,1,11,
25/06/2017,7,1:21,1,500.11,1,3,2,4,1,1,5,1
26/06/2017,1,5:05,2,418.25,1,3,1,4,1,1,5,
26/06/2017,1,12:15,1,495.7,1,2,3,4,1,1,6,
26/06/2017,1,2:30,2,464.6,1,3,3,4,1,3,6,11
26/06/2017,1,15:35,2,469.05,1,2,3,4,1,3,1,
27/06/2017,2,0:03,2,433.3,2,3,4,4,1,3,5,
27/06/2017,2,5:30,2,469.9,2,3,3,4,1,3,1,
28/06/2017,3,11:08,2,500.82,1,2,2,4,1,1,1,
28/06/2017,3,4:30,2,506.8,2,4,3,4,1,1,5,
28/06/2017,3,7:50,2,506.15,2,4,2,4,1,2,5,
29/06/2017,4,6:55,2,431.5,1,1,2,4,1,2,11,
29/06/2017,4,14:59,2,518.6,2,2,2,4,1,1,5,
30/06/2017,5,21:40,1,491.15,2,2,3,4,1,4,6,8
30/06/2017,5,22:45,2,422.06,2,1,2,4,1,1,6,6
1/7/2017,6,0:11,1,491.15,1,3,3,4,1,3,9,
3/7/2017,1,3:50,2,418.82,2,2,3,4,1,4,5,5
3/7/2017,1,10:21,2,431.92,2,2,2,4,1,4,7,
3/7/2017,1,22:40,2,457.96,1,3,2,4,1,3,5,
4/7/2017,2,0:09,1,493.55,2,2,2,4,1,5,8,
4/7/2017,2,3:50,2,512.6,1,3,3,4,1,3,5,5
4/7/2017,2,16:57,1,494.8,2,2,2,4,1,4,6,
6/7/2017,4,4:45,2,477.3,1,2,2,4,1,3,11,1
6/7/2017,4,17:40,2,483.85,2,3,3,4,1,3,1,
6/7/2017,4,16:20,2,500.1,2,2,3,4,1,3,3,6
7/7/2017,5,23:30,1,497.8,1,2,1,4,1,2,6,
8/7/2017,6,19:30,1,498.3,1,2,1,4,1,1,6,
8/7/2017,6,19:52,2,481.6,1,2,3,4,1,1,1,
8/7/2017,6,15:15,2,518.6,1,2,2,4,1,1,9,
9/7/2017,7,19:05,1,491.3,1,3,3,4,1,3,6,
11/7/2017,2,5:15,2,428,1,2,3,4,1,1,11,
12/7/2017,3,21:57,2,507.05,1,2,2,4,1,1,1,
13/07/2017,4,23:40,2,478.25,2,3,2,4,1,1,1,
14/07/2017,5,3:43,2,508.1,2,2,3,4,1,4,1,5
15/07/2017,6,6:56,2,426.72,2,2,3,4,1,1,1,11
15/07/2017,6,23:03,2,429.8,1,3,2,4,1,1,6,
15/07/2017,6,6:00,2,456.55,1,3,3,4,1,1,6,5
16/07/2017,7,19:30,2,440.46,1,1,2,4,1,1,11,
16/07/2017,7,13:58,1,496.05,2,2,3,4,1,1,6,
16/07/2017,7,5:10,2,479.66,1,3,3,4,1,1,5,
18/07/2017,2,1:15,2,504.35,2,3,3,4,1,3,5,
19/07/2017,3,3:11,2,461.8,1,1,2,4,1,1,5,
20/07/2017,4,7:10,2,450.16,1,3,2,4,1,1,5,
20/07/2017,4,11:26,2,508.5,2,4,4,4,1,1,1,
21/07/2017,5,9:45,2,425.5,1,4,3,4,1,1,1,
21/07/2017,5,16:02,2,488.7,1,2,3,4,1,1,6,
22/07/2017,6,20:25,2,411.7,1,3,4,4,1,2,6,
22/07/2017,6,16:04,2,487.3,1,2,3,4,1,2,1,6
22/07/2017,6,10:12,2,445.02,1,3,3,4,1,2,5,
23/07/2017,7,6:15,2,447.12,1,3,3,4,1,2,5,
24/07/2017,1,4:05,2,450.14,1,2,3,4,1,1,5,
26/07/2017,3,22:12,2,504.85,2,2,2,4,1,1,11,8
26/07/2017,3,22:45,2,506.75,2,2,2,4,1,1,11,8
26/07/2017,3,19:05,1,499,2,2,2,4,1,1,11,9
27/07/2017,4,19:02,2,450.02,1,3,3,4,1,1,5,
27/07/2017,4,5:27,2,473.9,1,1,2,4,1,5,11,1
27/07/2017,4,4:52,2,495.8,1,2,2,4,1,4,11,1
28/07/2017,5,6:00,2,464.58,1,3,2,4,1,3,3,5
29/07/2017,6,19:10,2,502.85,1,3,2,4,1,1,1,1
30/07/2017,7,10:50,2,515.95,1,1,2,4,1,1,6,5
30/07/2017,7,21:18,2,455.62,1,2,3,4,1,1,3,5
30/07/2017,7,8:08,2,488.65,2,3,2,4,1,1,5,6
31/07/2017,1,19:03,2,479.6,1,3,3,4,1,1,5,
31/07/2017,1,13:53,2,514.8,2,2,2,4,1,1,5,5
31/07/2017,1,15:30,1,500.1,1,1,2,4,1,1,6,
31/07/2017,1,13:15,1,499.1,1,2,2,4,1,1,1,
31/07/2017,1,22:45,2,496.25,2,3,2,4,1,1,5,1
1/8/2017,2,21:03,1,492.65,1,2,2,4,1,1,9,
2/8/2017,3,18:30,2,465.3,1,3,2,4,1,1,1,
2/8/2017,3,16:53,2,484.05,2,3,2,4,1,1,6,
3/8/2017,4,7:56,2,448.28,2,3,4,4,1,3,5,
3/8/2017,4,22:12,2,406.5,1,2,2,4,1,3,5,5
3/8/2017,4,16:35,1,491.8,1,3,3,4,1,4,6,
3/8/2017,4,5:43,2,512.96,2,2,2,4,1,4,5,
4/8/2017,5,11:25,2,485.6,2,2,2,4,1,1,6,
5/8/2017,6,9:32,2,447.62,1,2,2,4,1,1,6,1
5/8/2017,6,22:40,2,452.9,2,2,2,4,1,4,8,
5/8/2017,6,9:40,2,520.7,1,2,3,4,1,1,1,4
6/8/2017,7,0:00,2,438.4,1,3,3,4,1,1,1,5
6/8/2017,7,17:15,2,501.49,1,2,3,4,1,1,5,
7/8/2017,1,0:45,2,457.96,1,2,3,4,1,1,6,
7/8/2017,1,2:35,2,512.9,2,2,3,4,1,1,5,5
8/8/2017,2,6:55,2,412.1,1,1,2,4,1,1,5,5
8/8/2017,2,2:29,2,476.6,2,4,2,4,1,1,11,1
8/8/2017,2,21:13,1,496.35,2,3,1,4,1,3,6,
8/8/2017,2,17:05,2,509.2,2,4,2,4,1,3,5,
9/8/2017,3,1:51,2,464.32,1,3,2,4,1,3,3,
10/8/2017,4,8:23,2,466.42,1,2,2,4,1,1,1,3
10/8/2017,4,5:20,2,415.7,1,2,3,4,1,3,11,9
10/8/2017,4,21:03,2,500.95,1,2,2,4,1,3,6,
10/8/2017,4,22:00,2,489.75,1,3,3,4,1,4,11,9
11/8/2017,5,19:00,2,407.9,2,1,2,4,1,4,5,6
11/8/2017,5,5:26,2,457.94,1,2,2,4,1,1,5,5
11/8/2017,5,22:14,1,496.3,1,1,2,4,1,4,11,6
12/8/2017,6,11:15,2,458.86,2,2,2,4,1,4,5,6
12/8/2017,6,17:00,2,520,1,2,2,4,1,1,5,
13/08/2017,7,11:25,2,515.95,2,2,3,4,1,3,3,6
13/08/2017,7,3:32,2,511.9,1,2,2,4,1,4,5,5
13/08/2017,7,19:39,2,487.5,2,2,1,4,1,4,6,
16/08/2017,3,2:10,2,478.5,2,3,2,4,1,4,5,11
16/08/2017,3,11:43,1,492.75,1,2,3,4,1,3,7,6
16/08/2017,3,18:14,1,492.3,1,2,2,4,1,3,11,9
16/08/2017,3,15:07,2,501.6,2,3,2,4,1,3,1,
17/08/2017,4,5:05,2,472.3,2,3,2,4,1,4,5,
18/08/2017,5,19:31,2,423.04,1,1,2,4,1,3,11,6
18/08/2017,5,11:35,2,481.2,2,2,2,4,1,1,11,6
18/08/2017,5,6:29,2,476.8,1,2,3,4,1,1,1,11
18/08/2017,5,22:35,2,485.9,1,2,2,4,1,3,11,1
19/08/2017,6,12:06,2,427.96,1,2,3,4,1,3,5,
20/08/2017,7,13:53,2,487.1,1,2,3,4,1,4,6,6
20/08/2017,7,19:20,2,438.4,2,3,3,4,1,4,6,
20/08/2017,7,21:15,2,470.32,1,3,3,4,1,1,6,
21/08/2017,1,4:20,2,450.25,1,3,3,4,1,3,5,
21/08/2017,1,3:52,2,446.3,1,2,2,4,1,3,11,1
21/08/2017,1,18:30,1,494.5,2,2,3,4,1,3,6,
21/08/2017,1,18:30,1,491.3,2,2,2,4,1,3,11,
21/08/2017,1,0:32,1,497.7,2,2,1,4,1,2,6,
22/08/2017,2,5:32,2,477.82,1,2,3,4,1,1,5,11
22/08/2017,2,12:13,1,499.25,1,3,2,4,1,1,6,
22/08/2017,2,23:31,1,497.85,2,3,2,4,1,1,5,
23/08/2017,3,7:21,2,408.3,2,3,2,4,1,1,5,5
23/08/2017,3,5:20,2,508.3,1,3,2,4,1,1,5,
25/08/2017,5,4:15,2,410.6,1,2,3,4,1,1,3,5
25/08/2017,5,15:48,1,499.1,1,3,3,4,1,1,4,6
25/08/2017,5,18:52,2,504.1,1,3,3,4,1,1,6,
26/08/2017,6,11:20,1,491.7,2,2,3,4,1,1,5,
26/08/2017,6,17:04,2,489.35,2,2,3,4,1,1,5,1
26/08/2017,6,19:09,2,481.95,1,2,2,4,1,1,6,
26/08/2017,6,1:48,2,481.8,1,2,4,4,1,1,1,
27/08/2017,7,16:13,2,481.1,2,2,3,4,1,4,11,
28/08/2017,1,14:35,1,499.1,2,3,5,4,1,1,4,4
28/08/2017,1,13:20,1,489.35,1,3,3,4,1,1,11,9
29/08/2017,2,8:40,2,470.26,2,2,3,4,1,1,1,8
29/08/2017,2,9:36,2,511,1,2,3,4,1,1,3,5
29/08/2017,2,5:50,2,415.2,2,2,3,4,1,1,5,3
30/08/2017,3,19:53,2,429,1,2,2,4,1,1,6,6
30/08/2017,3,0:20,2,474.55,2,2,3,4,1,1,5,
31/08/2017,4,14:54,2,481.95,2,2,3,4,1,1,10,6
31/08/2017,4,22:05,1,495.1,2,2,3,4,1,1,11,
1/9/2017,5,16:10,2,431.26,2,2,3,4,1,1,6,
1/9/2017,5,9:35,2,456.7,1,3,3,4,1,1,5,
1/9/2017,5,20:50,2,504.15,2,4,3,4,1,1,5,
3/9/2017,7,3:42,1,497.75,1,4,3,4,1,1,3,
4/9/2017,1,23:27,1,492.15,1,2,1,4,1,1,6,
4/9/2017,1,23:00,2,408.7,1,2,1,4,1,1,7,
4/9/2017,1,23:55,2,469.8,1,2,3,4,1,1,5,
5/9/2017,2,23:45,2,468.2,1,3,3,4,1,1,1,
6/9/2017,3,11:45,2,430.34,2,4,2,4,1,1,5,11
6/9/2017,3,22:05,1,491.9,1,2,5,4,1,1,6,
7/9/2017,4,13:55,2,471.34,2,2,5,4,1,1,5,
7/9/2017,4,6:45,2,450.24,1,4,3,4,1,1,5,
7/9/2017,4,10:19,1,497.5,2,3,2,4,1,1,5,1
8/9/2017,5,23:18,2,435.28,2,2,2,4,1,1,6,
8/9/2017,5,19:03,2,454.15,1,3,3,4,1,1,5,1
8/9/2017,5,6:08,1,499.95,2,2,1,4,1,1,9,
8/9/2017,5,14:57,2,485.1,2,2,2,4,1,1,5,5
9/9/2017,6,22:08,2,468.72,1,2,4,4,1,1,5,
10/9/2017,7,5:15,2,418.86,2,2,2,4,1,1,5,5
10/9/2017,7,10:20,1,499.25,1,3,2,4,1,1,9,
10/9/2017,7,0:01,2,465.88,2,2,3,4,1,1,5,5
11/9/2017,1,12:30,2,454.85,1,3,2,4,1,1,5,7
11/9/2017,1,18:02,2,473.3,2,3,1,4,1,1,5,
11/9/2017,1,22:50,2,454.1,2,2,1,4,1,1,6,11
11/9/2017,1,0:55,2,513.5,1,2,2,4,1,1,3,
12/9/2017,2,20:02,2,435.32,1,2,3,4,1,1,11,
12/9/2017,2,12:00,1,502.2,1,2,2,4,1,1,6,
13/09/2017,3,1:32,2,427.18,2,3,2,4,1,1,6,
13/09/2017,3,4:55,2,500.1,1,4,2,4,1,1,5,
13/09/2017,3,18:25,2,491.85,1,1,2,4,1,1,6,
13/09/2017,3,4:59,2,493.25,2,2,2,4,1,1,11,1
14/09/2017,4,4:20,2,472.62,1,3,2,4,1,1,5,
14/09/2017,4,2:02,1,436.38,1,4,2,4,1,1,1,
15/09/2017,5,10:55,2,438.55,1,3,1,4,1,1,6,6
15/09/2017,5,3:20,2,476.88,1,2,2,4,1,1,5,5
15/09/2017,5,10:05,1,497.5,1,3,2,4,1,1,6,11
17/09/2017,7,18:12,2,487.8,2,2,3,4,1,1,1,
17/09/2017,7,20:45,2,476.32,1,4,2,4,1,1,5,
17/09/2017,7,15:10,1,496.7,2,3,3,4,1,1,10,
18/09/2017,1,12:20,2,464.89,2,3,3,4,1,1,5,
19/09/2017,2,0:30,2,467.9,1,4,2,4,1,1,5,
19/09/2017,2,18:28,2,509.8,1,2,3,4,1,1,11,
19/09/2017,2,12:14,1,495.1,1,3,2,4,1,1,6,4
20/09/2017,3,9:29,2,473.3,1,2,2,4,1,1,1,5
20/09/2017,3,22:10,2,486.35,2,2,2,4,1,1,6,
22/09/2017,5,19:40,1,498.3,2,3,2,4,1,1,6,
22/09/2017,5,5:50,2,504.5,2,2,2,4,1,1,11,
22/09/2017,5,7:10,2,471.99,1,2,3,4,1,1,1,
23/09/2017,6,3:10,2,427.64,2,3,2,4,1,1,5,5
23/09/2017,6,4:30,2,512.8,1,1,2,4,1,1,1,5
23/09/2017,6,16:05,2,505,2,2,3,4,1,1,5,6
24/09/2017,7,13:37,2,450.24,2,3,2,4,1,1,1,
24/09/2017,7,22:20,2,438.1,1,2,2,4,1,1,6,
24/09/2017,7,0:33,2,481.85,2,2,3,4,1,1,5,
24/09/2017,7,21:20,2,493.8,2,2,3,4,1,1,6,
25/09/2017,1,5:42,2,412.32,2,3,3,4,1,1,5,
25/09/2017,1,21:30,2,433.5,1,3,2,4,1,1,5,
25/09/2017,1,5:50,2,448.81,2,3,2,4,1,1,5,
25/09/2017,1,15:45,2,454.85,1,3,2,4,1,1,6,
25/09/2017,1,10:36,2,500.4,2,1,2,4,1,1,11,
26/09/2017,2,19:28,2,414.94,2,2,3,4,1,1,6,
26/09/2017,2,22:31,2,453.2,1,2,2,4,1,1,11,8
26/09/2017,2,10:00,2,511.8,2,1,2,4,1,1,11,
26/09/2017,2,10:41,2,483.5,1,2,2,4,1,1,5,6
27/09/2017,3,13:12,1,492.4,2,3,1,4,1,1,6,
27/09/2017,3,23:09,2,518.2,2,2,3,4,1,1,6,
28/09/2017,4,16:20,2,468.24,1,3,2,4,1,2,6,
28/09/2017,4,5:45,1,493.1,1,1,2,4,1,1,11,
28/09/2017,4,6:20,2,501.85,2,2,3,4,1,4,5,
29/09/2017,5,17:37,2,465.7,1,3,3,4,1,4,5,
29/09/2017,5,22:40,1,491.1,2,1,1,4,1,1,11,
30/09/2017,6,18:35,2,428.64,2,2,1,4,1,1,6,
30/09/2017,6,8:14,2,469.2,2,2,3,4,1,1,6,
30/09/2017,6,14:54,2,509.75,2,2,2,4,1,1,6,
30/09/2017,6,21:09,1,494.7,2,3,3,4,1,1,3,
2/10/2017,1,17:35,2,444.98,1,2,2,4,1,1,1,
3/10/2017,2,21:30,2,436.7,2,3,3,4,1,1,5,5
4/10/2017,3,21:55,2,433,2,3,2,4,1,1,5,
5/10/2017,4,23:24,2,440.6,2,2,3,4,1,1,6,
5/10/2017,4,0:05,2,430.9,2,2,2,4,1,1,1,11
5/10/2017,4,20:27,2,502.05,1,2,2,4,1,1,6,
7/10/2017,6,8:20,2,428.2,2,2,2,4,1,1,11,
7/10/2017,6,19:38,1,495.8,2,2,2,4,1,1,6,
7/10/2017,6,1:30,2,448.78,1,2,3,4,1,1,3,
8/10/2017,7,15:42,2,506.15,2,2,2,4,1,1,6,
8/10/2017,7,18:22,2,512.5,1,1,2,4,1,1,9,
9/10/2017,1,20:16,2,437.24,1,3,1,4,1,1,11,
9/10/2017,1,16:20,2,471.1,2,2,2,4,1,1,6,8
9/10/2017,1,18:50,2,495.3,2,2,2,4,1,1,11,9
9/10/2017,1,20:14,2,493.1,2,2,2,4,1,1,11,9
10/10/2017,2,20:17,1,499.1,2,2,2,4,1,2,11,6
11/10/2017,3,11:05,2,420.6,2,2,3,4,1,2,11,9
11/10/2017,3,20:35,2,463.7,2,2,2,4,1,2,1,
11/10/2017,3,17:40,2,496.1,1,2,1,4,1,2,9,
12/10/2017,4,22:45,2,484,1,2,2,4,1,1,11,6
12/10/2017,4,3:50,2,486.25,1,3,2,4,1,1,11,3
13/10/2017,5,18:20,1,501.1,2,3,2,4,1,1,6,
14/10/2017,6,5:22,1,500.1,1,2,2,4,1,1,1,
14/10/2017,6,10:35,2,507.4,1,3,3,4,1,1,11,
14/10/2017,6,23:24,2,512.4,2,3,2,4,1,1,6,
16/10/2017,1,16:30,2,405.1,2,3,2,4,1,1,5,
16/10/2017,1,4:30,1,499.25,1,3,2,4,1,1,6,
17/10/2017,2,23:35,2,411.04,1,3,2,4,1,1,5,11
17/10/2017,2,12:20,2,457.1,1,2,2,4,1,1,6,5
17/10/2017,2,18:10,2,469.25,2,2,2,4,1,2,11,6
18/10/2017,3,15:38,2,452,1,3,3,4,1,3,1,
18/10/2017,3,2:17,2,451.84,1,2,2,4,1,3,1,5
18/10/2017,3,21:51,1,493.9,2,2,2,4,1,3,1,
19/10/2017,4,1:10,2,437.4,1,2,2,4,1,4,6,
19/10/2017,4,7:20,2,444.54,1,4,2,4,1,4,5,
20/10/2017,5,18:12,2,508.05,1,2,2,4,1,4,6,
20/10/2017,5,1:25,2,466.92,1,2,2,4,1,4,6,
21/10/2017,6,8:40,2,454.4,1,3,3,4,1,2,1,
21/10/2017,6,7:45,2,425.4,2,2,2,4,1,1,6,
22/10/2017,7,0:02,2,434.2,1,2,1,4,1,1,6,
22/10/2017,7,4:30,2,488,1,1,1,4,1,1,1,
23/10/2017,1,22:35,1,470.1,2,2,1,4,1,1,6,
23/10/2017,1,12:12,1,495.7,1,1,2,4,1,1,5,6
24/10/2017,2,17:36,1,434.12,1,2,3,4,1,1,6,
25/10/2017,3,1:28,1,432.72,1,3,3,4,1,1,11,1
25/10/2017,3,19:08,1,423.06,1,3,2,4,1,1,6,
25/10/2017,3,14:32,1,507.1,2,3,3,4,1,1,6,
26/10/2017,4,13:15,1,440.6,1,3,2,4,1,1,11,6
27/10/2017,5,16:17,1,483.3,1,2,3,4,1,1,11,9
28/10/2017,6,4:35,1,476.99,2,3,3,4,1,1,5,
28/10/2017,6,15:35,1,490.9,1,2,3,4,1,1,6,
28/10/2017,6,14:10,1,402.3,1,3,3,4,1,1,6,
31/10/2017,2,5:56,1,492.25,1,3,3,4,1,1,11,9
1/11/2017,3,0:30,1,501.4,2,2,3,4,1,2,5,5
1/11/2017,3,12:03,1,496.6,2,3,3,4,1,1,6,
3/11/2017,5,14:05,2,480.7,2,3,2,4,1,1,5,
4/11/2017,6,17:25,2,481.6,2,3,1,4,1,1,6,
4/11/2017,6,18:04,2,431.1,2,3,3,4,1,1,6,7
6/11/2017,1,6:00,2,415.5,1,1,2,4,1,1,5,
6/11/2017,1,1:34,2,454.8,1,3,2,4,1,1,5,
6/11/2017,1,17:25,1,497.7,1,2,2,4,1,1,11,6
6/11/2017,1,19:35,2,487.05,2,2,2,4,1,1,11,9
7/11/2017,2,15:24,1,494.4,2,2,2,4,1,1,11,6
8/11/2017,3,18:25,2,426.6,2,2,2,4,1,1,6,
10/11/2017,5,14:45,2,412.5,2,3,3,4,1,1,5,1
10/11/2017,5,20:55,2,487.85,1,2,1,4,1,1,6,
11/11/2017,6,3:41,2,466.74,2,3,2,4,1,1,1,
11/11/2017,6,5:35,2,452.2,2,4,2,4,1,1,5,
12/11/2017,7,13:35,2,439.4,1,2,2,4,1,1,6,
12/11/2017,7,19:24,2,438.32,2,3,3,4,1,1,5,5
12/11/2017,7,16:35,2,450.01,1,3,2,4,1,1,5,
13/11/2017,1,19:05,1,499.1,2,2,1,4,1,1,6,
14/11/2017,2,20:11,2,432.6,2,3,3,4,1,1,11,6
14/11/2017,2,8:59,2,488.6,1,3,2,4,1,1,11,9
15/11/2017,3,8:00,1,501.25,2,4,2,4,1,1,5,
15/11/2017,3,17:10,1,495.05,2,1,2,4,1,1,11,
15/11/2017,3,18:10,2,491.9,1,2,2,4,1,1,11,
15/11/2017,3,18:30,2,430,1,3,2,4,1,1,6,
16/11/2017,4,7:45,1,497.75,1,4,2,4,1,1,5,
16/11/2017,4,3:45,1,460.98,1,1,4,4,1,4,11,
17/11/2017,5,0:30,2,508.4,2,3,2,4,1,1,1,
18/11/2017,6,17:28,2,502.1,2,1,2,4,1,1,5,9
19/11/2017,7,19:12,2,463.9,2,2,2,4,1,1,6,
19/11/2017,7,20:17,2,508.35,1,2,2,4,1,1,1,
20/11/2017,1,17:35,2,468.86,2,3,3,4,1,1,1,5
20/11/2017,1,7:04,1,497.9,1,1,2,4,1,1,5,6
21/11/2017,2,1:52,2,447.64,1,3,3,4,1,1,5,
22/11/2017,3,18:45,2,463.95,2,1,2,4,2,1,5,
23/11/2017,4,6:10,2,461.8,2,4,2,4,1,1,5,
23/11/2017,4,10:59,1,497.35,2,2,2,4,1,1,11,9
24/11/2017,5,5:51,1,496.7,1,3,2,4,1,1,3,
25/11/2017,6,22:26,2,476.08,1,3,3,4,1,1,5,
25/11/2017,6,2:33,2,464.44,2,3,2,4,1,4,5,11
25/11/2017,6,17:15,2,487.5,1,3,3,4,1,1,6,
25/11/2017,6,19:26,1,495.2,1,2,2,4,1,1,6,
26/11/2017,7,20:25,2,410.22,1,3,3,4,1,1,7,
26/11/2017,7,21:43,2,421.5,2,3,1,4,1,1,6,
26/11/2017,7,4:55,2,470.25,2,3,5,4,1,1,5,
26/11/2017,7,22:46,2,443.15,1,2,3,4,1,1,5,
26/11/2017,7,4:37,2,462.38,1,2,2,4,1,1,1,
28/11/2017,2,15:05,2,504.4,1,1,2,4,2,1,6,
29/11/2017,3,10:40,2,436.4,2,3,2,4,1,1,11,6
29/11/2017,3,0:07,2,512.7,2,2,2,4,1,1,5,
30/11/2017,4,21:30,2,491.2,1,2,2,4,1,1,6,9
30/11/2017,4,23:43,2,488.4,1,2,2,4,1,1,5,11
2/12/2017,6,7:30,1,492.2,2,3,2,4,1,1,11,9
2/12/2017,6,23:43,2,488.4,1,4,2,4,1,1,5,
3/12/2017,7,19:10,2,459.32,1,3,2,4,1,1,5,
3/12/2017,7,23:45,2,467.02,2,3,2,4,1,1,5,
4/12/2017,1,18:30,2,478.9,2,3,2,4,1,1,5,5
4/12/2017,1,12:15,1,501.1,1,3,2,4,1,1,6,
4/12/2017,1,17:50,1,496.2,2,2,2,4,1,1,6,
5/12/2017,2,5:45,1,497.9,2,4,2,4,1,1,5,
6/12/2017,3,21:15,2,514.8,2,1,2,4,1,1,11,6
7/12/2017,4,21:00,2,405.85,2,3,2,4,1,1,1,
8/12/2017,5,17:03,2,465.8,2,3,5,4,1,1,1,
8/12/2017,5,11:56,1,497.7,2,2,2,4,1,1,1,
9/12/2017,6,19:37,2,476.78,1,2,2,4,1,3,1,
10/12/2017,7,1:54,2,449.4,2,3,2,4,1,3,5,
10/12/2017,7,19:50,2,507.085,2,2,2,4,1,3,5,8
11/12/2017,1,3:45,2,477.92,1,4,2,4,1,1,5,5
12/12/2017,2,21:12,2,483.9,1,2,2,4,1,1,6,
13/12/2017,3,20:20,2,415.34,2,3,2,4,1,1,11,
13/12/2017,3,23:43,2,470.3,1,3,2,4,1,1,11,1
13/12/2017,3,2:50,2,506.1,2,4,2,4,1,1,5,
13/12/2017,3,19:11,2,506.95,2,2,2,4,1,1,8,9
14/12/2017,4,3:30,2,516.65,1,2,2,4,1,1,5,5
16/12/2017,6,11:40,2,493.55,2,3,2,4,1,1,1,5
16/12/2017,6,17:55,2,492.5,2,3,2,4,1,1,11,
16/12/2017,6,20:48,2,508.1,2,1,2,4,1,1,6,5
16/12/2017,6,3:05,2,490.2,1,1,2,4,1,1,5,5
16/12/2017,6,17:00,2,431.7,1,1,2,4,1,1,1,
16/12/2017,6,0:00,2,448.24,1,3,2,4,1,1,5,
17/12/2017,7,16:45,2,486.15,2,3,4,4,1,11,11,
17/12/2017,7,20:05,2,493.8,1,2,2,4,1,11,5,6
18/12/2017,1,4:45,2,413.4,1,4,3,4,1,1,5,5
18/12/2017,1,4:41,2,480.5,2,3,2,4,1,1,5,5
18/12/2017,1,20:00,2,493.75,1,2,2,4,1,1,6,5
20/12/2017,3,9:05,2,453.6,1,3,2,4,1,1,5,
20/12/2017,3,14:55,2,468.8,2,3,2,4,1,1,6,
21/12/2017,4,19:57,2,485.45,1,2,2,4,1,1,6,
24/12/2017,7,18:00,2,427.9,1,2,2,4,1,1,1,
24/12/2017,7,19:55,2,474.9,2,2,2,4,1,1,11,
25/12/2017,1,10:45,2,460.62,2,4,3,4,1,1,11,
25/12/2017,1,21:02,2,489.6,2,3,3,4,1,1,6,
26/12/2017,2,10:52,2,512.95,2,2,3,4,1,1,5,
27/12/2017,3,12:31,2,521.12,2,2,2,4,1,1,6,11
27/12/2017,3,17:50,1,493.75,1,2,2,4,1,1,3,9
27/12/2017,3,8:57,2,507.085,2,2,2,4,1,1,9,11
29/12/2017,5,18:00,2,469.38,2,3,5,4,1,1,1,
29/12/2017,5,21:05,2,463.72,2,3,5,4,1,1,1,
29/12/2017,5,8:40,2,521.12,2,3,4,4,1,1,6,
30/12/2017,6,19:03,1,497.75,1,1,2,4,1,1,11,9
30/12/2017,6,22:48,2,505.15,2,2,2,4,1,1,6,
31/12/2017,7,3:02,1,493.3,2,2,2,4,1,1,11,5
31/12/2017,7,5:30,2,456.92,1,3,3,4,1,1,5,
31/12/2017,7,11:35,1,493.5,1,2,1,4,1,1,6,
31/12/2017,7,18:25,1,499,2,3,2,4,1,1,6,
1/1/2023,1,18:14,2,38.6,2,3,2,4,1,1,6,
7/1/2023,7,21:20,2,25.3,2,3,2,4,1,1,6,
10/1/2023,3,0:45,2,37.4,1,3,2,4,1,1,3,
12/1/2023,5,21:20,2,44.88,1,3,2,4,1,1,1,5
15/01/2023,1,3:35,2,35.75,2,3,2,4,1,2,1,
15/01/2023,1,23:52,2,24.75,1,2,2,4,1,1,1,
17/01/2023,3,19:33,2,26.11,2,2,2,4,1,1,6,
18/01/2023,4,21:02,2,35.76,2,3,1,4,1,1,6,
21/01/2023,7,16:55,2,27.9,1,3,3,4,1,1,7,
22/01/2023,1,15:50,2,44.26,2,1,3,4,1,1,6,5
24/01/2023,3,0:45,2,13.03,1,3,4,4,1,1,1,5
25/01/2023,4,12:35,2,42.04,1,1,3,4,1,1,1,
27/01/2023,6,12:50,2,38.997,1,3,2,4,1,1,3,
30/01/2023,2,16:00,2,41,1,3,3,4,1,1,6,
30/01/2023,2,20:45,2,41.1,2,3,1,4,1,1,10,
31/01/2023,3,9:20,2,25.5,1,3,2,4,1,1,1,1
3/2/2023,6,5:30,2,28.9,2,2,2,4,1,1,1,
4/2/2023,7,14:00,2,22.538,1,3,4,4,1,1,1,
11/2/2023,7,9:03,2,36.19,1,3,3,4,1,1,1,
11/2/2023,7,12:35,2,52.15,2,3,2,4,1,1,6,10
12/2/2023,1,5:44,2,46.375,1,3,2,4,1,1,1,
12/2/2023,1,13:42,2,25.75,1,2,3,4,1,1,7,
16/02/2023,5,15:40,2,49.64,2,3,1,4,1,1,6,
16/02/2023,5,18:40,2,12,1,3,3,4,1,1,1,5
17/02/2023,6,15:12,2,36.54,2,2,3,4,1,1,6,
17/02/2023,6,20:20,2,19.75,1,3,4,4,1,1,6,11
18/02/2023,7,4:40,2,39.4,2,1,2,4,1,1,1,3
21/02/2023,3,10:12,2,35.69,1,2,3,4,1,1,6,
21/02/2023,3,18:40,2,41.61,2,3,4,4,1,1,12,
1/3/2023,4,4:55,2,49.657,1,2,2,4,1,1,1,
2/3/2023,5,8:35,2,41.01,1,2,1,4,1,1,6,
2/3/2023,5,19:47,2,33.85,1,2,2,4,1,1,1,9
3/3/2023,6,9:30,2,58.7,1,1,2,4,1,1,6,
6/3/2023,2,10:55,2,52.6,2,3,4,4,1,1,6,
8/3/2023,4,11:20,2,20.2,2,2,4,4,1,1,1,
9/3/2023,5,22:30,2,47.1,2,1,2,4,1,1,14,10
11/3/2023,7,0:15,2,39.4,2,2,3,4,1,1,1,
11/3/2023,7,13:22,2,49.14,2,2,4,4,1,1,1,
12/3/2023,1,11:00,2,48.65,1,2,4,4,1,1,1,5
13/03/2023,2,20:35,2,23.87,2,2,4,4,1,1,6,
14/03/2023,3,7:55,2,14.83,1,1,2,4,1,1,1,5
14/03/2023,3,14:40,2,52.6,1,1,4,4,1,1,6,5
16/03/2023,5,10:15,2,30,1,3,2,4,1,1,1,
17/03/2023,6,13:50,2,29.3,1,3,2,4,1,1,1,5
20/03/2023,2,14:05,2,21.25,1,2,2,4,1,1,6,5
21/03/2023,3,10:27,2,38.06,2,3,3,4,1,1,1,
23/03/2023,5,1:40,2,0.2,1,3,2,4,1,1,1,5
24/03/2023,6,19:05,2,44.2,1,2,1,4,1,1,6,
25/03/2023,7,9:15,2,15,1,3,2,4,1,1,1,
26/03/2023,1,16:15,2,46.2,1,3,2,4,1,1,6,
27/03/2023,2,7:10,2,24.78,1,3,2,4,1,1,6,6
31/03/2023,6,0:20,2,35.54,2,3,3,4,1,1,1,
31/03/2023,6,0:50,2,41.23,1,1,4,4,1,1,7,5
31/03/2023,6,20:06,2,42.13,2,1,2,4,1,1,6,11
1/4/2023,7,6:14,2,38.04,2,3,3,4,1,1,6,3
2/4/2023,1,1:15,2,5.4,1,3,2,4,1,1,1,5
6/4/2023,5,23:55,2,31.3,2,3,5,4,1,1,1,5
7/4/2023,6,21:30,2,5.17,1,1,3,4,1,1,5,5
9/4/2023,1,1:30,2,6.3,1,3,2,4,1,1,1,5
9/4/2023,1,9:05,2,31,2,3,2,4,1,1,6,
9/4/2023,1,19:00,2,46,2,3,3,4,1,1,6,5
10/4/2023,2,14:10,2,46,1,1,2,4,1,1,1,5
11/4/2023,3,4:25,2,45.875,1,1,3,4,1,1,12,
13/04/2023,5,12:06,2,48.9,1,3,3,4,1,1,7,
18/04/2023,3,10:35,2,47,1,2,3,4,1,1,3,5
20/04/2023,5,1:20,2,35.4,1,3,3,4,1,1,1,5
20/04/2023,5,19:39,2,39.44,2,3,3,4,1,1,1,5
22/04/2023,7,1:30,2,1.21,1,2,2,4,1,1,1,
22/04/2023,7,14:50,2,14.2,1,3,4,4,1,1,6,6
23/04/2023,1,23:45,2,4.9,2,3,3,4,1,1,1,5
30/04/2023,1,10:30,2,27.75,1,1,2,4,1,1,1,5
1/5/2023,2,18:17,2,40.12,1,2,3,4,1,1,6,
4/5/2023,5,3:40,2,33.1,2,3,2,4,1,3,1,5
4/5/2023,5,5:30,2,54.1,1,3,3,4,1,1,3,5
4/5/2023,5,16:55,2,38.9,1,2,2,4,1,1,1,9
5/5/2023,6,20:40,2,24.42,2,1,2,4,1,5,1,
10/5/2023,4,20:40,2,53.1,1,3,2,4,1,1,6,
12/5/2023,6,6:29,2,14.9,1,1,2,4,1,1,1,1
12/5/2023,6,16:27,2,36.8,2,3,2,4,1,1,6,
12/5/2023,6,18:50,2,39.65,2,2,2,4,1,1,6,
15/05/2023,2,21:00,2,47.3,1,2,2,4,1,1,6,1
16/05/2023,3,16:25,2,57.5,1,3,3,4,1,1,6,
19/05/2023,6,16:15,2,46.3,1,3,2,4,1,1,6,1
20/05/2023,7,5:00,2,30.9,1,3,3,4,1,1,5,
23/05/2023,3,11:45,2,57.2,1,3,3,4,1,1,5,5
23/05/2023,3,12:20,2,55.4,1,3,2,4,1,1,1,14
23/05/2023,3,14:30,2,56.1,2,3,2,4,1,1,7,1
26/05/2023,6,2:45,2,28.2,1,1,3,4,1,1,5,5
27/05/2023,7,18:20,2,33.83,1,3,4,4,1,1,6,
29/05/2023,2,0:02,2,60.75,2,3,2,4,1,1,5,11
29/05/2023,2,5:28,2,33.5,2,3,2,4,1,1,5,1
30/05/2023,3,14:05,2,6.89,1,2,2,4,1,1,1,5
8/6/2023,5,19:30,2,37.52,1,3,4,4,1,1,6,1
10/6/2023,7,1:45,2,57.88,2,3,2,4,1,1,14,5
12/6/2023,2,16:10,2,36.2,2,3,2,4,1,4,1,
15/06/2023,5,21:30,2,44.93,1,3,2,4,1,1,6,
17/06/2023,7,6:15,2,52.564,1,3,3,4,1,1,1,
20/06/2023,3,21:00,2,26.95,1,2,2,4,1,1,6,
22/06/2023,5,10:35,2,49.09,2,1,2,4,1,1,6,1
23/06/2023,6,13:05,2,20.7,2,3,3,4,1,1,1,
24/06/2023,7,19:20,2,19.6,2,3,2,4,1,1,6,
24/06/2023,7,23:45,2,36.97,2,3,1,4,1,1,6,
25/06/2023,1,3:55,2,36.15,2,2,2,4,1,1,1,
25/06/2023,1,22:15,2,31.76,2,1,2,4,1,1,11,
26/06/2023,2,4:00,2,58.23,1,3,2,4,1,1,10,5
27/06/2023,3,8:50,2,7.38,1,2,3,4,1,1,14,5
28/06/2023,4,4:20,2,41.77,1,2,2,4,1,1,14,
2/7/2023,1,2:00,2,37.77,1,2,2,4,1,1,14,14
5/7/2023,4,22:55,2,37.7,1,3,2,4,1,1,14,
8/7/2023,7,16:20,2,48.62,2,3,2,4,1,1,6,1
9/7/2023,1,14:10,2,50.3,2,2,2,4,1,1,1,14
9/7/2023,1,23:00,2,19.6,2,2,2,4,1,1,6,9
10/7/2023,2,4:05,2,34.9,2,3,3,4,1,1,14,
10/7/2023,2,15:50,2,47.25,2,3,3,4,1,1,1,14
12/7/2023,4,7:35,2,60.82,2,3,3,4,1,1,14,
12/7/2023,4,21:28,2,9.8,1,1,2,4,1,1,11,9
17/07/2023,2,21:30,2,46.31,2,1,2,4,1,1,6,3
21/07/2023,6,13:50,2,18,2,3,2,4,1,1,6,1
22/07/2023,7,1:30,2,7.73,2,3,2,4,1,1,5,5
23/07/2023,1,14:07,2,14.88,2,3,2,4,1,1,1,1
23/07/2023,1,21:13,2,55.2,2,2,2,4,1,1,7,1
30/07/2023,1,10:30,2,9.82,1,2,2,4,1,1,1,1
30/07/2023,1,19:45,2,19.2,2,2,1,4,1,1,6,1
1/8/2023,3,3:52,2,37.24,2,3,4,4,1,1,6,1
1/8/2023,3,11:20,2,11.41,2,3,3,4,1,1,6,
2/8/2023,4,13:57,2,14.4,1,3,3,4,1,1,14,14
3/8/2023,5,15:52,2,39.4,1,2,3,4,1,1,6,5
4/8/2023,6,16:15,2,2.7,1,2,4,4,1,1,6,5
4/8/2023,6,20:55,2,53.86,2,1,3,4,1,1,11,
5/8/2023,7,12:15,2,28.8,2,3,3,4,1,1,1,5
6/8/2023,1,3:50,2,29.2,2,3,3,4,1,1,14,14
6/8/2023,1,16:50,2,37.4,2,2,3,4,1,1,6,6
7/8/2023,2,9:45,2,41.58,1,2,2,4,1,1,6,
8/8/2023,3,15:25,2,42.56,1,2,2,4,1,1,1,5
13/08/2023,1,6:40,2,38.4,1,3,2,4,1,1,6,
15/08/2023,3,16:10,2,41.02,1,2,2,4,1,1,6,1
15/08/2023,3,18:25,2,36.75,2,2,2,4,1,1,1,5
16/08/2023,4,12:55,2,38.75,1,2,1,4,1,1,6,
20/08/2023,1,7:05,2,33.32,2,2,4,4,1,1,6,1
21/08/2023,2,13:48,2,61.12,2,3,1,4,1,1,6,
22/08/2023,3,10:10,2,44.31,2,1,1,4,1,1,6,
24/08/2023,5,1:35,2,10.78,1,3,2,4,1,1,14,14
24/08/2023,5,7:05,2,34.37,2,3,2,4,1,1,6,1
24/08/2023,5,9:00,2,24.6,2,2,2,4,1,1,1,
24/08/2023,5,22:45,2,34.03,1,2,3,4,1,1,14,
26/08/2023,7,23:05,2,54.6,1,3,3,4,1,1,14,6
27/08/2023,1,10:23,2,38.62,1,2,3,4,1,1,1,7
28/08/2023,2,8:25,2,18.45,1,3,2,4,1,1,1,5
30/08/2023,4,16:13,2,37.1,2,3,4,4,1,1,6,5
30/08/2023,4,20:05,2,23.4,2,2,2,4,1,1,11,
1/9/2023,6,8:03,2,35.45,1,3,1,4,1,1,6,
2/9/2023,7,7:15,2,47.2,1,2,3,4,1,1,6,
2/9/2023,7,21:05,2,52.1,2,1,2,4,1,1,1,6
3/9/2023,1,11:50,2,34.9,1,3,3,4,1,1,1,8
3/9/2023,1,22:05,2,34.25,2,3,2,4,1,1,6,9
4/9/2023,2,20:47,2,21.25,1,1,4,4,1,1,1,6
5/9/2023,3,6:03,2,42.33,1,2,3,4,1,1,5,
5/9/2023,3,12:00,2,54.4,1,3,2,4,1,1,6,
5/9/2023,3,22:17,2,20,1,2,2,4,1,1,5,
13/09/2023,4,16:15,2,12.39,2,3,1,4,1,1,6,6
15/09/2023,6,4:25,2,5.67,2,1,4,4,1,1,14,5
16/09/2023,7,17:10,2,9.66,1,2,3,4,1,1,1,6
17/09/2023,1,2:55,2,54.35,2,3,2,4,1,1,14,5
19/09/2023,3,14:40,2,45.75,1,3,1,4,1,1,6,
23/09/2023,7,3:47,2,55.63,2,3,2,4,1,1,1,11
27/09/2023,4,6:28,2,37.75,2,3,3,4,1,1,6,5
29/09/2023,6,3:28,2,33.15,2,2,2,4,1,1,1,11
29/09/2023,6,18:50,2,7.53,1,2,4,4,1,1,3,7
30/09/2023,7,9:15,2,34.89,2,2,2,4,1,1,6,3
2/10/2023,2,8:45,2,15.36,1,3,2,4,1,1,6,1
3/10/2023,3,8:30,2,53.7,2,2,3,4,1,1,1,
3/10/2023,3,20:55,2,47.2,1,2,1,4,1,1,6,
8/10/2023,1,13:15,2,45.9,1,3,3,4,1,1,6,
9/10/2023,2,11:55,2,11.58,1,2,3,4,1,1,1,
11/10/2023,4,2:05,2,41.1,2,2,3,4,1,1,14,
2/2/2023,5,1:45,2,119.1,2,4,5,4,1,1,14,15
3/2/2023,6,0:30,2,122.8,2,4,5,4,1,1,14,15
6/2/2023,2,11:00,2,136.6,2,2,2,4,1,1,6,1
6/2/2023,2,23:00,2,134.1,2,3,2,4,1,1,1,
7/2/2023,3,13:50,2,142.5,1,4,5,4,1,1,1,1
8/2/2023,4,21:10,2,136.8,2,3,2,4,1,1,14,1
9/2/2023,5,6:10,2,112.7,2,4,5,4,1,1,14,15
9/2/2023,5,14:15,2,137.1,2,4,5,4,1,1,15,6
9/2/2023,5,15:45,2,143.3,1,2,2,4,1,1,15,6
9/2/2023,5,16:40,2,137.9,1,1,2,4,1,1,6,9
9/2/2023,5,22:15,2,138.4,1,4,5,4,1,1,1,7
11/2/2023,7,4:20,2,128.1,1,2,2,4,1,1,1,15
11/2/2023,7,6:00,2,129,2,4,5,4,1,1,1,15
11/2/2023,7,6:15,2,128.1,2,4,5,4,1,1,1,14
11/2/2023,7,9:35,2,118.5,1,4,5,4,1,1,1,14
11/2/2023,7,12:00,2,139,2,4,5,4,1,1,14,1
14/02/2023,3,11:25,2,136.6,1,3,2,4,1,1,6,
14/02/2023,3,16:40,2,142,2,3,2,4,1,1,6,9
14/02/2023,3,23:30,2,116.7,1,2,2,4,1,1,6,
15/02/2023,4,7:00,2,107.5,2,4,5,4,1,1,1,
15/02/2023,4,8:50,2,143.7,1,4,5,4,1,1,1,1
18/02/2023,7,2:20,2,130.7,2,2,2,4,1,1,6,15
18/02/2023,7,16:10,2,116.5,2,2,2,4,1,1,11,6
18/02/2023,7,20:10,2,136,2,1,2,4,1,1,6,6
18/02/2023,7,23:20,2,129,2,3,2,4,1,1,6,
21/02/2023,3,9:00,2,141.45,2,3,2,4,1,1,1,
22/02/2023,4,0:15,2,109.9,1,4,5,4,1,1,15,
22/02/2023,4,16:30,2,138.8,1,2,2,4,1,1,6,6
22/02/2023,4,21:20,2,136.9,1,3,2,4,1,1,1,6
24/02/2023,6,15:30,2,126.5,2,4,5,4,1,1,1,
25/02/2023,7,5:50,2,129.65,2,2,2,4,1,1,14,15
26/02/2023,1,17:10,2,136.6,2,2,2,4,1,1,6,1
26/02/2023,1,18:00,2,112.1,2,4,5,4,1,1,1,14
28/02/2023,3,19:00,2,112.6,2,1,2,4,1,1,1,9
16/02/2023,5,21:10,2,172.8,2,3,2,4,1,1,14,15
17/02/2023,6,8:30,2,177.2,2,3,2,4,1,1,1,
3/9/2022,7,14:50,2,121.9,2,4,5,4,1,1,1,
3/9/2022,7,16:00,2,116.6,1,2,2,4,1,1,1,
4/9/2022,1,3:40,2,118.9,2,2,2,4,1,1,3,15
4/9/2022,1,7:45,2,122.2,1,2,2,4,1,1,6,
4/9/2022,1,15:45,2,117.45,1,4,5,4,1,1,1,
4/9/2022,1,20:10,2,120.4,2,3,2,4,1,1,6,
7/9/2022,4,8:40,2,126.3,2,1,2,4,1,1,1,6
7/9/2022,4,22:10,2,130.6,1,2,2,4,1,1,11,9
8/9/2022,5,0:15,2,130.2,2,4,5,4,1,1,1,
8/9/2022,5,0:30,2,137.45,1,2,2,4,1,1,6,
8/9/2022,5,11:50,2,135.1,1,4,5,4,1,1,1,
9/9/2022,6,1:30,2,114.2,1,3,2,4,1,1,6,
9/9/2022,6,10:10,2,138.6,1,2,2,4,1,1,6,14
13/09/2022,3,18:00,2,138.6,2,3,2,4,1,1,1,6
13/09/2022,3,20:30,2,129.8,2,2,2,4,1,1,6,6
13/09/2022,3,22:00,2,109.9,1,4,5,4,1,1,14,
14/09/2022,4,7:40,2,109.4,2,4,5,4,1,1,1,
14/09/2022,4,16:30,2,142.6,1,4,5,4,1,1,3,15
17/09/2022,7,3:40,2,121.4,2,4,5,4,1,1,1,15
18/09/2022,1,8:20,2,119.7,1,3,2,4,1,1,1,
18/09/2022,1,8:30,2,119.8,1,4,5,4,1,1,14,14
18/09/2022,1,16:45,2,106,2,3,2,4,1,1,1,
20/09/2022,3,2:50,2,109.9,1,3,2,4,1,1,11,1
21/09/2022,4,16:20,2,144.3,1,1,2,4,1,1,15,6
24/09/2022,7,9:30,2,139.6,2,3,2,4,1,1,1,6
24/09/2022,7,13:15,2,128.3,2,3,2,4,1,1,11,14
26/09/2022,2,2:50,2,116.3,2,3,2,4,1,1,3,14
26/09/2022,2,10:15,2,138.5,1,3,2,4,1,1,6,
28/09/2022,4,8:15,2,136.85,2,4,5,4,1,1,5,1
3/10/2022,2,16:50,2,121.65,1,1,2,4,1,1,11,6
4/10/2022,3,18:00,2,144.2,1,4,5,4,1,1,1,1
5/10/2022,4,10:00,2,105.05,2,2,2,4,1,1,14,15
7/10/2022,6,2:30,2,104.3,2,4,5,4,1,1,11,1
10/10/2022,2,3:00,2,116.3,1,4,5,4,1,1,1,
10/10/2022,2,8:30,2,133.2,2,4,5,4,1,1,1,
11/10/2022,3,1:10,2,143.8,2,3,2,4,1,1,14,
11/10/2022,3,20:25,2,140,2,4,5,4,1,1,11,1
11/10/2022,3,22:10,2,139.1,2,1,2,4,1,1,6,5
12/10/2022,4,2:20,2,109.3,1,3,2,4,1,1,1,
12/10/2022,4,16:30,2,138.3,2,3,2,4,1,1,6,14
12/10/2022,4,16:50,2,107.05,2,4,5,4,1,1,14,
14/10/2022,6,0:10,2,139.6,1,3,2,4,1,1,1,
16/10/2022,1,14:00,2,135.3,1,4,5,4,1,1,1,
20/10/2022,5,1:50,2,130.3,2,2,2,4,1,1,15,
21/10/2022,6,7:40,2,136.6,1,2,2,4,1,1,6,15
21/10/2022,6,16:30,2,130.4,2,4,5,4,1,1,1,1
22/10/2022,7,3:00,2,122.5,2,4,5,4,1,1,1,
22/10/2022,7,17:40,2,126.4,1,3,2,4,1,1,1,
23/10/2022,1,5:40,2,123.4,2,3,2,4,1,1,6,
24/10/2022,2,22:15,2,138.2,1,2,2,4,1,1,14,1
25/10/2022,3,22:40,2,136.6,2,3,2,4,1,1,15,6
26/10/2022,4,17:35,2,142.5,1,3,2,4,1,1,1,1
27/10/2022,5,18:50,2,137.5,1,2,2,4,1,1,6,6
28/10/2022,6,4:00,2,107.4,2,4,5,4,1,1,1,
29/10/2022,7,1:10,2,125.1,2,2,2,4,1,1,1,15
29/10/2022,7,23:50,2,141.45,2,4,5,4,1,1,1,
30/10/2022,1,4:30,2,123,2,2,2,4,1,1,1,14
1/11/2022,3,8:30,2,131.9,2,4,5,4,1,1,1,
4/11/2022,6,15:05,2,102.035,2,2,2,4,1,1,1,14
5/11/2022,7,20:50,2,136.8,1,3,2,4,1,1,6,1
7/11/2022,2,16:20,2,116.4,1,2,2,4,1,1,1,15
7/11/2022,2,21:00,2,140.85,2,2,2,4,1,1,6,1
8/11/2022,3,0:00,2,128.2,2,2,2,4,1,1,14,15
9/11/2022,4,15:45,2,138,1,2,2,4,1,1,6,15
10/11/2022,5,0:00,2,136.85,1,4,5,4,1,1,1,
10/11/2022,5,11:40,2,126.65,2,2,2,4,1,1,6,14
10/11/2022,5,21:00,2,139.6,1,4,5,4,1,1,11,1
11/11/2022,6,4:00,2,123.8,2,4,5,4,1,1,11,1
11/11/2022,6,10:50,2,109.15,1,4,5,4,1,1,1,
11/11/2022,6,12:30,2,112.9,2,4,5,4,1,1,1,14
11/11/2022,6,20:20,2,103.8,1,4,5,4,1,1,1,
11/11/2022,6,20:45,2,112.8,1,3,2,4,1,1,5,14
12/11/2022,7,12:20,2,126.2,2,4,5,4,1,1,1,1
12/11/2022,7,15:20,2,138.9,1,3,2,4,1,1,1,
13/11/2022,1,3:15,2,131.9,2,4,5,4,1,1,1,14
13/11/2022,1,10:50,2,144.15,2,2,2,4,1,1,6,
13/11/2022,1,23:50,2,126.85,2,4,5,4,1,1,1,
15/11/2022,3,10:45,2,135.4,2,2,2,4,1,1,6,
15/11/2022,3,18:50,2,118.4,1,4,5,4,1,1,6,1
20/11/2022,1,6:00,2,123.9,1,3,2,4,1,1,1,15
20/11/2022,1,18:40,2,130.6,2,4,5,4,1,1,1,
25/11/2022,6,6:20,2,102.035,1,2,2,4,1,1,14,6
28/11/2022,2,0:50,2,144.35,1,4,5,4,1,1,1,
30/11/2022,4,3:10,2,143.3,2,4,5,4,1,1,11,1
5/12/2022,2,21:15,2,136.2,2,1,2,4,1,1,1,6
7/12/2022,4,15:45,2,122.9,1,2,2,4,1,1,6,
7/12/2022,4,23:20,2,140.8,2,2,2,4,1,1,6,1
9/12/2022,6,5:15,2,144.4,2,4,5,4,1,1,3,
12/12/2022,2,6:40,2,138.4,1,3,2,4,1,1,6,
13/12/2022,3,10:35,2,138.8,2,2,2,4,1,1,6,9
14/12/2022,4,7:10,2,143.6,2,3,2,4,1,1,11,6
16/12/2022,6,4:15,2,114,1,4,5,4,1,1,1,
17/12/2022,7,0:10,2,135.4,2,4,5,4,1,1,1,
21/12/2022,4,6:35,2,124.8,2,3,2,4,1,1,6,
23/12/2022,6,18:40,2,138.9,1,1,2,4,1,1,1,6
26/12/2022,2,5:00,2,115.2,2,1,2,4,1,1,1,
27/12/2022,3,16:50,2,136.5,2,3,2,4,1,1,11,6
27/12/2022,3,20:50,2,132.9,2,3,2,4,1,1,6,6
28/12/2022,4,2:50,2,120.35,1,4,5,4,1,1,14,15
31/12/2022,7,15:15,2,112.2,1,4,5,4,1,1,1,
25/09/2022,1,7:00,2,400.575,1,3,2,4,1,1,7,1
21/09/2022,4,7:30,2,400.575,1,2,2,4,1,1,1,
20/09/2022,3,8:00,2,400.575,2,3,3,4,1,1,1,
13/09/2022,3,18:10,2,400.575,2,3,2,4,1,1,6,6
13/09/2022,3,12:50,2,400.575,2,3,2,4,1,1,1,6
7/9/2022,4,18:05,2,400.575,1,3,2,4,1,1,1,6
4/9/2022,1,20:10,2,400.575,2,3,2,4,1,1,11,
30/09/2022,6,6:10,2,465.5,1,1,2,4,1,1,6,
23/09/2022,6,6:53,2,465.5,2,2,2,4,1,1,1,6
19/09/2022,2,7:13,2,465.5,1,1,2,4,1,1,1,
14/09/2022,4,11:30,2,465.5,2,2,2,4,1,1,6,
6/9/2022,3,12:00,2,465.5,2,3,2,4,1,3,6,
21/09/2022,4,14:15,2,320.58,1,2,4,4,1,1,1,
7/9/2022,4,11:50,1,320.58,2,2,5,4,1,1,1,
2/10/2022,1,15:35,1,143.7,2,3,3,4,1,1,6,1
1/10/2022,7,13:40,1,149.7,1,2,3,4,1,1,1,6
3/10/2022,2,12:20,2,27.56,1,3,2,4,1,1,5,
1/10/2022,7,1:15,2,56.64,2,4,2,4,1,1,10,
30/09/2022,6,6:00,2,23.65,2,3,2,4,1,1,11,
29/09/2022,5,5:50,2,17.7,2,3,2,4,1,1,11,
29/09/2022,5,11:10,2,21.18,2,4,2,4,1,1,11,
29/09/2022,5,11:00,2,23.01,2,3,2,4,1,1,11,
28/09/2022,4,10:50,2,11.56,2,2,2,4,1,1,11,
28/09/2022,4,4:55,2,101.22,1,3,2,4,1,1,11,
26/09/2022,2,10:10,2,20.2,1,3,2,4,1,1,11,
27/09/2022,3,7:45,2,17.595,2,3,4,4,1,1,11,
24/09/2022,7,14:45,2,682.295,2,2,4,4,1,1,11,
22/09/2022,5,1:10,2,666.795,1,3,4,4,1,1,5,
26/09/2022,2,17:30,2,60.55,2,1,1,4,1,1,6,1
25/09/2022,1,16:30,2,72.55,1,3,2,4,1,1,6,
24/09/2022,7,13:15,2,94.68,2,1,3,4,1,1,15,
24/09/2022,7,12:20,2,120.3,1,1,3,4,1,1,15,6
22/09/2022,5,9:40,2,248.4,1,3,2,4,1,1,6,
21/09/2022,4,17:05,2,242.2,1,3,2,4,1,1,6,
19/09/2022,2,12:05,2,207.8,1,3,2,4,1,1,5,
17/09/2022,7,20:15,1,177.1,2,3,1,4,1,1,6,
17/09/2022,7,16:40,2,250.8,1,3,1,4,1,1,6,
15/09/2022,5,21:05,2,251.9,1,1,2,4,1,1,5,
15/09/2022,5,7:55,2,242.2,2,3,4,4,1,1,1,
11/9/2022,1,1:15,2,209.87,1,3,2,4,1,1,1,
11/9/2022,1,2:00,2,196.75,2,3,2,4,1,1,1,
5/9/2022,2,13:10,2,215.8,2,3,2,4,1,1,6,
1/9/2022,5,14:40,2,255.2,1,3,3,4,1,1,6,
22/09/2022,5,12:20,2,27.58,1,3,2,4,1,5,5,
21/09/2022,4,9:40,2,39.52,1,4,2,4,1,1,1,
20/09/2022,3,17:45,2,26.38,2,3,2,4,1,1,2,
23/09/2022,6,11:35,1,87.7,1,2,1,4,1,1,2,7
9/9/2022,6,2:15,2,18.245,2,3,2,4,1,1,6,
8/9/2022,5,1:50,2,34.595,2,3,2,4,1,1,6,
7/9/2022,4,5:50,2,719.995,2,2,2,4,1,1,6,
28/08/2022,1,16:02,2,320.58,1,1,3,4,1,1,6,
25/08/2022,5,5:10,2,320.58,2,4,2,4,1,1,1,
12/8/2022,6,16:14,2,320.58,1,2,2,4,1,1,1,
11/8/2022,5,16:50,2,320.58,2,2,2,4,1,1,6,
16/08/2022,3,7:10,2,400.575,2,2,2,4,1,1,1,
11/8/2022,5,14:30,2,400.575,1,4,2,4,1,1,1,
10/8/2022,4,5:05,2,400.575,2,1,3,4,1,1,15,15
9/8/2022,3,11:35,1,400.575,2,3,2,4,1,5,1,
9/8/2022,3,8:55,2,400.575,2,4,2,4,1,1,1,
4/8/2022,5,20:50,2,400.575,2,4,2,4,1,1,11,
17/09/2022,7,12:30,2,29.6,1,4,2,4,1,5,1,
16/09/2022,6,11:10,2,14.68,2,3,2,4,1,1,6,
16/09/2022,6,17:05,2,53.2,1,3,2,4,1,5,5,
15/09/2022,5,12:40,2,41.18,2,2,2,4,1,1,5,
14/09/2022,4,12:30,2,27.32,2,2,4,4,1,1,11,
14/09/2022,4,11:40,2,79.42,2,3,2,4,1,1,5,
15/09/2022,5,22:05,2,210.689,1,4,4,4,1,1,5,
6/9/2022,3,5:50,2,719.995,2,2,2,4,1,1,6,
5/9/2022,2,8:10,2,681.695,2,2,2,4,1,1,6,
15/09/2022,5,22:05,2,210.69,1,4,4,4,1,1,5,
5/9/2022,2,7:30,2,722.495,2,2,2,4,1,1,5,
4/9/2022,1,4:10,2,679.095,2,3,2,4,1,1,1,
3/9/2022,7,1:30,2,691.795,2,2,2,4,1,1,6,
2/9/2022,6,4:00,2,18.095,2,2,2,4,1,1,1,
1/9/2022,5,7:20,2,18.895,2,3,2,4,1,1,1,
15/09/2022,5,23:00,2,63.9,1,4,1,4,1,3,15,1
1/9/2022,5,7:10,2,661.995,1,1,2,4,1,1,11,
11/9/2022,1,5:00,1,98.8,2,4,2,4,1,3,15,
10/9/2022,7,13:15,2,69.6,1,3,2,4,1,3,1,
12/9/2022,2,15:00,2,40,2,3,4,4,1,1,11,
10/9/2022,7,16:00,2,12.5,2,2,2,4,1,1,6,
10/9/2022,7,16:30,2,65.7,1,4,2,4,1,1,5,
9/9/2022,6,15:00,2,70.95,1,3,2,4,1,1,6,
8/9/2022,5,16:15,2,63.6,2,3,2,4,1,1,6,
8/9/2022,5,15:15,2,77.75,1,1,2,4,1,1,1,
1/9/2022,5,7:40,2,255.2,1,3,3,4,1,1,6,
6/9/2022,3,4:15,2,76,1,3,2,4,1,5,6,
7/9/2022,4,6:35,2,45.45,2,2,2,4,1,1,1,
31/08/2022,4,22:30,2,17.495,1,3,2,4,1,1,1,
30/08/2022,3,3:40,2,690.705,1,1,2,4,1,1,5,
4/9/2022,1,12:50,1,154.6,1,1,3,4,1,1,1,1
3/9/2022,7,18:30,2,147.3,2,1,3,4,1,1,6,15
28/08/2022,1,23:40,2,699.195,1,1,4,4,1,1,5,
28/08/2022,1,20:15,2,18.895,2,2,2,4,1,1,6,
22/08/2022,2,13:30,2,703.795,1,3,2,4,1,1,5,
22/08/2022,2,15:40,2,679.245,2,3,2,4,1,1,1,
21/08/2022,1,22:50,2,679.795,2,2,4,4,1,1,11,
21/08/2022,1,14:40,2,20.345,1,3,2,4,1,1,1,
21/08/2022,1,4:10,2,705.495,1,2,4,4,1,1,11,
20/08/2022,7,11:55,2,681.295,2,3,4,4,1,1,5,
27/08/2022,7,7:50,2,12.95,2,2,2,4,1,1,6,
19/08/2022,6,12:50,2,740.995,2,3,4,4,1,1,5,
18/08/2022,5,21:45,2,681.695,1,3,2,4,1,1,6,
17/08/2022,4,1:10,1,32.695,1,3,2,4,1,1,6,
17/08/2022,4,14:25,1,36.595,2,3,2,4,1,1,6,
16/08/2022,3,12:40,1,741.375,2,2,4,4,1,1,11,
16/08/2022,3,18:30,1,681.795,2,3,4,4,1,1,11,
14/08/2022,1,21:45,1,741.395,2,3,4,4,1,1,5,
29/08/2022,2,12:30,2,70.8,2,3,2,4,1,1,11,
26/08/2022,6,14:00,2,112.67,2,3,2,4,1,1,5,
12/8/2022,6,17:30,2,20.345,1,2,4,4,1,1,11,
11/8/2022,5,9:30,1,669.595,1,2,4,4,1,1,11,
10/8/2022,4,12:25,1,693.195,1,3,4,4,1,1,11,
3/8/2022,4,22:05,1,656.195,2,1,4,4,1,1,11,
1/8/2022,2,20:30,1,18.995,2,3,4,4,1,1,11,
25/08/2022,5,23:00,2,64,2,2,2,4,1,1,11,
1/8/2022,2,9:24,2,116.75,2,3,2,4,1,1,11,
31/07/2022,1,15:10,2,194,2,3,2,4,1,1,11,
31/07/2022,1,9:14,2,152.4,2,2,3,4,1,1,11,
31/07/2022,1,1:30,2,228.4,2,4,2,4,1,1,5,
30/07/2022,7,23:10,2,113.3,1,2,2,4,1,1,11,
30/07/2022,7,20:16,2,150,1,4,2,4,1,1,11,
30/07/2022,7,8:16,2,141.5,2,4,3,4,1,1,5,
29/07/2022,6,22:28,2,125,2,3,3,4,1,1,11,
29/07/2022,6,12:14,2,162.3,2,3,3,4,1,1,5,
29/07/2022,6,3:42,2,226,1,4,3,4,1,1,11,
28/07/2022,5,17:35,2,274.8,2,2,3,4,1,1,11,
28/07/2022,5,4:30,2,158.4,2,3,3,4,1,1,11,
28/07/2022,5,3:36,2,264.2,1,4,3,4,1,1,11,
27/07/2022,4,4:10,2,122.2,1,4,3,4,1,1,11,
27/07/2022,4,3:47,2,129.2,1,3,3,4,1,1,11,
26/07/2022,3,17:36,2,197.9,1,4,2,4,1,1,11,
26/07/2022,3,2:48,2,210.5,1,2,2,4,1,1,5,5
25/07/2022,2,9:10,2,154.05,2,4,2,4,1,1,5,
25/07/2022,2,0:49,2,123.2,1,4,2,4,1,1,10,
23/07/2022,7,21:55,2,166.15,2,2,2,4,1,1,8,
23/07/2022,7,19:55,2,214.35,2,4,2,4,1,1,1,
23/07/2022,7,17:14,2,172.9,1,3,3,4,1,1,1,
23/07/2022,7,14:40,2,241.6,2,4,4,4,1,1,1,
23/07/2022,7,12:25,2,154.8,2,3,3,4,1,1,1,
21/07/2022,5,6:26,2,199.4,2,4,3,4,1,1,5,
20/07/2022,4,23:20,2,214.35,2,4,3,4,1,1,1,
20/07/2022,4,20:20,2,156.8,1,4,3,4,1,1,1,
20/07/2022,4,2:47,2,192.5,2,2,3,4,1,1,3,1
19/07/2022,3,23:52,2,261.4,1,4,2,4,1,1,1,
19/07/2022,3,23:05,2,112.1,1,4,2,4,1,1,1,
19/07/2022,3,14:22,2,186.65,1,4,2,4,1,1,1,
19/07/2022,3,3:10,2,237.55,1,4,2,4,1,1,5,
19/07/2022,3,2:09,2,196.5,2,3,2,4,1,1,11,
18/07/2022,2,20:40,2,194,2,2,2,4,1,1,8,
18/07/2022,2,15:42,2,224.8,1,4,4,4,1,1,7,5
18/07/2022,2,2:45,2,159.3,2,2,3,4,1,1,1,
17/07/2022,1,22:49,2,133.7,2,1,3,4,1,1,8,
17/07/2022,1,17:40,2,210.8,1,4,4,4,1,1,1,
17/07/2022,1,17:09,2,201,2,2,3,4,1,1,8,
16/07/2022,7,17:57,2,198.6,2,2,3,4,1,1,1,
16/07/2022,7,16:40,2,178.45,2,4,3,4,1,1,5,
16/07/2022,7,11:29,2,214.4,1,1,3,4,1,1,8,
15/07/2022,6,6:00,2,260.8,2,4,3,4,1,1,5,
14/07/2022,5,20:06,2,221.5,2,2,4,4,1,1,8,1
14/07/2022,5,16:04,2,161.6,1,4,3,4,1,1,5,
14/07/2022,5,9:35,2,207.5,1,4,3,4,1,1,5,
14/07/2022,5,3:05,2,205.4,1,4,3,4,1,1,5,
13/07/2022,4,21:26,2,247.9,2,4,3,4,1,1,1,
13/07/2022,4,17:54,2,237.3,1,4,3,4,1,1,1,
13/07/2022,4,12:44,2,270.6,1,3,3,4,1,1,11,
13/07/2022,4,10:52,2,102.2,1,4,3,4,1,1,1,
13/07/2022,4,6:30,2,264.8,1,4,3,4,1,1,5,
16/08/2022,3,11:15,2,20.6,2,3,2,4,1,1,11,
15/08/2022,2,1:50,2,36.32,2,3,2,4,1,1,1,
14/08/2022,1,16:15,2,14.36,1,2,2,4,1,1,6,
13/08/2022,7,16:30,2,53.35,1,2,2,4,1,1,5,
12/8/2022,6,10:40,2,14.9,2,2,2,4,1,1,6,
11/8/2022,5,10:20,2,28.94,2,4,2,4,1,1,5,
10/8/2022,4,16:30,2,85.85,1,4,2,4,1,5,5,
14/08/2022,1,2:45,2,80.6,1,1,2,4,1,3,5,
19/08/2022,6,12:00,2,137.25,2,2,3,4,1,1,6,6
12/7/2022,3,22:30,2,210.9,2,4,3,4,1,1,5,
12/7/2022,3,21:38,2,222.8,1,4,4,4,1,1,5,
10/7/2022,1,16:10,2,132.2,2,2,2,4,1,1,8,
10/7/2022,1,10:38,2,123.5,1,2,2,4,1,1,8,
10/7/2022,1,6:49,2,202.8,2,4,4,4,1,1,10,
10/7/2022,1,4:33,2,196.25,1,4,4,4,1,1,5,
9/7/2022,7,20:58,2,220.05,2,1,4,4,1,1,11,
9/7/2022,7,19:51,2,212.6,2,3,4,4,1,1,8,
9/7/2022,7,15:29,2,109.75,1,4,4,4,1,1,1,
9/7/2022,7,14:18,2,102.2,2,4,4,4,1,1,1,
4/8/2022,5,10:45,2,244.2,1,2,2,4,1,1,6,
9/8/2022,3,10:40,2,0.26,1,2,2,4,1,5,1,
8/8/2022,2,12:20,2,21.19,1,3,2,4,1,5,6,
7/8/2022,1,2:45,2,27.8,1,2,2,4,1,1,6,
6/8/2022,7,1:15,2,28.34,1,2,2,4,1,1,6,
5/8/2022,6,7:00,1,10.8,1,4,2,4,1,5,5,
4/8/2022,5,8:50,2,22.56,1,3,2,4,1,5,1,
3/8/2022,4,10:05,2,91.63,1,3,2,4,1,5,6,
16/08/2022,3,1:00,2,138.25,2,1,2,4,1,1,3,
16/08/2022,3,1:00,2,138.25,2,1,2,4,1,1,3,
9/7/2022,7,10:35,2,280.6,2,4,4,4,1,1,5,
8/7/2022,6,23:28,2,158.4,2,4,4,4,1,1,1,
8/7/2022,6,19:47,2,102.2,2,2,2,4,1,1,1,
8/7/2022,6,20:55,2,215.2,2,2,4,4,1,1,8,
14/08/2022,1,11:55,1,132.6,1,3,3,4,1,2,10,6
8/7/2022,6,7:22,2,208.1,1,4,2,4,1,1,1,
8/7/2022,6,12:59,2,188.45,1,3,2,4,1,1,8,
7/7/2022,5,16:25,2,203.7,1,4,2,4,1,1,1,
7/7/2022,5,15:27,2,194.25,2,4,2,4,1,1,5,
7/7/2022,5,2:45,2,197.3,2,4,2,4,1,1,1,
12/8/2022,6,12:15,2,78.7,1,3,2,4,1,3,6,
6/7/2022,4,21:58,2,268.8,1,3,4,4,1,1,8,
6/7/2022,4,14:54,2,205.5,1,2,2,4,1,1,7,8
6/7/2022,4,13:42,2,197.2,2,2,2,4,1,1,8,
6/7/2022,4,5:48,2,183,1,2,2,4,1,1,10,
6/7/2022,4,4:23,2,153.3,1,3,2,4,1,1,1,
6/7/2022,4,3:02,2,247.4,1,4,2,4,1,1,10,
5/7/2022,3,19:35,2,254.2,1,4,3,4,1,1,5,1
5/7/2022,3,17:56,2,112,1,3,3,4,1,1,5,5
5/7/2022,3,17:08,2,254.2,1,2,3,4,1,1,8,
5/7/2022,3,13:12,2,270.6,2,4,4,4,1,1,8,
5/7/2022,3,5:00,2,249.2,2,4,3,4,1,1,10,
4/7/2022,2,16:43,2,185.7,2,2,4,4,1,1,8,
3/7/2022,1,22:17,2,261.3,1,1,3,4,1,1,5,8
3/7/2022,1,22:15,2,107.8,1,1,3,4,1,1,11,
3/7/2022,1,15:35,2,161.1,1,2,3,4,1,1,7,
3/7/2022,1,12:35,2,179.6,1,2,3,4,1,1,8,
3/7/2022,1,9:00,2,271.2,1,2,3,4,1,1,8,
2/8/2022,3,6:35,2,22.4,1,4,2,4,1,1,1,
1/8/2022,2,3:10,2,21.52,2,3,2,4,1,1,1,
9/8/2022,3,20:35,1,141.8,2,2,3,4,1,2,7,15
31/07/2022,1,18:40,2,31.48,2,4,2,4,1,1,5,
30/07/2022,7,12:50,1,42.65,2,3,2,4,1,1,6,
29/07/2022,6,13:30,2,45.3,1,3,2,4,1,1,1,
28/07/2022,5,11:50,2,83.5,2,3,2,4,1,1,1,
27/07/2022,4,16:15,2,56.8,2,3,2,4,1,1,5,5
26/07/2022,3,18:15,2,67.5,2,4,2,4,1,1,6,
2/7/2022,7,19:42,2,136.5,1,2,3,4,1,1,8,
1/7/2022,6,10:44,2,129.8,2,2,2,4,1,1,6,
2/8/2022,3,21:35,2,173.2,2,3,5,4,1,1,15,
1/8/2022,2,16:05,2,220,2,1,2,4,1,1,1,
29/07/2022,6,17:50,2,174.75,2,1,2,4,1,1,6,
29/07/2022,6,16:05,2,682.235,2,2,2,4,1,1,6,
29/07/2022,6,16:40,2,706.195,2,3,2,4,1,1,1,
27/07/2022,4,15:05,2,703.595,2,3,2,4,1,1,1,
27/07/2022,4,14:20,2,690.395,2,3,2,4,1,1,6,
29/07/2022,6,22:30,2,465.5,1,1,2,4,1,1,5,6
16/07/2022,7,9:20,2,465.5,2,4,2,4,1,1,5,
11/7/2022,2,15:40,2,465.5,2,4,2,4,1,1,1,
7/7/2022,5,20:20,2,465.5,2,2,2,4,1,1,6,
4/7/2022,2,14:50,2,465.5,1,2,2,4,1,1,5,
1/7/2022,6,10:20,2,465.5,1,4,2,4,1,1,6,
26/07/2022,3,6:20,2,400.575,1,3,4,4,1,1,15,
17/07/2022,1,20:50,2,400.575,1,2,2,4,1,1,6,
11/7/2022,2,16:40,2,400.575,2,3,2,4,1,1,11,
2/7/2022,7,16:40,2,400.575,1,3,2,4,1,1,11,
1/7/2022,6,20:55,2,400.575,2,3,2,4,1,1,1,
31/07/2022,1,11:35,2,381,1,2,4,4,1,1,7,
19/07/2022,3,13:30,2,385,1,1,2,4,1,1,5,
13/07/2022,4,16:35,2,346.5,2,2,2,4,1,1,1,
30/06/2022,5,1:46,2,178.85,1,2,3,4,1,1,3,5
29/06/2022,4,23:31,2,245.7,2,4,3,4,1,1,1,
29/06/2022,4,23:20,2,250.2,1,4,3,4,1,1,1,10
27/06/2022,2,14:49,2,280,2,2,2,4,1,1,8,
26/06/2022,1,21:52,2,277.4,1,2,3,4,1,1,1,
26/06/2022,1,18:30,2,280.6,2,2,3,4,1,1,8,
26/06/2022,1,6:20,2,163.2,2,4,3,4,1,1,1,
25/06/2022,7,16:15,2,282.8,1,4,3,4,1,1,1,
25/06/2022,7,3:42,2,279,1,4,3,4,1,1,10,
25/06/2022,7,2:18,2,189.8,1,4,3,4,1,1,10,
25/06/2022,7,1:12,2,185.2,1,4,3,4,1,1,11,
24/06/2022,6,13:23,2,201.1,1,2,2,4,1,1,8,
23/06/2022,5,17:38,2,165.8,2,4,2,4,1,1,11,
23/06/2022,5,8:50,2,262.1,2,4,2,4,1,1,1,
22/06/2022,4,2:40,2,180.2,2,4,2,4,1,1,5,
21/06/2022,3,15:02,2,236.3,2,2,2,4,1,1,8,8
21/06/2022,3,3:17,2,184.4,1,4,2,4,1,1,1,
20/06/2022,2,2:29,2,211.7,2,4,3,4,1,1,5,
20/06/2022,2,1:05,2,242.4,1,4,3,4,1,1,5,
28/07/2022,5,22:00,2,134.4,1,2,3,4,1,1,10,11
25/07/2022,2,1:30,2,59.32,2,4,2,4,1,1,5,
24/07/2022,1,10:45,2,44.48,2,4,2,4,1,1,5,
23/07/2022,7,18:20,2,19,1,3,2,4,1,1,1,
22/07/2022,6,8:30,2,82.1,1,2,2,4,1,5,1,
19/06/2022,1,19:15,2,261.1,2,2,2,4,1,1,8,
19/06/2022,1,16:19,2,270.6,1,4,2,4,1,1,5,10
19/06/2022,1,18:46,2,189.1,2,4,2,4,1,1,1,
19/06/2022,1,18:18,2,217.9,2,2,2,4,1,1,8,
18/06/2022,7,21:40,2,244.1,1,2,2,4,1,1,8,
18/06/2022,7,16:51,2,275,2,2,4,4,1,1,8,
18/06/2022,7,11:51,2,259.05,2,2,2,4,1,1,1,
18/06/2022,7,4:40,2,252.05,2,4,2,4,1,1,1,
28/07/2022,5,17:55,2,95.2,2,4,2,4,1,1,15,
28/07/2022,5,4:00,2,77.8,2,4,3,4,1,1,15,
20/07/2022,4,9:00,2,247.9,2,1,2,4,1,5,8,
18/06/2022,7,16:38,2,184.9,2,4,3,4,1,1,10,
18/06/2022,7,10:34,2,164.3,2,3,2,4,1,1,8,5
17/06/2022,6,19:27,2,130.15,1,3,2,4,1,1,8,
17/06/2022,6,16:42,2,208.9,1,4,4,4,1,1,11,
17/06/2022,6,12:40,2,170.8,2,4,2,4,1,1,5,
16/06/2022,5,19:52,2,198.5,1,3,3,4,1,1,8,
16/06/2022,5,18:55,2,219.5,1,3,3,4,1,1,3,8
16/06/2022,5,16:30,2,152.5,2,2,3,4,1,1,7,
16/06/2022,5,17:45,2,256,2,2,3,4,1,1,7,
24/07/2022,1,9:30,2,218.9,2,3,2,4,1,1,1,
23/07/2022,7,14:25,2,177.8,2,3,3,4,1,1,6,
21/07/2022,5,18:50,2,216.41,1,3,3,4,1,1,7,
17/07/2022,1,11:40,2,221.1,2,4,2,4,1,1,15,
16/06/2022,5,7:50,2,237.4,2,3,2,4,1,1,1,
15/06/2022,4,23:29,2,223.5,2,4,4,4,1,1,11,
15/06/2022,4,19:12,2,111.8,1,4,3,4,1,1,5,
15/06/2022,4,17:30,2,108.5,1,4,2,4,1,1,10,
15/06/2022,4,6:22,2,262.4,2,2,2,4,1,1,1,
13/06/2022,2,21:45,2,205.5,2,2,2,4,1,1,1,
12/6/2022,1,14:30,2,162.5,2,3,2,4,1,1,8,
12/6/2022,1,12:42,2,191.1,1,2,4,4,1,1,8,
12/6/2022,1,12:29,2,101.8,2,3,2,4,1,1,8,
11/6/2022,7,23:32,2,161.9,2,3,3,4,1,1,1,
11/6/2022,7,19:30,2,183.2,2,2,4,4,1,1,1,7
11/6/2022,7,16:05,2,183,2,2,3,4,1,1,8,
10/6/2022,6,17:52,2,140.45,2,2,3,4,1,1,1,
10/6/2022,6,14:30,2,255.9,2,3,3,4,1,1,8,
10/6/2022,6,9:35,2,253.4,2,2,3,4,1,1,8,
9/6/2022,5,20:34,2,265.1,2,4,3,4,1,1,1,
9/6/2022,5,18:34,2,201.6,2,2,3,4,1,1,6,
9/6/2022,5,7:25,2,110.25,2,4,3,4,1,1,11,
8/6/2022,4,21:00,2,189.7,1,1,3,4,1,1,8,
8/6/2022,4,20:02,2,192.8,1,3,3,4,1,1,8,
8/6/2022,4,18:58,2,161.6,2,4,3,4,1,1,15,
8/6/2022,4,15:10,2,223.5,2,2,4,4,1,1,1,
8/6/2022,4,14:29,2,191.8,1,2,3,4,1,1,11,
8/6/2022,4,14:00,2,241.4,2,2,3,4,1,1,5,5
8/6/2022,4,8:56,2,224.4,1,2,3,4,1,1,8,
7/6/2022,3,3:52,2,118.9,2,4,3,4,1,1,5,5
24/07/2022,1,20:25,2,23.795,1,1,2,4,1,1,1,
21/07/2022,5,14:40,2,23.695,2,2,2,4,1,1,6,
20/07/2022,4,20:30,2,681.495,2,3,5,4,1,1,5,
20/07/2022,4,8:10,2,667.795,1,2,2,4,1,1,5,
20/07/2022,4,23:30,2,24.945,1,2,4,4,1,1,6,
20/07/2022,4,23:30,2,19.395,1,2,2,4,1,1,11,
16/07/2022,7,7:35,2,680.395,2,3,2,4,1,1,5,
15/07/2022,6,18:20,2,703.495,2,1,2,4,1,1,5,
14/07/2022,5,11:00,2,15.195,2,1,2,4,1,1,1,
12/7/2022,3,21:35,2,17.595,1,2,2,4,1,1,5,
11/7/2022,2,3:10,2,676.195,1,2,2,4,1,1,6,
11/7/2022,2,11:40,2,672.095,1,2,2,4,1,1,1,
10/7/2022,1,10:55,2,711.195,2,3,2,4,1,1,5,
9/7/2022,7,23:00,2,704.295,2,2,2,4,1,1,1,
6/6/2022,2,23:30,2,239.8,2,3,3,4,1,1,8,
23/07/2022,7,19:55,1,140.2,1,2,3,4,1,1,6,15
6/6/2022,2,23:29,2,157.3,2,4,4,4,1,1,11,
6/6/2022,2,23:28,2,277.4,1,2,3,4,1,1,5,8
6/6/2022,2,14:24,2,191.8,2,2,3,4,1,1,8,
6/6/2022,2,7:20,2,234.8,2,4,3,4,1,1,1,
6/6/2022,2,6:20,2,256.2,1,3,3,4,1,1,1,
5/6/2022,1,13:40,2,258.8,1,3,2,4,1,1,1,
5/6/2022,1,5:30,2,181.4,2,4,2,4,1,1,5,
22/07/2022,6,23:00,1,73.2,2,3,2,4,1,3,15,15
16/07/2022,7,14:25,2,248,2,3,2,4,1,1,5,
16/07/2022,7,11:55,2,199.595,1,3,2,4,1,1,6,
4/6/2022,7,21:20,2,196.5,1,4,2,4,1,1,10,
4/6/2022,7,9:40,2,236.6,2,4,2,4,1,1,1,
4/6/2022,7,1:07,2,159.2,2,3,2,4,1,1,11,
3/6/2022,6,18:30,2,137.2,1,3,2,4,1,1,9,
21/07/2022,5,11:35,1,55.24,1,4,2,4,1,1,5,
21/07/2022,5,10:35,2,56.94,2,3,2,4,1,1,5,
20/07/2022,4,14:15,2,70.1,2,4,2,4,1,5,1,
14/07/2022,5,16:20,2,183.2,2,3,4,4,1,1,6,
13/07/2022,4,18:15,2,234.4,2,2,3,4,1,1,6,
12/7/2022,3,15:20,2,175.4,1,3,1,4,1,1,6,
3/6/2022,6,12:01,2,106.6,1,2,2,4,1,1,1,
3/6/2022,6,8:16,2,200.2,2,4,2,4,1,1,1,
3/6/2022,6,5:44,2,283,1,4,2,4,1,1,5,5
19/07/2022,3,7:00,2,57.1,1,3,2,4,1,5,5,
18/07/2022,2,5:55,2,57.66,1,3,2,4,1,5,6,
17/07/2022,1,7:00,2,58.2,1,4,2,4,1,5,5,
16/07/2022,7,8:35,2,18.6,1,2,2,4,1,5,1,
15/07/2022,6,6:35,2,18.3,1,2,2,4,1,5,6,
14/07/2022,5,3:45,2,35.36,1,4,2,4,1,5,1,
2/6/2022,5,16:44,2,205.45,2,4,2,4,1,1,1,
13/07/2022,4,7:15,2,16.7,1,2,1,4,1,5,5,
12/7/2022,3,12:45,2,35.89,2,4,2,4,1,5,5,
11/7/2022,2,6:05,2,13.82,2,4,2,4,1,1,1,
10/7/2022,1,5:30,2,42.24,2,4,2,4,1,1,1,
2/6/2022,5,16:21,2,111.4,2,2,2,4,1,1,8,
2/6/2022,5,14:49,2,139.5,2,4,3,4,1,1,10,
2/6/2022,5,14:37,2,136.25,2,4,2,4,1,1,1,
2/6/2022,5,11:30,2,215.8,1,2,2,4,1,1,1,
2/6/2022,5,2:46,2,148,2,4,2,4,1,1,5,
1/6/2022,4,10:00,2,198.7,2,4,2,4,1,1,5,
1/6/2022,4,9:41,2,156,2,4,2,4,1,1,3,3
1/6/2022,4,13:22,2,229.4,2,4,2,4,1,1,5,
16/07/2022,7,1:00,2,70.97,2,4,3,4,1,3,15,
15/07/2022,6,17:05,2,63.85,2,2,2,4,1,3,1,6
14/07/2022,5,6:30,2,64.9,2,3,2,4,1,5,6,
13/07/2022,4,10:10,2,141.23,2,1,3,4,1,2,15,1
13/07/2022,4,10:10,2,141.23,2,1,3,4,1,2,15,1
13/07/2022,4,10:10,2,141.23,2,1,3,4,1,2,15,1
9/7/2022,7,19:15,2,16.7,1,2,1,4,1,5,5,
8/7/2022,6,12:45,2,35.89,2,4,2,4,1,5,5,
7/7/2022,5,18:10,2,13.82,2,4,2,4,1,5,1,
9/7/2022,7,17:15,2,222.02,1,2,4,4,1,1,11,
8/7/2022,6,1:25,2,103.38,2,2,2,4,1,1,1,15
6/7/2022,4,8:10,2,59.69,2,3,2,4,1,1,6,
5/7/2022,3,1:05,2,66.72,2,3,2,4,1,1,5,
4/7/2022,2,3:00,2,26.56,2,4,2,4,1,1,1,
13/06/2022,2,3:35,2,2.9,1,2,2,4,1,1,15,
9/6/2022,5,4:40,2,22,2,2,2,4,1,1,15,
6/6/2022,2,3:15,2,38.4,2,1,2,4,1,1,6,
8/7/2022,6,13:50,2,734.035,2,2,4,4,1,1,5,
4/6/2022,7,3:20,2,43.4,1,2,2,4,1,1,6,
6/7/2022,4,10:15,2,702.095,1,3,3,4,1,1,6,
1/6/2022,4,7:30,2,38.4,1,2,2,4,1,1,6,
6/7/2022,4,16:40,2,737.745,2,1,4,4,1,1,6,
5/7/2022,3,11:55,2,17.495,2,3,4,4,1,1,6,
2/7/2022,7,16:30,2,19.095,1,3,4,4,1,1,6,
29/06/2022,4,17:35,2,24.795,1,1,3,4,1,1,6,
27/06/2022,2,14:05,2,704.395,2,2,4,4,1,1,6,
26/06/2022,1,13:55,2,19.395,1,3,2,4,1,1,6,
9/7/2022,7,1:45,2,63.9,2,3,2,4,1,3,1,
7/7/2022,5,11:35,2,248,1,3,2,4,1,1,15,
6/7/2022,4,10:25,1,253,1,3,2,4,1,1,11,
2/7/2022,7,10:20,2,205.23,2,1,2,4,1,1,1,
1/7/2022,6,10:50,2,245.4,2,3,2,4,1,1,6,
29/06/2022,4,13:20,2,235.35,1,2,2,4,1,1,6,
24/06/2022,6,8:40,2,244.7,2,3,2,4,1,1,1,
22/06/2022,4,11:30,2,185.2,2,4,3,4,1,1,11,
22/06/2022,4,9:35,2,185.1,1,1,4,4,1,1,11,
20/06/2022,2,11:40,2,197.55,1,3,2,4,1,1,6,
19/06/2022,1,13:20,2,180.6,1,3,2,4,1,1,6,
18/06/2022,7,16:00,2,185.6,2,1,4,4,1,1,6,
16/06/2022,5,10:40,2,228.2,1,2,2,4,1,1,11,
15/06/2022,4,10:05,2,249.1,2,2,2,4,1,1,11,
8/6/2022,4,2:00,1,256.8,1,4,5,4,1,1,5,
5/6/2022,1,13:00,2,212.2,1,1,1,4,1,1,6,
7/7/2022,5,16:15,2,76.71,2,3,2,4,1,3,6,
1/6/2022,4,12:00,1,242.2,2,2,3,4,1,1,5,
3/7/2022,1,10:25,2,14.6,1,4,2,4,1,5,1,
3/7/2022,1,17:00,2,14.5,2,4,2,4,1,5,11,
3/7/2022,1,16:25,1,27.6,2,3,2,4,1,1,6,
2/7/2022,7,9:05,1,58.84,2,2,2,4,1,1,1,
1/7/2022,6,15:30,1,21.6,1,4,2,4,1,1,1,
1/7/2022,6,2:45,1,71.05,2,2,2,4,1,1,5,
25/06/2022,7,5:25,2,24,1,3,4,4,1,1,3,
24/06/2022,6,17:35,2,24.795,1,1,3,4,1,1,6,
23/06/2022,5,1:35,2,672.195,2,3,2,4,1,1,6,
22/06/2022,4,22:40,2,682.195,2,2,2,4,1,1,6,
21/06/2022,3,14:15,2,652.845,1,2,3,4,1,1,6,
20/06/2022,2,13:55,2,19.395,1,3,2,4,1,1,6,
19/06/2022,1,13:00,2,704.395,2,2,4,4,1,1,6,
30/06/2022,5,1:30,2,9.18,2,3,2,4,1,1,5,
29/06/2022,4,9:15,2,59,1,3,2,4,1,1,1,
28/06/2022,3,2:30,2,26.38,1,3,2,4,1,1,6,
27/06/2022,2,5:55,2,15.3,1,3,2,4,1,1,6,
26/06/2022,1,18:30,2,94.9,1,4,5,4,1,1,5,3
23/06/2022,5,0:05,2,55.95,1,4,2,4,1,1,5,
26/06/2022,1,20:40,1,23.32,2,3,2,4,1,1,6,
25/06/2022,7,12:00,1,25.34,1,3,2,4,1,1,6,
24/06/2022,6,15:45,1,26.96,1,2,2,4,1,5,5,
23/06/2022,5,14:40,1,14.5,2,4,2,4,1,5,5,
18/06/2022,7,18:30,2,15.045,2,3,4,4,1,1,1,
17/06/2022,6,5:30,2,18.395,2,1,2,4,1,1,1,
16/06/2022,5,7:45,2,707.395,1,2,4,4,1,1,5,
15/06/2022,4,12:35,2,19.945,1,2,4,4,1,1,6,
14/06/2022,3,15:40,2,15.195,2,3,4,4,1,1,6,
13/06/2022,2,12:05,2,737.695,2,3,4,4,1,1,5,
22/06/2022,4,14:05,1,91.68,2,4,2,4,1,5,1,
21/06/2022,3,20:10,1,43.96,2,3,2,4,1,1,1,
20/06/2022,2,18:20,1,44.54,2,4,2,4,1,1,1,
19/06/2022,1,17:15,1,1.5,1,3,2,4,1,1,6,
18/06/2022,7,7:30,2,55.05,1,4,2,4,1,1,5,5
15/06/2022,4,11:30,2,85.7,1,3,2,4,1,1,6,
18/06/2022,7,4:55,2,14.7,2,3,2,4,1,1,6,
17/06/2022,6,4:10,2,17.3,2,3,2,4,1,1,14,
16/06/2022,5,5:00,2,70,2,3,2,4,1,1,5,
15/06/2022,4,4:45,2,13.48,2,3,2,4,1,1,6,
14/06/2022,3,15:50,2,25.29,2,4,2,4,1,1,6,
13/06/2022,2,17:05,2,20.6,2,4,2,4,1,1,5,
13/06/2022,2,17:00,2,16.3,2,4,2,4,1,5,5,
12/6/2022,1,9:30,2,18.945,2,3,2,4,1,1,6,
11/6/2022,7,10:50,2,664.775,2,3,2,4,1,1,5,
10/6/2022,6,11:30,2,710.795,2,2,2,4,1,1,6,
9/6/2022,5,2:30,2,669.525,2,2,2,4,1,1,5,
8/6/2022,4,10:15,2,671.895,2,4,2,4,1,1,6,
7/6/2022,3,1:30,2,669.695,1,2,2,4,1,1,6,
6/6/2022,2,12:50,2,714.395,2,2,2,4,1,1,5,
5/6/2022,1,2:15,2,678.195,2,3,2,4,1,1,1,
4/6/2022,7,9:15,2,691.795,1,2,2,4,1,1,6,
3/6/2022,6,4:30,2,683.295,2,2,2,4,1,1,1,
2/6/2022,5,7:30,2,687.195,2,2,2,4,1,1,6,
1/6/2022,4,8:45,2,681.195,2,2,2,4,1,1,6,
12/6/2022,1,16:00,2,50.29,1,4,2,4,1,1,1,
12/6/2022,1,13:05,2,69.34,1,3,4,4,1,1,6,
11/6/2022,7,15:00,2,11,1,3,2,4,1,1,5,
10/6/2022,6,15:15,2,70.06,2,3,2,4,1,1,5,
8/6/2022,4,17:30,2,77.565,2,4,2,4,1,1,1,
7/6/2022,3,18:45,2,97.5,1,1,2,4,1,1,1,
1/9/2013,7,13:00,2,187.6,1,3,2,2,3,8,1,
4/9/2013,3,15:25,2,152.3,2,4,3,2,6,12,5,
9/9/2013,1,0:40,2,177.8,1,4,3,2,6,12,5,
11/9/2013,3,7:30,2,186.8,2,3,2,2,3,8,1,
17/09/2013,2,13:00,2,173.4,2,4,4,3,4,7,1,
19/09/2013,4,10:15,2,238.3,1,3,3,4,4,8,1,
19/09/2013,4,23:40,2,209.6,1,2,3,2,6,12,5,
20/09/2013,5,8:15,2,214,2,2,1,1,4,12,1,
26/09/2013,4,22:15,2,226,2,3,3,2,5,12,6,5
27/09/2013,5,18:25,2,178.2,2,3,2,2,3,8,5,
29/09/2013,7,6:30,2,176.6,2,3,3,2,5,8,5,7
30/09/2013,1,18:45,2,169.9,1,4,2,3,6,12,5,
1/10/2013,2,23:00,2,198.8,2,4,2,2,7,9,1,7
2/10/2013,3,17:30,2,237.9,2,1,3,2,1,4,1,
2/10/2013,3,12:30,2,178.5,1,3,3,2,4,9,5,
3/10/2013,4,7:15,2,178.4,2,3,2,2,1,10,5,8
3/10/2013,4,15:40,2,237.8,2,2,2,2,2,4,1,
4/10/2013,5,18:40,2,213.8,2,2,1,2,2,9,2,1
7/10/2013,1,6:00,2,221.2,2,2,2,2,7,5,5,2
10/10/2013,4,11:40,2,226,2,1,3,2,3,10,1,7
10/10/2013,4,17:18,2,204,2,2,4,2,1,9,6,6
10/10/2013,4,10:05,2,197.05,2,4,3,2,8,4,1,
12/10/2013,6,18:50,2,219.8,1,3,2,2,1,10,1,5
12/10/2013,6,9:40,2,220.4,2,2,3,2,4,5,5,
13/10/2013,7,4:50,2,202.6,2,4,2,2,4,9,1,2
14/10/2013,1,8:30,2,224.1,2,4,3,2,2,4,2,
15/10/2013,2,9:30,2,203.6,2,4,2,2,1,4,5,1
15/10/2013,2,9:45,2,223,1,4,3,2,8,2,1,
15/10/2013,2,7:30,2,203.6,2,2,4,2,2,2,5,
15/10/2013,2,11:00,2,247,1,4,2,2,1,1,5,5
16/10/2013,3,12:30,2,187.4,1,4,3,2,2,9,1,5
16/10/2013,3,14:30,2,247.6,1,4,2,2,2,9,5,1
18/10/2013,5,18:00,2,179.6,2,4,3,2,1,9,5,
19/10/2013,6,0:35,2,171.6,2,2,2,2,1,12,6,1
20/10/2013,7,1:10,2,210.4,2,4,3,2,3,4,5,
20/10/2013,7,8:20,2,186.6,1,2,2,2,4,1,5,5
22/10/2013,2,21:15,2,237.2,1,1,3,2,4,4,6,5
23/10/2013,3,14:20,2,173.8,1,1,2,2,1,2,1,
23/10/2013,3,18:30,2,223.4,1,2,3,2,4,4,6,
24/10/2013,4,4:45,2,216,1,3,2,2,2,1,1,
21/10/2013,1,6:30,2,187.5,2,3,2,2,1,2,2,1
27/10/2013,7,22:40,2,180.6,2,4,2,2,1,8,5,
29/10/2013,2,7:45,2,213,1,2,2,2,7,10,6,
30/10/2013,3,8:20,2,213.6,1,2,2,2,1,4,6,
1/11/2013,5,11:30,2,163.7,1,1,3,2,1,9,5,6
4/11/2013,1,9:45,2,176.6,1,3,2,2,4,10,1,6
5/11/2013,2,8:00,2,177.6,1,4,3,2,4,9,1,1
6/11/2013,3,9:15,2,175,2,2,2,2,1,8,6,12
6/11/2013,3,14:30,2,157.2,2,1,3,1,1,9,6,
6/11/2013,3,13:30,2,220.8,1,3,2,2,2,8,1,1
6/11/2013,3,8:30,2,155.4,1,1,2,2,1,10,10,1
7/11/2013,4,5:31,2,166.9,1,4,2,2,2,8,1,
11/11/2013,1,16:40,2,247.1,1,4,3,2,1,8,2,7
12/11/2013,2,19:45,2,156.4,1,4,3,2,2,10,5,10
12/11/2013,2,20:10,2,236.5,1,4,2,2,8,9,5,
13/11/2013,3,7:50,2,176.85,1,4,2,2,1,10,2,1
13/11/2013,3,10:20,2,232.4,2,1,3,2,4,10,6,
14/11/2013,4,9:14,2,189.9,2,4,2,2,6,2,5,7
15/11/2013,5,11:30,2,225.8,2,2,3,2,4,2,1,6
15/11/2013,5,12:15,2,220,2,2,3,2,1,9,1,7
16/11/2013,6,8:15,2,207.8,1,2,2,2,4,10,5,2
16/11/2013,6,16:00,2,231.2,1,2,3,2,8,10,6,1
18/11/2013,1,12:30,2,238.8,2,1,2,2,4,2,6,
18/11/2013,1,10:00,2,197.8,1,1,3,2,4,2,6,7
19/11/2013,2,7:15,2,228,1,2,3,2,1,10,1,
19/11/2013,2,11:40,2,204.5,2,2,2,2,8,10,6,1
19/11/2013,2,16:30,2,176.6,2,3,3,2,1,2,6,
24/11/2013,7,10:10,2,194,1,2,3,2,1,10,6,5
27/11/2013,3,11:30,2,187.1,1,2,4,1,1,9,9,
28/11/2013,4,15:30,2,172.4,1,2,4,2,1,10,6,
29/11/2013,5,6:10,2,216,2,2,3,2,8,10,1,5
29/11/2013,5,9:00,2,216.8,1,2,2,2,4,2,5,
29/11/2013,5,8:30,2,195.3,2,4,2,2,1,2,5,
30/11/2013,6,10:50,2,165.8,2,2,2,2,1,2,6,
2/12/2013,1,5:20,2,188.2,1,3,3,2,4,9,5,6
2/12/2013,1,12:00,2,228.2,2,2,2,2,3,10,7,
3/12/2013,2,12:59,2,220.8,2,3,3,2,6,10,6,
4/12/2013,3,5:20,2,232.8,2,2,3,2,3,8,6,
5/12/2013,4,11:30,2,153.3,1,4,3,2,6,10,1,
7/12/2013,6,4:30,2,176.3,1,3,2,2,3,9,5,
7/12/2013,6,10:25,2,187.5,2,4,3,2,4,10,5,1
7/12/2013,6,12:20,2,235.2,2,2,2,2,3,8,2,6
10/12/2013,2,9:40,2,231.2,1,3,2,2,1,10,5,1
10/12/2013,2,1:45,2,221.2,2,4,3,2,4,12,3,5
11/12/2013,3,8:40,2,222.9,1,2,2,2,3,10,5,2
12/12/2013,4,6:40,2,161.7,2,3,3,1,6,10,6,
12/12/2013,4,9:45,2,181,1,3,2,2,4,8,6,
12/12/2013,4,7:00,2,222.9,1,4,2,2,5,8,5,
12/12/2013,4,11:05,2,214,2,2,3,2,2,9,5,10
13/12/2013,5,4:05,2,205.8,2,1,2,2,4,10,11,
14/12/2013,6,10:40,2,186.2,1,2,3,2,2,9,5,5
15/12/2013,7,6:00,2,222.4,1,4,2,2,6,8,1,
16/12/2013,1,11:25,2,172,1,3,2,2,4,10,1,1
16/12/2013,1,11:40,2,226.2,1,2,3,1,4,8,11,
18/12/2013,3,3:30,2,177.2,1,4,3,2,1,9,5,
21/12/2013,6,10:00,2,179.1,2,1,2,2,4,8,1,
22/12/2013,7,6:30,2,226.35,1,2,3,1,2,8,3,3
23/12/2013,1,11:10,2,153.8,2,2,2,2,4,10,5,1
24/12/2003,1,1:45,2,229,1,3,3,2,2,9,1,
24/12/2013,2,7:15,2,193.6,2,3,2,2,4,10,1,3
26/12/2013,4,8:32,2,185,1,3,3,2,2,9,6,
26/12/2013,4,11:00,2,229.5,1,3,3,2,6,8,1,1
27/12/2013,5,1:30,2,152.2,1,3,3,2,4,12,6,
27/12/2013,5,7:50,2,199,1,2,2,2,1,12,1,
28/12/2013,6,1:20,2,240,2,3,3,2,1,8,6,
28/12/2013,6,9:00,2,239,1,4,2,2,2,10,5,
28/12/2013,6,11:30,2,229.2,1,4,2,2,1,9,2,3
28/12/2013,6,6:10,2,230,2,4,3,2,6,12,5,
30/12/2013,1,11:10,2,185.5,2,3,2,2,5,8,6,
31/12/2013,2,12:20,2,211.5,1,1,3,2,1,12,5,
31/12/2013,2,8:30,2,210.6,2,2,3,2,1,9,5,5
1/1/2014,3,12:10,2,171.7,1,3,2,1,1,9,1,
2/1/2014,4,5:30,2,178.65,2,3,2,1,2,9,6,
2/1/2014,4,5:20,2,233.1,1,2,2,2,2,10,5,8
3/1/2014,5,8:45,2,242.2,1,3,3,2,4,12,6,
4/1/2014,6,5:35,2,157.6,1,4,4,2,4,12,1,
4/1/2014,6,10:00,2,182.2,1,4,4,2,5,9,10,14
4/1/2014,6,4:30,2,210.2,2,4,4,2,2,12,5,
5/1/2013,6,3:10,2,181.9,2,3,2,2,2,9,1,7
5/1/2013,6,4:00,2,181.8,1,3,2,2,4,10,6,
6/1/2013,7,8:00,2,244.4,2,3,2,2,4,12,5,3
8/1/2014,3,3:30,2,225.2,1,4,2,2,5,9,1,5
9/1/2014,4,11:00,2,165.8,2,4,2,2,1,12,5,
10/1/2014,5,10:40,2,220.2,1,4,3,2,2,10,1,10
10/1/2014,5,6:20,2,225.2,1,2,3,2,4,9,7,1
11/1/2014,6,9:40,2,224.6,1,3,2,2,4,12,6,
12/1/2014,7,6:40,2,241.6,2,2,3,2,4,10,6,5
13/01/2014,1,1:00,2,220,2,3,3,2,2,9,5,5
13/01/2014,1,7:15,2,225.6,1,2,2,2,4,9,6,6
15/01/2014,3,4:30,2,188.2,2,4,3,1,4,12,5,
15/01/2014,3,9:30,2,185.4,1,4,2,1,2,9,5,
16/01/2014,4,8:40,2,195.6,1,4,2,2,4,9,1,
17/01/2014,5,8:05,2,185.4,1,3,2,2,4,10,6,
17/01/2014,5,5:40,2,227.4,1,4,2,2,4,10,1,
18/01/2014,6,1:00,2,240.2,1,4,2,2,2,10,1,
18/01/2014,6,1:30,2,204.4,1,4,2,2,2,9,5,
19/01/2014,7,7:15,2,155.6,1,3,2,2,5,8,6,
19/01/2014,7,9:10,2,229.5,1,4,2,2,2,9,5,
20/01/2014,1,0:30,2,225.5,1,3,2,2,2,8,5,3
20/01/2014,1,5:30,2,184.8,2,3,2,2,5,9,6,1
20/01/2014,1,7:40,2,241.2,2,2,2,2,5,8,6,6
21/01/2014,2,12:15,2,215.9,1,1,2,2,4,9,5,
25/01/2014,6,5:00,2,178.1,1,2,3,2,4,10,6,
25/01/2014,6,12:15,2,223.2,1,2,3,2,4,9,2,6
25/01/2014,6,12:50,2,212.8,2,3,2,2,5,10,2,6
26/01/2014,7,3:15,2,249.6,2,3,2,2,1,9,5,6
28/01/2014,2,1:15,2,181.2,1,1,3,2,1,9,11,
29/01/2014,3,7:35,2,156.6,2,4,3,2,4,9,10,5
29/01/2014,3,12:00,2,231.2,1,4,2,2,2,9,10,1
29/01/2014,3,1:00,2,231.9,1,4,2,2,1,9,10,14
29/01/2014,3,8:10,2,227.3,1,2,2,3,2,10,6,
29/01/2014,3,9:10,2,225.9,1,3,2,2,2,9,3,5
31/01/2014,5,6:40,2,237.6,1,3,2,2,4,9,2,
31/01/2014,5,11:35,2,232,1,3,2,3,1,8,1,
1/2/2014,6,12:50,2,179.9,1,2,1,2,4,9,11,
1/2/2014,6,1:30,2,209.4,2,3,2,2,4,8,5,10
2/2/2014,7,1:15,2,177.5,2,3,3,2,8,10,5,14
2/2/2014,7,6:10,2,204.4,2,4,2,2,4,9,5,
2/2/2014,7,5:20,2,222.4,1,3,2,2,4,10,14,
6/2/2014,4,4:45,2,227.9,1,4,2,2,4,9,1,1
9/2/2014,7,10:10,2,228.6,2,1,2,4,4,10,6,5
12/2/2014,3,10:30,2,192.3,2,3,2,2,8,9,1,5
13/02/2014,4,5:30,2,181.9,1,3,3,1,4,8,1,5
15/02/2014,6,6:50,2,229.6,2,3,2,4,1,10,1,5
15/02/2014,6,7:50,2,179.7,2,3,2,4,4,10,6,5
15/02/2014,6,1:05,2,251,1,4,1,2,2,8,5,
16/02/2014,7,6:45,2,217.3,1,3,2,4,4,10,6,1
18/02/2014,2,5:07,2,191.6,1,3,1,2,2,9,5,
19/02/2014,3,12:30,2,241.7,2,4,1,4,2,8,1,
21/02/2014,5,9:20,2,245.8,2,3,2,4,4,10,7,6
23/02/2014,7,8:30,2,152.5,1,3,3,4,3,4,1,1
25/02/2014,2,4:55,2,158,2,3,3,2,2,8,6,5
28/02/2014,5,1:05,2,229.6,2,3,1,4,4,9,6,
2/3/2014,7,1:40,2,205.6,1,4,3,2,4,10,11,
5/3/2014,3,12:10,2,190.6,1,3,2,2,2,3,11,
8/3/2014,6,9:15,2,174.4,2,1,1,2,4,9,11,
9/3/2014,7,9:00,2,214.6,1,3,1,2,4,8,11,
11/3/2014,2,8:00,2,206.2,2,4,1,2,1,9,11,
12/3/2014,3,4:25,2,152.3,1,4,1,2,1,8,11,
13/03/2014,4,3:45,2,199.7,2,3,2,2,1,10,11,
14/03/2014,5,7:30,2,154.1,1,3,2,2,4,10,11,
15/03/2014,6,5:15,2,190.5,1,3,1,2,1,10,11,
15/02/2014,6,8:45,2,237.8,1,2,2,2,4,10,11,
16/03/2014,7,12:00,2,195.5,2,3,2,2,1,9,11,
17/03/2014,1,2:40,2,246.2,2,3,2,2,4,9,11,
18/03/2014,2,7:15,2,177.6,1,4,1,2,2,9,11,
19/03/2014,3,7:25,2,238,2,3,2,2,1,10,11,
21/03/2014,5,5:50,2,177,2,3,2,2,4,3,11,
21/03/2014,5,4:05,2,225.7,2,3,2,2,2,10,11,
23/03/2014,7,3:25,2,241.8,2,3,1,2,4,10,11,
25/03/2014,2,4:30,2,154.95,1,3,2,2,2,3,11,
26/03/2014,3,6:30,2,214.2,1,4,2,2,4,10,11,
27/03/2014,4,12:30,2,191.6,1,2,2,2,4,8,11,
27/03/2014,4,5:00,2,246.6,2,3,1,2,2,10,11,
28/03/2014,5,4:35,2,233,2,3,2,2,4,3,11,
29/03/2014,6,10:40,2,197.4,2,2,2,2,2,9,11,
1/4/2014,2,10:30,2,220.9,2,3,2,2,4,10,1,
2/4/2014,3,2:30,2,173.8,1,2,2,2,4,9,6,1
3/4/2014,4,4:32,2,208.8,2,3,3,2,1,8,1,5
5/4/2014,6,11:00,2,184,1,3,4,2,4,9,11,
7/4/2014,1,5:45,2,188.2,1,3,2,2,1,9,1,1
9/4/2014,3,9:30,2,168.8,1,3,2,2,4,8,6,
10/4/2014,4,6:53,2,215.4,1,2,2,2,4,10,6,5
11/4/2014,5,3:45,2,168.8,2,4,2,2,4,10,5,
13/04/2014,7,12:50,2,168,2,3,2,2,4,10,6,
16/04/2014,3,8:10,2,187.7,2,3,2,2,1,9,5,5
16/04/2014,3,10:45,2,185.8,2,3,2,2,1,9,6,
16/04/2014,3,9:15,2,240.8,2,4,2,2,4,3,5,2
16/04/2014,3,10:15,2,234.1,2,3,2,2,4,9,6,6
17/04/2014,4,4:00,2,231.8,1,3,2,2,4,9,6,
18/04/2014,5,10:30,2,215.8,1,3,2,2,1,10,11,
18/04/2014,5,3:50,2,231.8,2,3,2,2,1,10,6,
17/04/2014,4,4:45,2,192.4,1,3,2,2,4,9,1,
20/04/2014,7,2:25,2,237.1,1,3,2,2,4,10,6,
22/04/2014,2,11:50,2,194.1,1,3,2,2,1,10,6,
22/04/2014,2,8:00,2,239.2,2,3,2,2,4,9,1,
24/04/2014,4,7:10,2,178.6,2,3,2,2,4,10,1,
24/04/2014,4,1:30,2,176.8,1,3,3,2,1,9,1,7
25/04/2014,5,3:00,2,173.2,1,1,3,2,1,10,14,6
25/04/2014,5,2:00,2,217.6,1,3,3,2,4,9,5,5
25/04/2014,5,2:40,2,218.2,1,3,2,2,1,10,1,6
25/04/2014,5,5:30,2,211.6,1,4,2,2,4,10,5,
26/04/2014,6,2:45,2,215.5,2,3,2,2,1,9,3,5
26/04/2014,6,6:30,2,215,1,3,3,2,4,10,10,10
27/04/2014,7,8:45,2,232.6,2,3,3,2,4,10,6,
27/04/2014,7,4:25,2,232.6,2,3,3,2,4,10,2,
1/5/2014,4,6:00,2,173.1,2,3,2,2,1,9,1,6
1/5/2014,4,4:30,2,226.8,2,3,2,2,4,9,1,5
2/5/2014,5,10:35,2,229,1,3,3,2,1,10,7,6
3/5/2014,6,8:00,2,241.6,2,3,2,2,4,7,6,7
4/5/2014,7,10:15,2,214.8,1,3,2,2,4,9,5,6
7/5/2014,3,10:20,2,227,2,3,3,2,1,10,1,
8/5/2014,4,10:25,2,213.8,2,4,3,2,1,7,3,1
10/5/2014,6,9:15,2,227.8,1,3,2,2,4,10,6,12
10/5/2014,6,6:20,2,235,2,1,2,2,1,10,6,6
13/05/2014,2,6:10,2,230.6,2,3,2,2,1,9,6,
14/05/2014,3,8:10,2,171.4,1,4,2,2,1,10,1,
14/05/2014,3,9:40,2,173.4,2,1,2,2,4,9,5,
15/05/2014,4,4:35,2,193.8,1,3,2,2,3,7,3,
17/05/2014,6,9:10,2,221.2,1,4,2,2,1,10,1,
19/05/2014,1,6:30,2,227,2,1,2,2,2,10,1,1
20/05/2014,2,1:05,2,250.4,1,4,3,2,1,7,5,1
1/6/2014,7,4:28,2,185.2,2,3,2,2,4,10,6,6
1/6/2014,7,4:30,2,207,1,3,2,2,4,10,3,5
4/6/2014,3,3:40,2,191.6,1,4,2,2,2,9,3,
4/6/2014,3,5:35,2,211.5,1,3,2,2,4,12,6,1
7/6/2014,6,10:05,2,215.3,2,4,3,2,4,9,1,
8/6/2014,7,12:25,2,187.8,2,3,2,2,2,10,5,1
8/6/2014,7,5:20,2,225.1,1,3,2,2,4,9,5,1
10/6/2014,2,9:15,2,168.5,2,3,3,2,2,10,2,1
10/6/2014,2,11:05,2,215.7,2,1,2,2,4,9,5,6
10/6/2014,2,3:45,2,236.5,1,3,2,2,4,10,5,1
12/6/2014,4,4:50,2,241.8,1,4,2,2,2,10,14,6
13/06/2014,5,11:20,2,183.2,1,3,3,2,4,10,6,
14/06/2014,6,7:45,2,182.6,2,3,2,2,2,9,6,
14/06/2014,6,8:30,2,186.6,2,3,3,2,4,9,5,6
14/06/2014,6,4:40,2,215.4,2,3,2,2,2,10,5,5
15/06/2014,7,12:25,2,218.1,1,4,2,2,2,9,1,6
17/06/2014,2,12:15,2,242.5,2,3,2,2,2,10,5,1
18/06/2014,3,8:30,2,240,2,3,3,2,2,8,6,
19/06/2014,4,11:30,2,245.6,1,3,3,2,2,2,5,5
20/06/2014,5,4:30,2,170,2,3,2,2,2,9,6,1
20/06/2014,5,5:30,2,234.05,1,3,2,2,2,10,6,5
21/06/2014,6,8:32,2,173.8,2,1,2,2,2,10,6,1
22/06/2014,7,10:20,2,236.85,2,4,3,2,2,9,5,
23/06/2014,1,12:40,2,204.9,1,4,3,2,2,9,5,
23/06/2014,1,9:10,2,206,1,4,3,2,2,10,5,
25/06/2014,3,5:05,2,250.15,1,4,3,2,2,9,5,
26/06/2014,4,12:45,2,215,2,3,2,2,2,10,1,5
27/06/2014,5,1:30,2,230.2,1,3,3,2,4,10,1,6
27/06/2014,5,10:30,2,214.2,2,4,3,2,4,8,1,5
28/06/2014,6,1:00,2,151,1,1,2,2,4,9,11,
28/06/2014,6,6:15,2,201.7,2,4,3,2,4,10,11,
29/06/2014,7,2:30,2,163.2,2,4,2,2,2,9,2,
29/06/2014,7,3:25,2,154.1,1,3,2,2,2,8,11,
29/06/2014,7,3:15,2,220,1,4,2,2,2,10,4,1
29/06/2014,7,7:20,2,212.7,1,2,2,2,2,9,11,
30/06/2014,1,7:20,2,219.8,1,2,2,2,2,10,5,6
2/7/2014,3,13:40,2,156,1,4,3,2,4,1,1,
3/7/2014,4,22:00,2,229,2,3,4,2,2,8,1,
5/7/2014,6,2:30,2,183.6,1,2,3,2,1,10,1,5
6/7/2014,7,0:05,2,226.35,1,1,3,2,4,10,1,1
7/7/2014,1,1:50,2,220,2,4,2,2,1,2,6,6
9/7/2014,3,17:35,2,177,1,3,2,2,4,8,3,
10/7/2014,4,22:35,2,233.1,1,3,3,2,4,7,5,
12/7/2014,6,20:30,2,178.2,2,3,4,2,2,8,5,
13/07/2014,7,17:15,2,155.4,2,3,3,2,2,9,6,
15/07/2014,2,14:00,2,244.6,1,3,4,2,4,7,1,
16/07/2014,3,4:40,2,222.5,2,1,4,2,4,10,1,6
17/07/2014,4,18:50,2,223.2,2,3,1,2,4,8,1,6
18/07/2014,5,20:10,2,221.6,2,3,1,2,4,6,3,
19/07/2014,6,5:30,2,185.7,2,3,2,2,2,10,1,3
20/07/2014,7,13:00,2,230.2,2,3,4,2,1,1,1,6
21/07/2014,1,22:55,2,220.8,2,3,2,2,1,8,6,
23/07/2014,3,22:30,2,219.4,2,4,2,2,1,8,1,6
24/07/2014,4,15:40,2,236.5,1,3,4,2,4,1,1,6
26/07/2014,6,21:10,2,219,1,3,1,2,1,9,6,
28/07/2014,1,1:30,2,243.9,1,4,4,2,4,1,1,
29/07/2014,2,12:30,2,178.5,1,2,4,2,4,10,3,5
30/07/2014,3,15:45,2,177.8,2,3,2,2,4,8,5,6
31/07/2014,4,18:50,2,222.4,1,2,2,2,2,10,5,
7/8/2014,4,5:30,2,199.2,1,4,3,2,4,1,11,6
9/8/2014,6,0:45,2,190,1,2,1,2,4,10,6,6
9/8/2014,6,14:10,2,241.5,2,4,3,2,2,1,1,1
10/8/2014,7,10:50,2,173,1,3,2,2,4,10,5,1
11/8/2014,1,5:30,2,189.3,1,3,4,2,4,2,9,5
14/08/2014,4,13:45,2,164.5,1,3,3,1,4,10,5,6
19/08/2014,2,0:30,2,151.5,1,2,4,2,4,9,5,6
20/08/2014,3,14:00,2,179.6,2,1,4,2,4,10,3,6
20/08/2014,3,19:10,2,187.5,2,2,3,2,4,1,14,1
20/08/2014,3,18:20,2,224.6,1,2,3,2,4,9,7,1
20/08/2014,3,19:20,2,238,1,3,3,2,4,1,5,6
21/08/2014,4,21:40,2,152.3,1,3,2,2,4,1,1,
22/08/2014,5,13:30,2,156.8,1,2,2,2,4,1,1,6
22/08/2014,5,17:40,2,180.4,1,3,2,2,4,1,6,
22/08/2014,5,18:25,2,181.8,1,2,2,2,4,9,5,
24/08/2014,7,14:55,2,229.8,1,3,3,2,4,1,1,
26/08/2014,2,20:05,2,178.1,1,3,1,2,2,8,8,5
26/08/2014,2,9:30,2,223.8,2,1,3,2,4,10,5,6
28/08/2014,4,9:45,2,151.4,2,4,4,2,4,1,7,12
29/08/2014,5,2:15,2,160,1,3,3,2,3,9,9,5
29/08/2014,5,10:51,2,152.2,1,3,2,2,2,12,5,6
31/08/2014,7,12:00,2,181.2,2,4,2,2,4,12,5,2
5/9/2014,5,13:25,2,182.2,2,2,3,2,2,1,5,
6/9/2014,6,22:00,2,179.4,1,2,2,2,4,4,14,
6/9/2014,6,23:00,2,225.2,1,4,2,2,4,10,1,1
6/9/2014,6,12:00,2,232,1,4,4,2,4,10,5,6
7/9/2014,7,20:10,2,183.7,2,2,1,2,4,8,9,5
9/9/2014,2,10:15,2,167.3,2,3,4,2,1,4,5,
9/9/2014,2,17:30,2,157.7,1,3,2,2,4,1,5,1
10/9/2014,3,11:15,2,201.6,1,2,3,2,2,3,1,6
10/9/2014,3,18:55,2,151.6,2,2,2,2,3,1,14,6
11/9/2014,4,8:20,2,235,2,1,1,2,1,3,1,6
11/9/2014,4,13:40,2,240,1,3,3,2,4,10,1,6
13/09/2014,6,14:45,2,221.2,2,2,1,2,1,1,3,14
18/09/2014,4,8:20,2,204,1,4,1,2,3,3,6,
18/09/2014,4,11:45,2,200,1,2,2,2,5,2,1,1
18/09/2014,4,13:25,2,214.5,2,2,3,2,3,10,5,14
18/09/2014,4,14:25,2,171.9,2,2,1,2,1,3,6,
19/09/2014,5,2:30,2,230.2,2,2,3,2,3,3,5,1
19/09/2014,5,18:30,2,170,2,2,4,2,4,10,1,5
23/09/2014,2,17:30,2,152.3,1,3,2,2,3,1,6,5
23/09/2014,2,19:30,2,207.6,2,4,1,2,1,12,1,5
24/09/2014,3,15:45,2,193.35,1,3,2,2,1,2,1,5
26/09/2014,5,19:55,2,150.6,2,3,2,2,4,3,5,
26/09/2014,5,14:45,2,218,1,3,3,2,2,10,6,6
27/09/2014,6,14:40,2,173.8,2,3,1,2,1,3,1,
3/10/2014,5,11:00,2,223.2,1,3,4,2,2,1,14,14
5/10/2014,7,9:30,2,203,2,3,2,2,3,3,5,5
5/10/2014,7,21:20,2,203,2,4,3,2,4,2,6,5
5/10/2014,7,19:15,2,218.4,2,3,1,2,4,1,6,6
6/10/2014,1,21:35,2,238.25,1,4,2,2,3,3,14,3
13/10/2014,1,21:30,2,204,1,3,2,2,3,3,6,
16/10/2014,4,17:10,2,210.8,1,4,3,2,2,1,9,5
16/10/2014,4,19:31,2,220.4,1,1,1,2,4,1,5,
16/10/2014,4,23:45,2,246,2,3,4,2,2,3,14,5
18/10/2014,6,4:43,2,231,2,1,4,2,1,3,2,1
21/10/2014,2,5:40,2,168.4,2,1,3,2,4,11,9,11
21/10/2014,2,8:15,2,217,1,4,4,2,3,3,11,6
21/10/2014,2,9:35,2,242,2,4,4,2,1,2,1,5
22/10/2014,3,15:03,2,193.6,1,3,2,2,3,3,9,11
23/10/2014,4,6:30,2,196.6,2,3,2,2,4,12,14,
11/1/2014,6,16:20,2,195.65,1,4,2,4,1,11,14,
11/5/2014,7,14:40,2,176.8,1,2,3,4,4,3,1,11
11/5/2014,7,22:10,2,210.4,2,3,4,4,3,3,5,5
11/7/2014,5,10:25,2,216.5,1,3,1,4,2,2,5,5
11/9/2014,4,5:00,2,204,1,3,1,4,4,11,6,1
11/9/2014,4,21:45,2,180,2,3,4,4,2,1,5,
11/10/2014,6,19:30,2,243.6,2,3,1,4,2,2,6,
11/11/2014,2,20:55,2,187.8,2,3,2,4,3,1,6,
15/11/2014,6,18:54,2,173.6,1,2,3,4,4,2,6,
15/11/2014,6,22:15,2,241.6,2,3,3,4,2,2,6,
17/11/2014,1,8:30,2,171,2,1,4,4,1,3,5,6
18/11/2014,2,8:40,2,185.4,2,2,2,4,4,3,9,11
18/11/2014,2,13:30,2,188.2,2,1,3,4,4,2,5,7
19/11/2014,3,18:15,2,183.7,2,3,2,4,3,2,6,7
19/11/2014,3,20:30,2,186.8,2,1,2,4,1,1,6,11
20/11/2014,4,12:30,2,178.7,2,2,4,4,4,2,9,14
21/11/2014,5,4:03,2,187.6,2,3,3,4,2,11,1,
22/11/2014,6,1:20,2,197.4,1,4,3,4,3,11,10,6
22/11/2014,6,12:30,2,232.3,2,3,4,4,1,2,9,11
23/11/2014,7,11:35,2,236.5,1,4,4,4,2,1,5,14
26/11/2014,3,13:25,2,188,2,3,4,4,4,2,2,
26/11/2014,3,10:25,2,197.05,1,3,4,4,2,2,6,1
28/11/2014,5,17:45,2,198.6,2,4,2,4,3,3,1,
29/11/2014,6,12:15,2,208.1,2,3,2,4,1,1,3,14
30/11/2014,7,14:45,2,214,2,1,2,4,4,11,1,5
30/11/2014,7,9:05,2,187.6,2,3,3,4,2,3,5,
1/1/2015,4,19:55,2,167.5,1,1,1,4,1,2,5,6
2/1/2015,5,18:50,2,238.2,2,3,3,4,2,1,6,11
3/1/2015,6,20:05,2,177.3,1,3,2,4,4,3,5,1
4/1/2015,7,23:15,2,183.6,1,2,3,4,3,3,6,11
5/1/2015,1,19:15,2,152.5,1,2,3,4,2,2,6,9
6/1/2015,2,15:10,2,189.65,1,3,2,4,1,1,1,
6/1/2015,2,18:55,2,179,1,3,2,4,3,2,6,11
10/1/2015,6,16:20,2,180,1,3,2,4,4,1,6,1
12/1/2015,1,16:30,2,176,1,4,4,4,4,2,6,
12/1/2015,1,17:30,2,210.8,1,2,3,4,8,2,6,
12/1/2015,1,21:30,2,226,1,3,2,4,1,1,6,
15/01/2015,4,17:40,2,218,1,3,2,4,7,1,1,11
17/01/2015,6,20:15,2,156.5,2,3,4,4,3,2,6,1
18/01/2015,7,1:30,2,168.8,1,3,4,2,3,3,1,6
18/01/2015,7,13:20,2,173.1,2,2,2,4,2,2,6,
18/01/2015,7,20:40,2,220,2,3,4,4,1,1,1,
21/01/2015,3,18:30,2,238.1,1,3,2,4,6,2,1,
24/01/2015,6,20:30,2,152.4,1,3,2,4,2,1,1,6
26/01/2015,1,15:30,2,193.9,1,4,3,4,7,1,6,6
26/01/2015,1,21:15,2,152.1,1,1,2,4,2,2,6,
26/01/2015,1,9:00,2,224.9,1,1,2,4,3,1,6,11
28/01/2015,3,13:15,2,180.3,1,2,2,4,5,2,1,1
28/01/2015,3,17:15,2,160,1,4,4,4,1,4,5,10
28/01/2015,3,18:05,2,166.6,2,3,2,2,2,3,1,
28/01/2015,3,6:45,2,235,1,3,3,4,6,1,6,6
28/01/2015,3,20:00,2,242,1,3,4,4,4,2,3,5
31/01/2015,6,13:05,2,189.3,1,1,3,4,3,3,6,6
31/01/2015,6,20:40,2,168.9,1,2,1,2,2,1,1,6
2/2/2015,1,13:30,2,215,1,1,1,4,1,2,5,6
2/2/2015,1,16:30,2,236.2,2,3,3,4,2,1,1,6
2/2/2015,1,19:45,2,236.8,1,3,2,4,4,3,6,
3/2/2015,2,17:40,2,236.6,2,3,3,4,3,3,6,5
4/2/2015,3,3:30,2,214.1,2,3,3,4,2,2,6,1
6/2/2015,5,17:15,2,167,1,4,2,4,1,1,1,1
7/2/2015,6,7:15,2,152.4,1,3,2,4,3,2,6,
10/2/2015,2,19:30,2,166.1,1,3,2,4,4,1,11,1
10/2/2015,2,23:20,2,200.7,2,4,4,4,4,2,10,
12/2/2015,4,17:00,2,242.1,1,3,3,4,8,2,10,
14/02/2015,6,6:30,2,191.7,1,3,2,4,1,1,6,
14/02/2015,6,18:20,2,151,1,4,2,4,7,1,1,1
16/02/2015,1,2:10,2,191,2,4,4,4,3,2,11,1
17/02/2015,2,19:05,2,180.5,2,2,4,2,3,3,1,
18/02/2015,3,10:00,2,152.4,1,1,4,4,1,1,1,
18/02/2015,3,12:30,2,221,1,2,2,4,4,3,5,
19/02/2015,4,0:35,2,240,2,3,3,4,2,2,5,6
19/02/2015,4,12:30,2,229.5,1,3,1,4,3,1,10,
19/02/2015,4,16:30,2,218,1,4,3,4,1,2,6,1
21/02/2015,6,11:32,2,189,2,3,1,4,4,8,5,1
21/02/2015,6,15:10,2,179.8,2,3,2,4,2,1,6,9
21/02/2015,6,5:45,2,218.6,2,3,2,4,3,3,5,
22/02/2015,7,14:39,2,179,1,3,4,4,4,1,9,
23/02/2015,1,1:07,2,190.2,2,2,2,2,1,4,1,8
23/02/2015,1,21:55,2,167.2,2,2,2,2,3,3,1,
26/02/2015,4,18:00,2,240.2,2,3,2,4,6,2,11,9
26/02/2015,4,20:45,2,246.4,2,3,4,4,4,1,6,1
27/02/2015,5,16:40,2,208.5,1,2,4,4,2,4,6,
28/02/2015,6,16:50,2,173.8,1,3,2,4,1,1,11,6
1/3/2015,7,19:40,2,185.3,1,3,4,4,2,1,5,5
5/3/2015,4,19:00,2,197.7,2,2,3,4,1,1,5,10
5/3/2015,4,17:30,2,197.6,1,3,1,4,1,10,1,
6/3/2015,5,22:25,2,186.1,2,3,4,4,2,2,1,
6/3/2015,5,2:00,2,209.5,2,3,2,4,8,3,7,
6/3/2015,5,12:30,2,212.8,1,1,4,4,1,10,6,
7/3/2015,6,11:30,2,213.8,2,3,3,4,1,2,1,1
8/3/2015,7,17:30,2,188,1,3,1,4,1,10,14,5
8/3/2015,7,20:40,2,185.3,1,3,1,4,2,2,5,9
10/3/2015,2,18:35,2,204.5,1,3,4,4,8,1,11,6
12/3/2015,4,21:00,2,219.5,2,3,2,4,4,2,6,
13/03/2015,5,5:30,2,233.6,2,3,2,4,2,1,6,13
13/03/2015,5,20:30,2,240.5,2,3,1,4,2,2,6,1
15/03/2015,7,20:40,2,176.3,1,4,3,4,4,1,6,
16/03/2015,1,2:40,2,186.4,2,4,2,4,2,2,1,
20/03/2015,5,17:10,2,168.5,1,4,3,4,1,10,6,
20/03/2015,5,18:33,2,189.2,1,3,2,4,1,1,11,1
21/03/2015,6,14:55,2,204.2,1,3,3,4,2,10,11,1
21/03/2015,6,0:35,2,250.1,2,3,4,4,1,3,10,
23/03/2015,1,2:05,2,177.6,2,4,4,4,8,3,1,6
23/03/2015,1,21:30,2,185.3,1,3,2,4,4,2,1,
23/03/2015,1,16:15,2,234.8,2,3,3,4,1,10,5,5
26/03/2015,4,10:30,2,181.8,1,2,4,4,2,2,5,13
26/03/2015,4,16:30,2,197.8,2,2,3,4,1,10,2,13
26/03/2015,4,20:30,2,225.5,2,3,2,4,4,2,11,6
27/03/2015,5,3:30,2,219.8,1,3,2,4,3,3,6,6
27/03/2015,5,23:30,2,225.5,2,3,2,4,2,1,11,6
28/03/2015,6,12:30,2,230.4,1,2,1,4,2,10,6,
28/03/2015,6,22:40,2,202.7,2,3,2,4,3,2,5,
29/03/2015,7,19:00,2,195.1,1,1,1,4,4,1,14,
29/03/2015,7,11:35,2,245,1,4,3,4,5,3,6,10
29/03/2015,7,17:10,2,222.2,1,3,3,4,2,10,10,
31/03/2015,2,1:30,2,157.1,2,2,2,4,3,2,11,9
1/4/2015,3,19:30,2,201,1,3,4,4,1,2,5,5
1/4/2015,3,23:10,2,166.8,2,3,2,4,5,3,5,3
2/4/2015,4,1:05,2,170,1,3,3,4,2,3,11,14
2/4/2015,4,16:50,2,194.4,1,3,2,4,4,1,5,9
3/4/2015,5,6:30,2,207.8,2,3,2,4,3,1,5,5
4/4/2015,6,21:00,2,219.8,1,3,2,4,2,2,5,1
5/4/2015,7,16:25,2,241.4,1,4,4,4,1,1,11,5
7/4/2015,2,8:05,2,192.2,1,4,3,4,4,2,11,3
7/4/2015,2,20:05,2,174.4,1,1,2,4,5,1,1,
8/4/2015,3,16:25,2,183.4,2,2,1,4,6,2,5,1
8/4/2015,3,20:35,2,156.1,2,1,1,4,3,1,5,13
9/4/2015,4,6:15,2,203.2,2,2,2,4,1,3,5,5
10/4/2015,5,0:45,2,241.8,1,2,2,4,4,3,1,6
12/4/2015,7,18:10,2,200.1,1,2,3,4,2,1,11,6
12/4/2015,7,12:00,2,236,2,3,3,4,2,1,3,1
13/04/2015,1,0:20,2,185.2,1,3,2,4,1,3,1,1
13/04/2015,1,11:15,2,160,1,4,2,4,5,2,1,9
13/04/2015,1,13:30,2,222,1,3,1,4,3,1,11,1
14/04/2015,2,19:20,2,191.8,2,3,3,4,4,2,1,
15/04/2015,3,10:30,2,167.9,1,3,4,4,1,1,5,
16/04/2015,4,9:45,2,179.5,2,3,2,4,2,3,6,
17/04/2015,5,7:15,2,169.6,1,1,2,4,5,3,6,
17/04/2015,5,11:35,2,163.8,2,4,3,4,1,2,5,5
17/04/2015,5,10:20,2,212.6,1,3,2,4,4,1,5,13
18/04/2015,6,7:20,2,177,2,3,3,4,5,1,5,6
18/04/2015,6,22:45,2,237,1,1,2,4,3,2,11,5
19/04/2015,7,12:50,2,177.2,1,3,1,4,1,1,1,1
19/04/2015,7,12:20,2,237,2,3,2,4,3,1,1,1
23/04/2015,4,19:00,2,165.8,1,2,3,4,2,2,10,1
23/04/2015,4,23:55,2,238,2,2,3,4,4,3,6,
26/04/2015,7,20:40,2,191,1,3,2,4,2,3,6,5
27/04/2015,1,23:45,2,200.4,1,3,2,4,3,2,6,
28/04/2015,2,11:00,2,184.2,1,3,3,4,4,1,6,
29/04/2015,3,16:45,2,184.4,2,3,2,4,2,2,5,13
1/5/2015,5,21:15,2,151.2,1,1,2,4,1,1,5,
1/5/2015,5,0:30,2,242,1,3,3,4,4,2,5,10
2/5/2015,6,1:30,2,166.8,1,3,2,4,2,3,6,
2/5/2015,6,11:35,2,173.15,2,3,3,2,1,1,11,1
3/5/2015,7,17:10,2,166.1,1,3,2,4,3,1,5,6
3/5/2015,7,17:30,2,207.6,1,1,3,4,4,2,6,13
4/5/2015,1,14:00,2,216.8,2,3,2,4,2,2,1,6
5/5/2015,2,16:45,2,162,2,3,3,4,3,2,1,
6/5/2015,3,21:20,2,217.8,1,2,2,4,1,1,5,1
7/5/2015,4,17:30,2,230,1,2,1,4,2,2,14,6
8/5/2015,5,8:40,2,175.6,1,3,2,4,3,1,10,1
9/5/2015,6,9:50,2,228,1,3,2,4,1,2,6,
10/5/2015,7,16:00,2,186.1,2,3,1,4,2,2,6,
10/5/2015,7,2:00,2,206.4,1,4,3,4,3,3,6,
10/5/2015,7,23:30,2,222.6,2,3,3,4,2,2,11,6
11/5/2015,1,11:45,2,178.4,1,3,2,4,4,1,6,
11/5/2015,1,17:15,2,179.2,1,3,2,4,1,2,11,1
12/5/2015,2,2:30,2,229,2,2,3,4,2,3,1,1
12/5/2015,2,18:10,2,239.6,1,3,3,4,3,2,6,
13/05/2015,3,18:30,2,167.1,1,4,2,4,2,2,1,9
13/05/2015,3,23:30,2,226,2,4,3,4,3,1,1,
14/05/2015,4,9:25,2,166.1,1,3,2,4,1,2,2,
15/05/2015,5,1:30,2,222,2,4,4,4,2,1,11,1
15/05/2015,5,17:45,2,235.2,2,3,1,4,2,2,1,1
18/05/2015,1,1:20,2,164.4,1,2,3,2,3,2,5,14
18/05/2015,1,5:55,2,176,1,4,3,4,4,2,1,
18/05/2015,1,23:40,2,226.2,1,3,1,4,2,1,6,6
19/05/2015,2,20:10,2,193.6,1,2,2,4,1,2,5,1
21/05/2015,4,16:50,2,169.2,1,4,3,4,1,1,1,
22/05/2015,5,16:40,2,217.2,1,4,2,4,3,2,6,
23/05/2015,6,21:30,2,241.2,1,3,2,4,1,3,6,
24/05/2015,7,14:30,2,197.6,2,2,3,4,3,4,5,1
25/05/2015,1,17:30,2,169.6,1,2,2,4,4,2,3,5
25/05/2015,1,12:25,2,204.6,2,4,3,4,1,2,5,5
25/05/2015,1,17:30,2,223,1,3,3,4,1,2,5,6
26/05/2015,2,20:10,2,227.25,2,3,2,4,3,1,1,1
28/05/2015,4,0:40,2,162,1,4,2,4,2,3,5,1
28/05/2015,4,9:30,2,200.2,2,4,3,4,2,2,5,5
28/05/2015,4,10:15,2,166.6,2,3,2,4,4,1,5,
29/05/2015,5,20:20,2,177.4,1,2,2,4,1,2,5,13
30/05/2015,6,21:00,2,180.6,2,3,1,4,3,1,5,5
31/05/2015,7,7:00,2,214.7,2,4,1,4,1,3,1,6
31/05/2015,7,16:30,2,235,1,4,3,4,2,2,5,13
31/05/2015,7,19:30,2,211.2,2,3,2,4,2,1,6,6
1/6/2015,1,0:40,2,150.2,1,4,2,4,1,3,5,
1/6/2015,1,18:15,2,216,1,4,3,4,4,1,1,1
1/6/2015,1,19:45,2,245.2,1,2,2,4,2,2,1,6
5/6/2015,5,3:00,2,178.6,1,3,4,4,3,3,5,
7/6/2015,7,23:50,2,159.1,1,2,2,2,4,4,5,
7/6/2015,7,12:30,2,229.2,2,3,2,4,1,1,6,
10/6/2015,3,14:20,2,239.4,2,2,2,4,2,2,1,3
10/6/2015,3,20:10,2,239.2,2,3,2,4,2,1,1,1
11/6/2015,4,0:00,2,191,2,4,2,4,3,3,1,6
11/6/2015,4,11:15,2,173.3,1,2,3,4,4,4,1,1
11/6/2015,4,0:20,2,210.2,2,3,1,4,1,3,1,5
11/6/2015,4,17:54,2,210.2,2,3,2,4,2,2,1,1
12/6/2015,5,18:25,2,169.35,1,4,3,4,2,1,5,6
12/6/2015,5,14:20,2,228,1,3,1,4,1,1,6,
13/06/2015,6,13:00,2,179.9,1,3,2,4,2,2,5,
14/06/2015,7,7:50,2,232.2,1,4,3,4,1,2,7,5
15/06/2015,1,8:30,2,189.8,2,3,1,4,3,1,6,
15/06/2015,1,11:20,2,191.8,2,3,4,4,2,2,6,6
17/06/2015,3,1:10,2,239.5,1,3,2,4,3,4,1,
17/06/2015,3,16:20,2,242,2,3,2,4,1,2,6,
19/06/2015,5,8:40,2,177.6,1,3,3,4,2,2,7,1
19/06/2015,5,10:30,2,175.4,1,2,1,4,4,3,5,1
22/06/2015,1,18:30,2,242.6,2,3,2,4,3,2,6,
24/06/2015,3,14:50,2,221.7,2,2,2,4,4,2,6,1
25/06/2015,4,11:10,2,170.3,2,2,1,4,1,3,6,9
25/06/2015,4,21:20,2,185.6,1,1,2,2,1,2,7,7
25/06/2015,4,21:30,2,216,1,3,3,4,4,1,5,6
28/06/2015,7,23:50,2,168.8,2,2,2,4,2,2,6,
29/06/2015,1,0:45,2,233.6,2,2,2,4,1,2,6,6
30/06/2015,2,1:30,2,496,1,1,2,4,2,3,6,
30/06/2015,2,13:45,2,227,2,2,3,4,1,2,6,
30/06/2015,2,16:00,2,228.4,1,3,1,4,2,1,1,1
30/06/2015,2,23:10,2,234.6,1,3,2,4,4,2,5,6
30/06/2015,2,17:00,2,168,1,3,2,4,4,2,6,1
3/7/2015,5,4:45,2,181.1,1,4,4,4,1,3,6,
4/7/2015,6,3:00,2,214.4,2,2,2,4,4,2,6,
5/7/2015,7,23:35,2,231.2,2,2,3,4,2,1,6,
6/7/2015,1,23:20,2,166.9,2,3,1,4,4,3,5,5
6/7/2015,1,0:05,2,247,2,2,2,4,3,1,5,1
8/7/2015,3,9:30,2,231,2,3,4,4,1,2,1,
10/7/2015,5,16:10,2,234.6,1,3,2,4,3,2,6,
10/7/2015,5,21:15,2,216.3,2,3,3,4,1,1,5,6
11/7/2015,6,11:00,2,181.8,2,2,2,4,2,3,3,5
12/7/2015,7,17:15,2,217.3,1,3,2,4,4,3,6,6
13/07/2015,1,10:15,2,189,2,2,3,4,3,3,10,6
13/07/2015,1,13:57,2,188,2,2,2,4,1,1,1,6
15/07/2015,3,17:10,2,153,1,3,2,4,2,2,10,1
17/07/2015,5,19:20,2,184.4,1,2,2,4,2,1,1,6
17/07/2015,5,14:30,2,230.2,1,2,5,4,4,1,5,6
17/07/2015,5,14:35,2,241.6,2,4,2,4,4,3,6,6
17/07/2015,5,16:15,2,209,2,2,2,4,2,2,1,5
18/07/2015,6,0:05,2,155.2,1,2,3,4,1,2,5,
19/07/2015,7,22:15,2,185.2,2,4,3,4,3,3,5,
19/07/2015,7,23:00,2,192.8,2,4,2,4,2,1,6,
19/07/2015,7,9:30,2,248.8,2,3,1,4,2,2,5,9
19/07/2015,7,16:30,2,244.8,2,4,4,4,1,3,1,1
19/07/2015,7,15:15,2,218.6,1,3,2,4,1,2,5,1
21/07/2015,2,10:45,2,233,1,2,3,4,2,1,6,
23/07/2015,4,1:05,2,158.2,1,4,3,4,3,2,14,14
23/07/2015,4,10:10,2,189.8,2,2,3,4,4,1,1,
24/07/2015,5,10:00,2,176.8,2,4,2,4,4,2,14,6
25/07/2015,6,17:15,2,165,1,4,3,2,2,3,5,
25/07/2015,6,15:12,2,230.2,2,3,2,4,1,2,5,
26/07/2015,7,13:45,2,201.4,2,4,2,4,1,1,1,7
28/07/2015,2,0:20,2,204.8,2,2,3,4,2,1,1,1
29/07/2015,3,13:30,2,197,1,1,4,4,4,2,6,
30/07/2015,4,5:55,2,222.4,2,2,3,4,4,3,1,
31/07/2015,5,19:05,2,196.9,1,2,2,4,4,1,1,5
31/07/2015,5,21:00,2,188.4,1,2,1,4,4,1,5,6
2/1/2017,1,4:50,2,176,2,2,2,2,1,3,5,
2/1/2017,1,20:30,2,155.2,2,4,3,2,4,2,1,6
3/1/2017,2,13:30,2,241.8,1,3,2,2,1,1,6,
5/1/2017,4,12:30,2,164.9,2,1,2,2,2,1,1,
5/1/2017,4,3:10,2,242.8,2,4,2,2,2,3,10,
5/1/2017,4,15:10,2,220.8,2,3,2,2,2,1,11,
6/1/2017,5,21:30,2,231.4,2,1,3,2,1,1,5,
7/1/2017,6,20:35,2,240,2,2,1,2,2,1,14,
8/1/2017,7,20:45,2,166.8,1,1,1,2,2,1,6,
8/1/2017,7,16:05,2,230.8,1,3,3,2,1,2,1,
9/1/2017,1,1:05,2,151.5,2,4,3,2,2,3,6,
9/1/2017,1,20:40,2,152,1,2,2,2,2,1,11,
10/1/2017,2,19:40,2,244.6,2,3,2,2,4,2,1,
10/1/2017,2,8:40,2,174,1,2,1,1,2,2,1,
12/1/2017,4,21:40,2,161.8,1,2,3,2,1,2,11,
13/01/2017,5,19:20,2,175.3,1,3,1,1,1,1,1,
13/01/2017,5,14:15,2,235.4,1,3,2,2,2,1,6,
15/01/2017,7,19:50,2,244.6,1,3,2,2,1,1,5,
15/01/2017,7,21:02,2,238.8,2,3,2,2,2,2,6,
16/01/2017,1,18:55,2,176.8,2,2,2,2,1,1,5,
16/01/2017,1,8:30,2,221.4,2,2,3,2,2,1,6,
16/01/2017,1,13:50,2,241.3,1,3,3,2,1,2,6,
17/01/2017,2,19:46,2,186.2,1,2,2,1,1,1,6,
19/01/2017,4,14:50,2,188.1,2,3,2,2,1,2,1,
21/01/2017,6,19:20,2,190.2,2,2,1,2,1,1,5,
21/01/2017,6,11:40,2,204.6,2,4,3,2,4,1,1,
21/01/2017,6,10:45,2,183.1,2,4,3,2,2,1,1,
22/01/2017,7,2:00,2,223,1,4,2,2,2,3,11,
22/01/2017,7,19:30,2,233.9,1,4,2,2,4,2,5,
24/01/2017,2,10:30,2,207.2,2,4,3,2,1,1,1,
24/01/2017,2,12:05,2,219.6,2,3,2,2,2,2,1,
24/01/2017,2,20:25,2,235.4,2,2,2,2,1,1,1,
25/01/2017,3,17:30,2,228.6,2,3,2,2,4,1,1,
26/01/2017,4,9:30,2,237.6,2,2,3,2,1,2,6,
26/01/2017,4,19:35,2,228,2,2,3,2,4,1,11,
26/01/2017,4,0:45,2,198.8,2,4,3,2,4,3,14,
30/01/2017,1,14:40,2,177.5,1,2,2,1,4,2,6,
30/01/2017,1,15:00,2,219.8,2,3,2,2,1,2,1,
2/2/2017,4,13:32,2,232,1,3,2,2,1,2,1,
2/2/2017,4,19:15,2,237.8,1,3,2,2,1,2,6,
3/2/2017,5,22:25,2,245.5,2,2,3,2,2,2,11,
4/2/2017,6,11:45,2,184.95,2,2,2,2,1,1,11,
5/2/2017,7,9:30,2,179,2,4,3,2,1,1,11,
5/2/2017,7,22:40,2,228.5,2,2,2,2,1,2,6,
8/2/2017,3,14:42,2,249,2,3,2,2,1,2,5,
9/2/2017,4,21:30,2,225.6,2,2,1,2,1,2,1,
10/2/2017,5,15:40,2,241.3,1,3,3,2,1,2,6,
11/2/2017,6,16:05,2,228.6,2,3,2,2,1,2,6,
12/2/2017,7,10:48,2,244.4,2,2,3,2,1,1,6,
13/02/2017,1,23:30,2,211.4,2,4,2,2,1,2,3,
13/02/2017,1,12:30,2,180.1,1,3,2,1,1,2,1,
15/02/2017,3,19:45,2,166.8,2,1,2,2,1,2,7,
15/02/2017,3,21:20,2,186.5,1,1,1,1,1,2,14,
15/02/2017,3,1:00,2,200.2,1,2,2,2,1,1,11,
15/02/2017,3,20:30,2,203.4,2,2,2,2,1,2,5,
16/02/2017,4,15:00,2,221,1,3,2,2,1,2,6,
19/02/2017,7,16:15,2,186.2,1,2,2,2,1,2,5,
20/02/2017,1,20:10,2,197.3,1,2,2,2,1,2,5,
22/02/2017,3,13:20,2,187.6,1,2,2,2,1,2,11,
22/02/2017,3,12:20,2,190.7,1,4,2,2,1,2,1,
24/02/2017,5,5:30,2,219.9,1,4,2,2,1,1,11,
24/02/2017,5,19:20,2,184.25,1,3,2,2,1,1,6,
26/02/2017,7,16:50,2,180,1,2,4,2,1,1,5,
27/02/2017,1,16:15,2,175.2,2,4,2,2,2,1,1,
27/02/2017,1,19:25,2,178.8,2,3,2,2,2,1,6,10
28/02/2017,2,12:15,2,165.8,2,1,3,2,1,2,11,
2/3/2017,4,7:30,2,179.85,1,3,2,2,1,1,5,1
2/3/2017,4,16:00,2,181.8,1,4,3,2,2,2,6,6
3/3/2017,5,23:45,2,187.5,1,4,3,2,1,2,6,
5/3/2017,7,15:50,2,221,2,2,2,2,4,10,5,
6/3/2017,1,16:00,2,223,2,2,2,2,2,10,5,
7/3/2017,2,11:30,2,178.55,2,2,1,2,1,1,5,
9/3/2017,4,5:20,2,168,2,4,2,2,2,1,11,
9/3/2017,4,8:30,2,179.8,2,4,3,2,1,1,11,
11/3/2017,6,17:50,2,189.6,2,3,2,2,2,2,6,
12/3/2017,7,0:45,2,162.2,1,2,3,2,2,1,1,
13/03/2017,1,1:00,2,206.7,1,1,3,2,1,1,5,
13/03/2017,1,22:30,2,243.2,2,4,2,2,4,2,6,
14/03/2017,2,5:45,2,180.6,1,4,2,2,1,1,1,
14/03/2017,2,15:20,2,224.2,2,3,3,2,2,10,11,
15/03/2017,3,14:30,2,248.6,1,3,2,2,1,10,5,
15/03/2017,3,18:15,2,217.4,1,3,2,2,2,1,14,
15/03/2017,3,19:45,2,241.6,1,2,3,2,1,1,6,
17/03/2017,5,2:40,2,185.95,1,4,2,2,2,2,6,
20/03/2017,1,15:00,2,190.5,1,3,1,2,2,10,6,
23/03/2017,4,0:05,2,218.4,2,4,3,2,2,1,14,
24/03/2017,5,21:15,2,191.5,1,2,3,1,1,2,1,
25/03/2017,6,23:35,2,188.2,1,2,2,2,1,2,6,
27/03/2017,1,14:15,2,227.5,2,3,1,2,2,10,5,
27/03/2017,1,21:30,2,231,2,2,2,2,4,2,1,
28/03/2017,2,5:05,2,195.8,2,1,3,2,1,1,5,
29/03/2017,3,7:10,2,199.8,2,4,3,2,4,1,6,
29/03/2017,3,15:15,2,177.5,2,2,2,2,1,10,6,
31/03/2017,5,14:00,2,210.6,2,2,2,2,2,10,14,
1/4/2017,6,9:05,2,225.3,1,2,4,2,1,1,1,
2/4/2017,7,14:30,2,176.65,2,3,1,2,4,10,6,
2/4/2017,7,16:13,2,184.6,1,2,3,2,1,10,6,
3/4/2017,1,8:35,2,227.5,1,4,4,2,4,1,1,
5/4/2017,3,20:27,2,189.15,2,1,2,1,1,2,6,
5/4/2017,3,18:25,2,240.8,2,2,2,2,1,2,11,
7/4/2017,5,11:15,2,234.2,1,3,2,2,4,1,1,
7/4/2017,5,15:05,2,212.2,2,3,3,2,2,10,11,
8/4/2017,6,3:50,2,175.4,1,3,3,2,4,1,6,
8/4/2017,6,13:24,2,217.4,2,3,2,2,1,10,11,
9/4/2017,7,10:35,2,178.65,2,4,3,2,4,1,1,
9/4/2017,7,13:31,2,205.8,2,1,2,2,2,10,1,
11/4/2017,2,22:15,2,157.8,2,3,3,2,2,2,3,
12/4/2017,3,1:20,2,190.1,2,2,2,2,4,2,5,
13/04/2017,4,19:17,2,228,2,2,3,2,1,1,1,
14/04/2017,5,11:20,2,185.05,1,4,3,2,2,2,11,
14/04/2017,5,5:10,2,224.4,1,3,2,2,1,2,6,
14/04/2017,5,6:10,2,204.95,2,1,3,2,4,2,6,
15/04/2017,6,15:00,2,235.3,1,2,2,2,4,10,5,
16/04/2017,7,19:35,2,178.1,1,2,3,1,1,1,11,
17/04/2017,1,8:30,2,155.15,2,1,4,2,4,2,5,
18/04/2017,2,7:20,2,197.03,1,2,2,2,1,2,6,
19/04/2017,3,5:30,2,221.2,2,2,3,2,2,2,6,
20/04/2017,4,21:20,2,173.15,1,4,3,2,1,1,11,
20/04/2017,4,14:45,2,239.2,1,2,1,2,2,10,1,
20/04/2017,4,22:25,2,245.4,1,2,3,2,1,1,5,
20/04/2017,4,19:00,2,224,2,2,3,2,2,1,1,
20/04/2017,4,16:51,2,210,2,3,3,2,4,1,6,
21/04/2017,5,20:25,2,179.25,1,3,2,2,4,1,11,
21/04/2017,5,23:50,2,202.4,1,4,2,2,1,1,11,
22/04/2017,6,13:10,2,184.75,2,4,1,2,1,10,1,
22/04/2017,6,12:40,2,217.55,2,4,3,2,4,10,1,
22/04/2017,6,20:15,2,224.8,2,2,2,2,2,1,1,
23/04/2017,7,12:45,2,241.15,2,2,3,1,1,10,5,
24/04/2017,1,13:30,2,170.1,2,3,2,2,1,10,1,
24/04/2017,1,12:20,2,201.1,2,2,3,2,4,10,1,
26/04/2017,3,13:30,2,170.1,2,3,2,2,1,10,14,
26/04/2017,3,21:45,2,218.2,2,2,2,2,4,1,6,
26/04/2017,3,22:59,2,245,2,2,2,2,4,1,11,
27/04/2017,4,11:45,2,216.1,1,3,2,2,2,2,6,
28/04/2017,5,14:20,2,181.4,1,3,3,1,1,10,6,
29/04/2017,6,0:45,2,156.1,1,2,2,2,4,2,11,
29/04/2017,6,5:20,2,221,2,1,4,2,1,2,11,
30/04/2017,7,9:45,2,242.5,2,3,2,2,4,2,6,
3/5/2017,3,23:20,2,229,2,2,4,2,1,1,1,
3/5/2017,3,23:20,2,157.4,2,2,2,2,1,1,5,
4/5/2017,4,17:35,2,152.4,1,4,3,2,2,10,1,
4/5/2017,4,19:05,2,204.7,2,2,1,2,1,1,11,
5/5/2017,5,15:10,2,152.4,1,1,3,2,2,10,14,
5/5/2017,5,18:40,2,215.8,2,3,2,2,4,1,11,
5/5/2017,5,1:40,2,232.5,1,3,3,2,8,2,1,
5/5/2017,5,10:15,2,239.1,2,3,2,2,4,2,14,
6/5/2017,6,17:40,2,151.4,2,2,3,2,2,1,1,
6/5/2017,6,20:23,2,235.4,1,3,4,2,8,1,11,
7/5/2017,7,14:15,2,210.6,1,2,3,2,2,10,6,
7/5/2017,7,22:00,2,235.5,2,4,2,2,2,2,11,
8/5/2017,1,5:30,2,242.8,2,1,3,2,2,2,6,
9/5/2017,2,20:45,2,174.4,1,4,2,2,4,1,1,
9/5/2017,2,17:30,2,230,2,3,2,2,4,2,5,
11/5/2017,4,17:30,2,195.8,2,4,3,2,1,2,6,
11/5/2017,4,12:15,2,169.1,1,3,1,2,4,10,14,
11/5/2017,4,22:50,2,216.6,1,2,2,2,2,2,1,
12/5/2017,5,13:00,2,213.6,2,1,2,2,1,10,5,
13/05/2017,6,6:35,2,250.8,2,1,2,2,2,2,6,
13/05/2017,6,22:03,2,221.4,1,1,2,2,1,1,1,
14/05/2017,7,1:50,2,204.3,1,4,8,2,1,2,1,
14/05/2017,7,19:10,2,237.8,2,2,3,2,1,1,3,
15/05/2017,1,7:35,2,210.2,2,3,3,2,1,2,5,
16/05/2017,2,1:35,2,196.25,1,2,2,2,1,2,1,
16/05/2017,2,19:20,2,157.1,2,2,3,2,1,1,6,
17/05/2017,3,4:15,2,248.6,2,4,3,2,8,2,5,
18/05/2017,4,17:20,2,188,2,3,2,2,1,10,1,
18/05/2017,4,16:30,2,219.2,1,2,3,2,8,10,11,
19/05/2017,5,10:25,2,172.9,2,2,2,2,4,2,11,
20/05/2017,6,2:55,2,237.75,2,1,2,2,1,2,11,
21/05/2017,7,8:00,2,184.65,1,4,3,2,4,2,6,
21/05/2017,7,20:30,2,188.8,1,3,2,2,1,1,6,
21/05/2017,7,18:28,2,239,1,3,1,1,4,1,1,
23/05/2017,2,10:34,2,159.55,2,2,4,2,1,2,5,
24/05/2017,3,7:00,2,164.85,1,4,3,2,1,2,1,
24/05/2017,3,9:40,2,228.8,2,3,3,2,1,2,6,
24/05/2017,3,11:30,2,213.6,1,3,2,2,1,2,1,
25/05/2017,4,15:10,2,156.4,2,2,2,2,1,10,5,
25/05/2017,4,15:30,2,205,2,4,5,2,1,10,1,
27/05/2017,6,1:05,2,188.8,1,3,1,1,1,2,1,
27/05/2017,6,17:15,2,165.5,2,3,2,2,1,10,6,
27/05/2017,6,18:00,2,210.6,2,3,4,2,1,1,5,
28/05/2017,7,1:25,2,213.6,1,4,3,2,1,2,6,
28/05/2017,7,19:48,2,204.7,2,2,1,2,1,1,1,
29/05/2017,1,2:50,2,212.8,2,4,3,2,1,2,3,
30/05/2017,2,19:30,2,236.2,2,2,3,2,4,2,15,
31/05/2017,3,11:52,2,229.4,2,2,2,2,1,3,1,
2/6/2017,5,8:15,2,176.8,1,4,2,4,1,1,11,
3/6/2017,6,20:00,2,223.8,2,3,4,4,1,2,6,6
4/6/2017,7,8:30,2,191.7,1,4,2,2,1,1,6,
4/6/2017,7,21:50,2,246.8,1,2,3,4,1,5,11,
5/6/2017,1,13:10,2,238.7,2,4,3,4,1,2,11,
6/6/2017,2,1:17,2,196.4,1,3,2,4,1,1,1,
6/6/2017,2,7:30,2,190.2,2,3,2,4,1,1,6,
6/6/2017,2,12:50,2,198.6,2,3,3,4,2,2,1,
6/6/2017,2,20:35,2,206,1,4,4,4,1,2,14,
7/6/2017,3,23:30,2,164.6,1,2,4,4,1,2,1,
7/6/2017,3,23:20,2,188.1,1,4,3,4,1,2,1,
7/6/2017,3,4:45,2,201,2,3,3,4,1,1,1,
7/6/2017,3,15:30,2,228.9,2,3,3,4,1,2,1,
8/6/2017,4,20:20,2,180.6,1,2,2,4,1,2,5,
9/6/2017,5,16:25,2,159.2,1,2,3,4,1,2,1,
10/6/2017,6,0:00,2,157.6,1,4,3,4,1,1,5,
10/6/2017,6,6:50,2,223.7,2,2,3,4,1,1,6,
11/6/2017,7,12:43,2,189.6,1,1,2,4,1,2,1,
11/6/2017,7,20:10,2,239.7,2,2,1,2,1,4,11,
13/06/2017,2,2:45,2,194,2,3,2,4,1,1,11,
13/06/2017,2,5:20,2,196.1,2,2,3,4,1,1,1,
14/06/2017,3,13:05,2,208.4,1,4,3,4,1,2,6,
15/06/2017,4,6:10,2,240.4,1,2,2,4,1,1,1,
16/06/2017,5,7:30,2,188,1,3,1,2,1,1,1,
16/06/2017,5,9:00,2,179.25,2,2,3,4,1,1,1,
16/06/2017,5,6:00,2,242.2,2,4,2,4,1,1,1,
17/06/2017,6,3:10,2,209.6,2,4,2,4,1,1,6,
19/06/2017,1,0:55,2,178.2,2,4,3,4,2,1,6,
19/06/2017,1,7:10,2,248.1,2,4,3,4,1,1,11,
20/06/2017,2,22:00,2,231,2,2,2,4,1,2,15,
21/06/2017,3,8:00,2,194.9,2,4,2,4,1,1,1,
22/06/2017,4,1:05,2,164.9,1,3,2,4,2,1,1,
22/06/2017,4,12:03,2,156.4,1,3,2,4,1,2,11,
22/06/2017,4,20:00,2,179.2,2,4,4,4,2,2,1,
24/06/2017,6,5:58,2,207.3,2,2,4,4,1,1,14,
25/06/2017,7,1:45,2,200.2,1,2,2,4,1,1,3,
26/06/2017,1,3:49,2,240,1,3,3,4,1,1,5,
27/06/2017,2,14:10,2,181.7,2,2,2,4,1,2,6,
27/06/2017,2,20:55,2,180.9,1,2,3,4,1,2,5,
28/06/2017,3,18:23,2,209.6,2,1,3,4,2,2,14,
29/06/2017,4,0:41,2,151.3,1,4,2,4,2,1,1,
29/06/2017,4,13:05,2,226,2,3,2,4,1,2,6,
29/06/2017,4,16:55,2,200.8,2,3,3,4,1,2,11,
30/06/2017,5,9:40,2,224.8,1,3,3,4,2,1,5,
30/06/2017,5,11:15,2,232.2,1,3,2,4,1,1,6,
1/7/2017,6,15:20,2,154.4,1,2,2,2,1,2,5,
2/7/2017,7,15:37,2,230.5,1,3,4,2,1,2,7,
2/7/2017,7,18:00,2,201.2,2,2,2,2,1,2,6,
3/7/2017,1,18:44,2,177.2,2,3,4,2,1,2,6,
4/7/2017,2,5:25,2,162.6,2,2,3,2,2,1,11,
4/7/2017,2,8:15,2,179.3,1,2,3,2,1,1,1,
4/7/2017,2,20:05,2,198.3,2,2,3,2,1,2,11,
6/7/2017,4,5:20,2,159.9,1,3,4,2,1,1,1,
6/7/2017,4,8:15,2,230,1,3,2,2,1,1,6,
6/7/2017,4,19:44,2,248.7,1,3,3,2,1,2,11,
7/7/2017,5,16:05,2,165.95,2,3,2,2,2,2,5,
8/7/2017,6,13:15,2,225.3,2,2,2,2,1,2,6,
9/7/2017,7,15:00,2,243.4,1,2,2,2,1,2,3,
10/7/2017,1,16:45,2,235.8,2,3,3,2,1,2,1,
10/7/2017,1,19:40,2,221.4,1,4,3,2,1,2,6,
10/7/2017,1,17:47,2,234.8,1,3,4,2,1,2,6,
11/7/2017,2,7:30,2,230.2,1,4,3,2,1,1,11,
11/7/2017,2,19:45,2,171,2,3,3,2,1,2,1,
13/07/2017,4,20:50,2,166.8,2,1,4,2,1,2,11,
13/07/2017,4,10:45,2,243,1,2,1,2,1,1,5,
14/07/2017,5,5:38,2,183.25,1,4,3,2,1,1,6,
15/07/2017,6,20:50,2,233.4,2,1,4,2,1,2,5,
16/07/2017,7,21:20,2,239.6,2,2,2,1,1,2,6,
16/07/2017,7,18:15,2,150,1,2,3,2,2,2,15,
18/07/2017,2,5:40,2,208.95,2,1,2,2,1,1,11,
20/07/2017,4,22:26,2,172.25,2,1,4,2,1,2,6,
22/07/2017,6,15:15,2,213.6,2,3,3,2,1,2,3,
23/07/2017,7,18:50,2,188,1,3,2,1,1,2,5,
23/07/2017,7,20:17,2,227.4,2,2,4,2,1,2,11,
24/07/2017,1,3:06,2,185.4,2,4,2,2,2,1,1,
26/07/2017,3,11:30,2,215.9,2,4,3,2,2,1,11,
26/07/2017,3,18:30,2,241.5,2,3,2,2,1,2,6,
27/07/2017,4,8:00,2,228,2,2,2,2,1,1,5,
27/07/2017,4,23:08,2,238.1,1,4,2,4,1,2,5,
27/07/2017,4,19:55,2,237.2,2,2,2,2,1,2,6,
28/07/2017,5,12:55,2,165.4,1,4,2,2,2,2,6,
30/07/2017,7,17:45,2,180.2,1,4,5,2,1,2,1,
31/07/2017,1,21:50,2,166.4,2,4,3,2,2,2,6,
1/8/2017,2,8:10,2,187.4,1,3,2,2,1,1,1,
2/8/2017,3,18:30,2,161.55,1,3,4,4,2,2,1,
2/8/2017,3,15:15,2,242,2,4,2,4,1,2,14,
3/8/2017,4,14:20,2,173.15,2,2,3,4,1,2,11,
4/8/2017,5,12:35,2,157.05,1,2,3,4,1,2,5,
4/8/2017,5,13:35,2,237.7,2,4,4,4,1,2,5,
5/8/2017,6,6:20,2,170.05,1,3,2,4,1,1,6,
5/8/2017,6,17:20,2,210.4,1,4,2,4,1,2,6,
5/8/2017,6,23:38,2,228.6,1,2,4,4,1,2,1,
8/8/2017,2,19:54,2,185.5,1,2,1,4,2,2,1,
9/8/2017,3,16:45,2,168.4,2,3,3,4,1,2,5,
9/8/2017,3,22:15,2,241.3,1,4,4,4,1,2,11,
11/8/2017,5,6:00,2,197.5,2,2,2,4,1,1,6,
11/8/2017,5,1:50,2,213.4,2,3,3,4,1,1,15,
11/8/2017,5,11:40,2,219.9,2,4,3,4,1,1,1,
12/8/2017,6,6:50,2,185.15,2,2,3,4,2,1,1,
13/08/2017,7,20:07,2,153.6,2,1,2,4,1,2,14,
13/08/2017,7,10:26,2,202.6,1,2,2,4,1,1,1,
13/08/2017,7,14:05,2,239,2,3,3,4,4,2,1,
14/08/2017,1,20:32,2,237.6,2,2,3,4,1,2,11,
16/08/2017,3,11:50,2,178.9,2,2,2,4,1,2,6,
16/08/2017,3,16:35,2,152.6,1,2,1,4,2,2,6,
17/08/2017,4,3:45,2,251.7,2,3,4,4,1,1,6,
20/08/2017,7,15:30,2,242.4,2,4,3,4,1,2,6,
20/08/2017,7,16:06,2,220,1,3,2,4,1,2,1,
21/08/2017,1,13:00,2,230.2,1,3,1,4,1,2,1,
22/08/2017,2,17:30,2,159,1,3,3,4,1,2,14,
22/08/2017,2,23:25,2,162.5,2,3,2,4,2,2,6,
24/08/2017,4,5:50,2,160.4,2,3,2,4,1,1,1,
24/08/2017,4,7:38,2,228.6,2,2,3,4,1,1,6,
26/08/2017,6,5:55,2,156.9,2,4,2,4,1,1,1,
26/08/2017,6,14:30,2,204.5,2,4,3,4,1,2,1,
28/08/2017,1,6:30,2,215.4,2,4,3,4,1,4,6,
1/9/2017,5,0:15,2,189.6,1,4,4,4,1,2,14,
2/9/2017,6,12:13,2,152.5,1,4,4,4,2,1,5,
2/9/2017,6,6:55,2,234.9,1,1,4,4,1,2,1,
3/9/2017,7,6:45,2,216.4,2,4,4,4,2,2,5,
4/9/2017,1,0:00,2,208.1,1,1,2,4,1,4,1,
6/9/2017,3,16:45,2,228.4,2,3,1,4,1,1,1,
7/9/2017,4,12:10,2,177.4,2,2,2,4,1,1,5,
7/9/2017,4,17:48,2,238.4,1,3,2,4,1,1,11,
8/9/2017,5,7:45,2,186.15,2,2,3,4,2,2,6,
11/9/2017,1,8:25,2,169,1,4,2,4,1,2,3,
12/9/2017,2,15:25,2,175.4,1,2,2,4,1,1,6,
14/09/2017,4,11:10,2,236.4,1,2,2,4,1,2,6,
15/09/2017,5,9:45,2,189.6,1,2,3,4,1,2,5,
15/09/2017,5,20:25,2,246.6,2,4,5,4,1,1,11,
16/09/2017,6,7:07,2,196.6,2,3,3,4,1,2,1,
20/09/2017,3,18:50,2,159,2,3,3,4,2,1,6,
20/09/2017,3,19:20,2,179.9,1,2,4,4,1,1,1,
20/09/2017,3,20:35,2,183.5,1,2,2,2,1,1,5,
21/09/2017,4,16:05,2,223.9,1,3,1,4,2,1,1,
22/09/2017,5,15:55,2,152.45,1,3,2,4,1,1,6,
22/09/2017,5,23:30,2,168.1,1,2,3,4,1,1,6,
22/09/2017,5,7:50,2,228.7,1,3,3,4,1,2,6,
22/09/2017,5,23:55,2,241.1,1,1,2,4,1,1,6,
24/09/2017,7,10:00,2,168.45,2,4,4,4,1,2,15,
24/09/2017,7,12:05,2,187.55,2,2,2,4,1,1,6,
26/09/2017,2,19:05,2,150.5,2,4,2,4,1,1,6,
26/09/2017,2,22:15,2,211.15,2,2,3,4,1,1,15,
27/09/2017,3,11:10,2,183.9,1,3,2,4,1,2,1,
27/09/2017,3,23:15,2,178,1,2,1,2,1,1,1,
27/09/2017,3,22:15,2,211.15,2,3,3,4,1,1,5,
29/09/2017,5,4:30,2,225.4,2,4,4,4,1,2,6,
30/09/2017,6,18:47,2,169.65,1,2,2,4,1,1,6,
30/09/2017,6,10:10,2,152.45,2,2,3,4,1,2,6,
1/10/2017,7,9:20,2,216.4,2,2,3,2,1,1,5,
4/10/2017,3,4:00,2,189.6,2,3,4,4,1,1,6,
4/10/2017,3,21:50,2,189.7,2,4,1,4,1,2,6,
4/10/2017,3,18:00,2,208.8,2,2,4,4,2,2,6,
7/10/2017,6,19:22,2,228.6,1,3,4,4,1,2,1,
8/10/2017,7,9:25,2,151.35,2,2,4,4,2,1,1,
8/10/2017,7,18:35,2,189.3,2,2,2,4,1,2,1,
8/10/2017,7,2:20,2,239.9,1,4,2,4,2,1,6,
8/10/2017,7,14:20,2,228.6,1,2,2,4,1,2,1,
9/10/2017,1,19:30,2,180,1,2,4,2,1,2,6,
9/10/2017,1,13:00,2,239.4,1,2,2,4,2,2,1,
9/10/2017,1,15:20,2,239.5,2,2,5,4,2,2,1,
11/10/2017,3,5:45,2,157.6,2,2,2,4,1,1,6,
11/10/2017,3,8:55,2,189.3,2,4,2,4,1,1,6,
12/10/2017,4,4:05,2,226,1,4,3,4,2,1,1,
12/10/2017,4,23:00,2,227.9,2,4,4,4,1,2,1,
13/10/2017,5,1:40,2,184.3,2,4,2,4,2,1,5,
13/10/2017,5,1:17,2,167.5,1,2,2,4,1,1,5,
13/10/2017,5,19:15,2,168,1,2,2,4,1,2,14,
13/10/2017,5,22:35,2,166.7,2,3,2,4,1,2,1,
13/10/2017,5,4:40,2,248.8,2,3,2,4,1,1,6,
13/10/2017,5,21:30,2,242.2,1,2,5,4,1,2,6,
15/10/2017,7,7:10,2,191.5,1,1,4,4,2,1,5,
15/10/2017,7,10:10,2,195.4,1,2,4,4,1,1,5,
15/10/2017,7,3:05,2,246.2,2,4,3,4,1,1,1,
15/10/2017,7,4:30,2,214.8,1,4,1,4,2,1,11,
16/10/2017,1,0:20,2,191.3,2,4,1,4,1,1,6,
17/10/2017,2,15:55,2,171.8,2,3,2,4,1,2,14,
17/10/2017,2,18:25,2,157.8,2,2,2,4,1,2,1,
18/10/2017,3,8:25,2,231,2,2,4,4,1,1,1,
19/10/2017,4,3:00,2,241.6,2,3,2,2,1,1,6,
20/10/2017,5,14:15,2,152.4,2,2,2,4,2,2,14,
21/10/2017,6,23:40,2,222.2,1,3,3,4,1,2,1,
22/10/2017,7,19:26,2,211.8,1,2,3,4,1,1,6,
23/10/2017,1,18:10,2,213.7,1,3,3,4,1,2,6,
23/10/2017,1,9:00,2,188,1,2,3,2,1,1,1,
23/10/2017,1,17:15,2,167.35,1,2,2,4,1,2,11,
23/10/2017,1,19:20,2,161.35,2,3,1,4,1,2,6,
23/10/2017,1,20:15,2,187.8,1,2,3,4,1,2,6,
23/10/2017,1,19:50,2,243.4,2,3,2,4,2,2,6,
24/10/2017,2,13:00,2,152.5,1,4,3,4,2,2,6,
25/10/2017,3,21:55,2,235,2,2,2,4,1,1,11,
26/10/2017,4,1:10,2,197.8,2,4,4,4,1,1,3,
26/10/2017,4,5:05,2,219.5,1,4,4,4,1,1,5,
28/10/2017,6,6:30,2,171.1,2,4,2,4,1,1,11,
29/10/2017,7,1:30,2,240,2,2,4,4,1,1,5,
29/10/2017,7,9:45,2,209,2,4,3,4,1,2,5,
30/10/2017,1,0:25,2,168,2,2,1,4,2,1,1,
31/10/2017,2,20:15,2,189.6,1,2,3,2,1,2,1,
1/11/2017,3,7:00,2,213.6,2,3,4,4,1,1,1,
1/11/2017,3,23:45,2,228,2,3,2,4,1,2,6,
1/11/2017,3,23:20,2,221.8,2,4,1,4,1,2,6,
3/11/2017,5,0:30,2,180.6,1,2,2,4,1,1,1,
4/11/2017,6,19:50,2,195.8,2,2,3,4,1,2,1,
4/11/2017,6,4:30,2,246.3,2,1,2,4,1,1,5,
4/11/2017,6,13:10,2,214.8,2,3,2,4,1,2,11,
4/11/2017,6,16:00,2,215.5,1,3,3,4,1,2,6,
5/11/2017,7,5:05,2,170.1,2,1,4,4,1,1,14,
5/11/2017,7,10:20,2,167.4,1,2,4,4,2,1,6,
5/11/2017,7,20:45,2,170.2,2,3,1,4,2,2,1,
5/11/2017,7,1:10,2,234,1,4,4,4,1,1,5,
5/11/2017,7,15:35,2,206.6,1,4,3,4,1,2,6,
5/11/2017,7,16:00,2,235.1,2,2,2,4,1,2,11,
5/11/2017,7,17:30,2,220.5,2,1,2,4,1,2,10,
6/11/2017,1,1:30,2,186,2,2,2,4,2,1,1,
7/11/2017,2,4:00,2,240.4,2,4,3,4,1,1,11,
7/11/2017,2,23:10,2,209.2,2,3,2,4,1,2,5,
9/11/2017,4,12:05,2,162.6,1,1,4,4,1,2,5,
9/11/2017,4,11:45,2,246.6,2,1,4,4,1,1,1,
9/11/2017,4,19:10,2,231,2,3,2,4,1,2,1,
9/11/2017,4,22:15,2,216.2,2,2,2,4,2,2,14,
10/11/2017,5,11:05,2,173.5,1,2,3,2,1,1,5,
10/11/2017,5,16:30,2,239.9,1,3,3,4,2,2,6,
10/11/2017,5,19:15,2,222.4,1,4,2,4,1,2,6,
11/11/2017,6,23:03,2,184.5,1,2,2,2,1,2,6,
11/11/2017,6,22:54,2,235,1,2,3,4,1,2,1,
12/11/2017,7,23:45,2,151.8,2,2,2,4,2,2,1,
12/11/2017,7,19:50,2,191.5,2,2,1,4,2,2,6,
13/11/2017,1,3:00,2,234.7,2,2,2,4,1,1,5,
13/11/2017,1,4:55,2,247.4,2,3,2,4,1,1,6,
13/11/2017,1,20:00,2,219.2,2,2,3,4,1,2,6,
14/11/2017,2,20:50,2,157,1,1,3,2,1,2,1,
14/11/2017,2,23:35,2,155.4,2,2,2,4,1,2,15,
16/11/2017,4,10:20,2,199,1,2,2,4,1,1,1,
17/11/2017,5,2:10,2,152.5,1,3,3,4,1,1,6,
17/11/2017,5,11:50,2,247.2,2,2,3,4,1,1,5,
18/11/2017,6,6:00,2,184.05,1,4,4,4,1,1,11,
19/11/2017,7,10:15,2,170.95,1,2,2,4,1,1,15,
19/11/2017,7,16:10,2,164.3,2,3,3,4,2,2,1,
19/11/2017,7,18:30,2,156.6,2,2,2,4,1,2,1,
19/11/2017,7,21:45,2,224.6,1,3,3,4,1,2,6,
21/11/2017,2,0:40,2,246.1,2,3,3,4,1,1,15,
21/11/2017,2,16:00,2,242.5,2,4,4,4,1,2,6,
22/11/2017,3,3:15,2,225.8,2,3,3,4,1,1,5,
22/11/2017,3,15:10,2,212.2,1,3,3,4,1,2,1,
23/11/2017,4,11:05,2,168.1,1,2,2,4,1,1,1,
23/11/2017,4,13:20,2,187,1,1,1,4,1,2,3,
23/11/2017,4,22:45,2,173.8,1,1,1,4,1,2,6,
23/11/2017,4,23:25,2,226.5,1,3,3,4,1,2,6,
24/11/2017,5,12:50,2,182.4,1,2,2,4,1,2,1,
24/11/2017,5,16:05,2,191.9,1,3,3,4,1,2,5,
24/11/2017,5,19:20,2,177,2,3,3,2,1,2,14,
24/11/2017,5,0:15,2,200,2,4,4,4,1,1,1,
24/11/2017,5,11:40,2,204.6,2,3,3,4,1,1,1,
24/11/2017,5,19:35,2,225.8,2,2,2,4,1,2,11,
24/11/2017,5,23:15,2,226.5,2,3,3,4,1,2,1,
25/11/2017,6,18:22,2,168.4,1,2,2,2,1,2,6,
25/11/2017,6,9:15,2,244.9,2,4,4,4,1,1,6,
27/11/2017,1,5:10,2,202.8,2,4,4,4,1,1,6,
27/11/2017,1,22:28,2,237.4,1,2,2,4,1,2,6,
28/11/2017,2,3:00,2,213.5,1,4,4,4,1,1,14,
29/11/2017,3,0:05,2,163.3,1,3,3,4,1,2,5,
30/11/2017,4,15:55,2,208,2,2,4,4,1,2,5,
1/12/2017,5,2:05,2,227.6,2,1,4,4,1,3,11,
2/12/2017,6,19:45,2,228.6,1,4,4,4,1,2,1,
2/12/2017,6,22:35,2,251,1,2,2,4,1,2,5,
3/12/2017,7,19:00,2,212.3,2,3,4,2,1,2,10,
5/12/2017,2,17:55,2,183.75,1,2,3,2,1,2,1,
6/12/2017,3,11:35,2,236,1,2,2,4,1,1,6,
6/12/2017,3,13:10,2,211.4,2,2,2,4,2,2,5,
7/12/2017,4,14:05,2,184.2,1,2,3,2,1,2,6,
7/12/2017,4,13:30,2,218.4,1,3,2,4,1,2,5,
8/12/2017,5,21:30,2,247.4,2,4,2,4,2,2,5,
8/12/2017,5,23:05,2,213,2,3,4,4,1,2,6,
9/12/2017,6,19:05,2,180,2,2,3,4,1,2,5,
9/12/2017,6,15:20,2,242.6,2,4,2,4,1,2,14,
9/12/2017,6,19:30,2,219.2,2,2,3,4,1,2,1,
10/12/2017,7,20:40,2,241.7,1,2,3,4,1,2,6,
12/12/2017,2,2:20,2,176.2,1,3,3,4,1,3,1,
12/12/2017,2,14:15,2,177.8,1,3,2,2,1,2,6,
12/12/2017,2,2:45,2,221.8,2,3,3,4,1,3,1,
12/12/2017,2,23:10,2,247.3,2,4,1,4,2,2,1,
14/12/2017,4,8:45,2,166.6,2,2,2,4,1,1,6,
14/12/2017,4,9:40,2,169.25,2,2,4,4,1,1,1,
14/12/2017,4,18:55,2,179.3,2,4,4,4,1,2,1,
14/12/2017,4,19:15,2,187.7,2,2,3,4,1,2,11,
15/12/2017,5,13:05,2,227.3,2,3,3,4,2,2,1,
15/12/2017,5,14:00,2,233.4,2,3,3,4,1,2,5,
16/12/2017,6,8:05,2,162.8,1,4,2,4,2,1,11,
16/12/2017,6,18:00,2,158.9,2,2,1,4,2,2,6,
16/12/2017,6,5:15,2,201.6,1,2,2,4,1,3,1,
16/12/2017,6,21:00,2,239,1,2,4,4,2,2,1,
17/12/2017,7,19:10,2,183.6,1,2,2,4,1,3,6,
17/12/2017,7,1:20,2,211.2,1,1,3,4,1,3,3,
17/12/2017,7,16:00,2,229.9,1,3,3,4,1,2,6,
18/12/2017,1,15:20,2,191.7,1,2,2,4,1,2,1,
18/12/2017,1,23:20,2,190,1,4,3,4,1,2,1,
19/12/2017,2,16:05,2,191.4,1,3,2,4,3,2,11,
19/12/2017,2,2:15,2,203.8,2,4,2,4,1,3,6,
19/12/2017,2,16:17,2,222.6,1,3,2,4,2,2,5,
20/12/2017,3,4:48,2,240.4,1,4,3,4,1,3,5,
21/12/2017,4,1:00,2,221.8,1,3,2,4,1,3,1,
21/12/2017,4,8:05,2,205.2,1,3,4,4,1,1,6,
21/12/2017,4,21:40,2,189.7,2,2,2,4,1,2,5,
22/12/2017,5,19:45,2,231.2,2,4,2,4,1,2,6,
23/12/2017,6,13:40,2,187.6,1,2,2,4,1,2,1,
23/12/2017,6,17:45,2,162.8,1,3,2,4,2,2,14,
23/12/2017,6,10:30,2,224.9,2,3,1,4,1,1,5,
24/12/2017,7,3:45,2,210.2,2,4,1,4,1,3,3,
25/12/2017,1,12:34,2,211.8,2,2,4,4,1,2,14,
25/12/2017,1,9:30,2,175.6,2,4,3,4,1,1,6,
25/12/2017,1,10:20,2,174.2,2,3,2,4,2,1,1,
26/12/2017,2,11:10,2,180.2,1,3,3,4,1,1,6,
26/12/2017,2,18:50,2,203.8,2,2,2,4,1,2,5,
26/12/2017,2,23:10,2,223.2,1,4,4,4,2,1,1,
27/12/2017,3,13:15,2,187.55,1,2,4,2,1,2,1,
28/12/2017,4,20:30,2,232.6,1,3,3,4,1,1,6,
29/12/2017,5,22:20,2,199,2,3,4,4,1,2,5,
29/12/2017,5,20:00,2,207.4,2,2,4,4,1,2,3,
31/12/2017,7,20:50,2,237.6,2,2,4,4,1,2,6,
1/1/2018,1,22:00,2,247,1,3,2,4,1,2,11,
1/1/2018,1,23:15,2,247.8,2,3,5,4,1,3,1,
2/1/2018,2,23:30,2,182.45,1,2,2,2,2,3,6,
2/1/2018,2,13:20,2,213.6,1,3,3,4,4,2,6,
5/1/2018,5,6:00,2,165.4,2,4,3,4,1,3,1,
5/1/2018,5,9:33,2,204.4,2,3,3,4,1,1,6,
5/1/2018,5,11:50,2,211,2,2,4,4,2,1,6,
7/1/2018,7,2:35,2,185.1,1,4,2,4,1,1,5,
7/1/2018,7,19:15,2,211.6,2,4,3,4,1,1,5,
7/1/2018,7,19:25,2,245.2,1,2,4,4,2,1,5,
9/1/2018,2,9:35,2,209.4,2,3,3,4,2,1,5,
9/1/2018,2,14:00,2,204.3,2,2,2,4,1,2,10,
10/1/2018,3,7:30,2,175.2,2,3,3,4,1,1,6,
10/1/2018,3,23:25,2,175.5,1,3,3,2,1,2,1,
11/1/2018,4,15:30,2,237.5,2,3,3,4,1,2,6,
12/1/2018,5,7:35,2,207.3,1,3,3,4,1,1,6,
12/1/2018,5,13:20,2,225.6,2,2,2,4,2,2,11,
13/01/2018,6,11:00,2,174.45,2,2,1,4,2,1,11,
13/01/2018,6,14:25,2,165.95,1,4,4,4,1,2,5,
13/01/2018,6,0:46,2,225.7,1,3,3,4,1,1,6,
14/01/2018,7,19:35,2,210.6,1,4,3,4,1,2,5,
15/01/2018,1,15:30,2,199.5,2,4,2,4,1,2,1,
16/01/2018,2,16:35,2,166.85,2,1,4,4,1,2,5,
16/01/2018,2,18:35,2,152.4,1,4,3,4,1,2,1,
17/01/2018,3,14:15,2,177.8,1,2,3,4,1,2,15,
17/01/2018,3,15:55,2,172.2,2,4,4,4,1,2,6,
17/01/2018,3,16:00,2,169.5,1,4,3,4,1,2,5,
17/01/2018,3,23:55,2,188.6,2,4,2,4,2,2,6,
18/01/2018,4,7:20,2,169.5,1,2,4,4,1,1,1,
19/01/2018,5,20:00,2,207.1,2,4,3,4,2,2,1,
21/01/2018,7,2:05,2,245.4,1,4,2,4,2,3,1,
21/01/2018,7,2:45,2,240.4,1,1,4,4,1,3,5,
21/01/2018,7,16:55,2,213.4,1,1,4,4,1,2,10,
21/01/2018,7,18:30,2,226.4,2,2,3,4,1,2,1,
22/01/2018,1,7:00,2,181.7,2,3,3,4,1,1,1,
22/01/2018,1,11:45,2,225.2,1,3,3,4,1,1,11,
22/01/2018,1,20:15,2,217.5,2,3,4,4,1,2,6,
23/01/2018,2,20:09,2,188.5,2,2,3,4,2,2,1,
24/01/2018,3,1:45,2,202.6,2,2,4,4,1,3,7,
25/01/2018,4,6:00,2,197.7,2,2,3,4,1,1,1,
25/01/2018,4,12:10,2,183.85,1,2,2,4,1,2,6,
26/01/2018,5,1:05,2,177,1,4,2,4,1,9,1,
28/01/2018,7,19:15,2,179.4,2,3,2,4,1,2,1,
28/01/2018,7,22:00,2,176.5,1,2,2,4,1,2,6,
29/01/2018,1,6:00,2,208,2,4,4,4,1,3,1,
29/01/2018,1,23:00,2,230.6,1,3,3,4,1,2,6,
30/01/2018,2,4:02,2,176,1,3,2,4,1,3,6,
30/01/2018,2,0:32,2,247.6,1,4,4,4,1,3,15,
30/01/2018,2,21:15,2,236.6,1,4,1,4,1,2,1,
1/3/2018,4,11:10,2,187.5,1,2,4,4,1,1,6,
2/3/2018,5,19:15,2,187.5,1,2,4,4,1,2,15,
2/3/2018,5,11:20,2,240.05,2,2,2,4,2,1,14,
2/3/2018,5,13:20,2,227.6,1,2,3,4,1,2,5,
2/3/2018,5,23:00,2,209.5,1,1,2,4,1,2,15,
3/3/2018,6,10:45,2,179.35,2,2,2,4,1,1,1,
3/3/2018,6,0:15,2,211.2,1,4,4,4,1,1,1,
3/3/2018,6,22:35,2,242.6,1,4,2,4,1,2,1,
4/3/2018,7,15:55,2,168.7,2,3,2,4,4,2,6,
5/3/2018,1,13:45,2,159.5,1,3,1,4,2,2,15,
7/3/2018,3,1:27,2,226,2,1,2,4,2,1,5,
8/3/2018,4,0:45,2,193.9,1,1,2,4,2,1,6,
9/3/2018,5,11:45,2,189.6,1,2,1,4,1,1,6,
9/3/2018,5,19:30,2,221.3,1,3,2,4,1,2,3,
10/3/2018,6,9:10,2,177.9,1,2,2,4,1,1,11,
13/03/2018,2,0:15,2,191.2,1,3,4,4,1,1,1,
14/03/2018,3,12:35,2,179.35,1,2,4,4,1,2,6,
14/03/2018,3,18:00,2,168,2,2,3,4,2,2,6,
14/03/2018,3,21:45,2,157.9,2,2,2,4,1,2,3,
16/03/2018,5,19:20,2,204.8,1,2,2,4,1,2,6,
17/03/2018,6,10:15,2,230,1,3,4,4,1,1,1,
17/03/2018,6,19:45,2,239.1,1,2,4,4,1,2,3,
18/03/2018,7,16:15,2,161.5,2,2,3,4,1,2,1,
19/03/2018,1,17:56,2,159.1,1,4,2,4,2,2,6,
19/03/2018,1,9:40,2,159.1,2,2,2,4,2,1,5,
22/03/2018,4,9:30,2,222.1,2,4,3,4,2,1,1,
22/03/2018,4,10:15,2,230.2,2,2,4,4,1,1,1,
23/03/2018,5,22:00,2,226.8,1,4,3,4,2,2,1,
24/03/2018,6,10:00,2,181.8,2,2,1,4,1,1,14,
24/03/2018,6,16:40,2,175.7,1,3,2,4,1,2,6,
24/03/2018,2,17:23,2,177.8,1,2,1,4,2,2,15,
25/03/2018,7,23:30,2,161.7,2,2,2,4,1,2,6,
25/03/2018,7,12:30,2,225.2,2,2,5,2,2,2,6,
28/03/2018,3,1:35,2,168.6,1,1,1,4,1,1,6,
29/03/2018,4,6:05,2,170.6,2,2,3,4,2,1,1,
30/03/2018,5,4:30,2,221,2,1,1,4,1,1,5,
30/03/2018,5,11:45,2,243.8,1,3,2,4,1,1,6,
31/03/2018,6,11:45,2,179.85,1,2,2,2,1,1,1,
31/03/2018,6,18:20,2,152.8,2,2,1,2,1,2,1,
31/03/2018,6,2:30,2,218.2,1,2,2,4,1,1,6,
1/4/2018,7,10:55,2,188.5,1,2,2,4,1,1,6,
2/4/2018,1,19:55,2,223.1,2,2,2,4,1,2,6,
3/4/2018,2,23:30,2,178.1,1,3,3,4,1,2,5,
5/4/2018,4,8:45,2,191.35,1,4,3,2,1,1,11,
5/4/2018,4,14:35,2,251.8,1,1,1,4,1,2,11,
6/4/2018,5,13:45,2,251,2,1,2,4,1,2,1,
6/4/2018,5,21:45,2,211.2,2,3,4,4,1,2,1,
7/4/2018,6,10:35,2,177.05,1,2,4,2,1,1,5,
7/4/2018,6,11:15,2,232.7,2,2,2,4,1,1,5,
7/4/2018,6,23:15,2,242.6,2,4,4,4,1,2,1,
8/4/2018,7,18:58,2,173.9,1,3,2,2,1,2,6,
8/4/2018,7,0:00,2,217.5,1,3,3,4,1,1,6,
8/4/2018,7,9:40,2,209.65,2,4,3,4,1,1,1,
9/4/2018,1,11:00,2,230.2,2,3,2,4,1,1,6,
10/4/2018,2,12:35,2,225.4,2,4,4,4,1,2,5,
10/4/2018,2,13:15,2,230.4,1,4,4,4,1,2,5,
11/4/2018,3,4:30,2,179.85,2,4,2,4,1,1,6,
11/4/2018,3,8:15,2,179.5,2,3,4,4,1,1,5,
11/4/2018,3,7:05,2,210.6,2,1,2,4,1,1,1,
11/4/2018,3,17:45,2,227.1,2,1,2,4,1,2,1,
12/4/2018,4,6:55,2,198.5,2,1,2,4,1,1,7,
12/4/2018,4,6:05,2,240.1,2,3,2,4,2,1,1,
14/04/2018,6,2:30,2,156,1,2,2,4,1,1,11,
14/04/2018,6,7:55,2,233.8,2,2,2,4,1,1,11,
14/04/2018,6,5:30,2,249.3,2,4,4,4,1,1,1,
14/04/2018,6,14:25,2,210.65,2,4,3,4,1,2,3,
15/04/2018,7,0:05,2,185.1,2,1,2,4,1,1,6,
15/04/2018,7,14:05,2,178.75,2,3,2,4,1,2,5,
15/04/2018,7,16:45,2,231,2,2,4,4,1,2,1,
15/04/2018,7,21:50,2,213.3,1,2,2,4,1,2,11,
17/04/2018,2,5:20,2,161.9,2,1,2,4,1,1,6,
17/04/2018,2,11:35,2,179.75,2,2,4,4,1,1,6,
17/04/2018,2,17:55,2,178.8,1,3,2,2,1,2,11,
17/04/2018,2,17:00,2,242.2,2,3,3,4,1,2,11,
17/04/2018,2,12:16,2,241.3,1,4,3,4,1,2,6,
18/04/2018,3,14:30,2,181.6,2,2,4,4,1,2,6,
18/04/2018,3,23:35,2,191.9,1,4,2,4,1,2,1,
19/04/2018,4,1:30,2,203.6,1,3,5,4,1,1,6,
20/04/2018,5,11:00,2,185.2,2,4,4,4,1,1,1,
21/04/2018,6,10:50,2,171.65,2,2,2,4,1,1,1,
21/04/2018,6,18:15,2,152.4,1,2,3,4,2,2,1,
21/04/2018,6,16:10,2,237.95,2,4,4,4,1,2,15,
21/04/2018,6,20:40,2,225.8,2,3,2,4,1,2,6,
22/04/2018,7,3:15,2,162.3,2,3,4,4,1,1,5,
22/04/2018,7,15:00,2,231.1,2,4,4,4,1,2,14,
22/04/2018,7,20:00,2,242.2,2,1,3,4,1,2,6,
23/04/2018,1,15:35,2,158.9,2,2,2,4,1,2,3,
24/04/2018,2,9:00,2,239.6,1,2,3,4,1,1,1,
24/04/2018,2,10:28,2,233.2,2,3,4,4,1,1,11,
26/04/2018,4,15:55,2,211.6,2,1,2,4,1,2,1,
26/04/2018,4,17:05,2,206.5,2,3,3,4,1,2,6,
27/04/2018,5,2:05,2,189.6,1,2,4,4,1,1,1,
27/04/2018,5,11:05,2,188.1,2,2,3,4,1,1,6,
27/04/2018,5,23:15,2,178.5,2,2,2,4,1,2,15,
27/04/2018,5,3:30,2,217.4,1,3,2,4,1,1,5,
27/04/2018,5,7:40,2,202.2,2,2,4,4,1,1,1,
28/04/2018,6,17:25,2,189.6,1,1,2,4,1,2,5,
28/04/2018,6,11:30,2,231.6,1,2,2,4,1,1,1,
29/04/2018,7,16:32,2,199.3,2,4,4,4,1,1,7,
29/04/2018,7,6:30,2,229.5,2,3,4,4,1,1,11,
1/5/2018,2,2:00,2,181.3,1,4,2,4,1,1,6,
1/5/2018,2,18:50,2,176.8,1,2,2,4,1,2,1,
1/5/2018,2,0:15,2,243.15,2,1,2,4,1,1,3,
1/5/2018,2,11:15,2,211.2,1,2,3,4,1,1,5,
2/5/2018,3,14:30,2,199.5,1,4,2,4,1,2,6,
3/5/2018,4,23:05,2,246.5,2,4,4,4,1,2,6,
4/5/2018,5,17:24,2,191.4,1,4,2,4,1,2,11,
4/5/2018,5,21:55,2,246,1,3,2,4,1,2,1,
5/5/2018,6,16:30,2,167.4,1,4,2,4,1,2,1,
5/5/2018,6,8:33,2,220.6,2,2,2,4,1,1,1,
5/5/2018,6,15:28,2,214.1,2,1,2,4,1,2,1,
5/5/2018,6,18:30,2,225.6,2,3,3,4,1,2,1,
6/5/2018,7,1:35,2,223.1,2,4,4,4,1,1,11,
7/5/2018,1,1:58,2,186.8,1,4,4,4,1,1,14,
7/5/2018,1,13:05,2,200.2,2,4,2,4,1,2,1,
8/5/2018,2,0:10,2,194.3,1,4,2,4,1,1,5,
8/5/2018,2,19:16,2,243.9,1,2,4,2,1,2,1,
9/5/2018,3,8:02,2,239.8,2,2,5,4,1,1,1,
10/5/2018,4,14:30,2,161.9,2,2,4,4,1,2,15,
10/5/2018,4,0:10,2,225.2,1,3,4,4,1,1,6,
10/5/2018,4,6:05,2,202.6,2,4,3,4,1,1,1,
10/5/2018,4,7:00,2,222.8,2,2,2,4,1,1,1,
10/5/2018,4,15:30,2,247.3,1,3,2,4,1,2,1,
11/5/2018,5,23:50,2,220.6,1,3,2,4,1,2,1,
12/5/2018,6,15:10,2,197,1,2,3,4,1,2,6,
12/5/2018,6,3:15,2,223.4,2,4,2,4,1,1,15,
12/5/2018,6,9:15,2,230.2,1,3,4,4,1,1,6,
13/05/2018,7,5:15,2,230.2,1,4,4,4,1,1,1,
13/05/2018,7,6:05,2,202.5,1,1,4,4,1,1,1,
14/05/2018,1,6:10,2,158.6,1,2,2,4,1,1,6,
15/05/2018,2,9:30,2,238.1,2,3,3,4,1,1,5,
15/05/2018,2,15:00,2,217.6,2,2,2,4,1,2,6,
15/05/2018,2,19:30,2,243.4,2,2,2,4,1,2,1,
16/05/2018,3,20:10,2,212.2,1,2,4,4,1,2,6,
17/05/2018,4,3:40,2,158.8,1,2,3,4,2,1,1,
17/05/2018,4,23:15,2,242,2,2,3,4,1,2,6,
18/05/2018,5,3:20,2,202.4,1,4,4,4,1,1,6,
18/05/2018,5,7:00,2,212.6,2,4,3,4,1,1,11,
18/05/2018,5,13:45,2,209.3,2,4,2,4,1,2,15,
19/05/2018,6,11:50,2,187.2,1,2,3,2,1,1,1,
19/05/2018,6,4:01,2,199,2,4,2,4,1,1,5,
19/05/2018,6,15:40,2,222.6,2,3,2,4,1,2,1,
19/05/2018,6,20:10,2,239.6,1,2,3,2,1,2,6,
20/05/2018,7,8:20,2,185.2,1,3,1,4,1,1,5,
20/05/2018,7,17:35,2,157.6,1,2,1,4,1,2,6,
20/05/2018,7,9:45,2,210,2,2,5,4,1,1,11,
25/05/2018,5,19:30,2,191.9,1,2,2,4,1,2,6,
25/05/2018,5,20:00,2,237.4,2,2,2,4,1,2,1,
26/05/2018,6,16:50,2,159.15,2,4,4,4,1,2,1,
26/05/2018,6,17:10,2,217.6,1,2,3,4,1,2,1,
27/05/2018,7,10:45,2,178.8,1,2,2,4,1,1,6,
27/05/2018,7,10:50,2,179.35,1,2,1,4,1,1,1,
27/05/2018,7,17:40,2,167.7,1,3,2,4,1,2,1,
27/05/2018,7,23:32,2,188.45,2,2,2,2,1,2,6,
27/05/2018,7,19:00,2,238.9,1,3,2,2,1,2,6,
28/05/2018,1,15:35,2,183.3,1,2,2,4,1,2,1,
29/05/2018,2,0:40,2,185.8,1,4,2,4,1,1,6,
29/05/2018,2,16:05,2,226.4,2,3,3,4,1,2,6,
30/05/2018,3,18:12,2,162.7,1,4,2,4,2,2,11,
30/05/2018,3,15:50,2,215.8,2,2,2,4,1,2,15,
31/05/2018,4,12:05,2,175.98,2,4,2,4,1,2,3,
31/05/2018,4,16:02,2,172.9,1,3,3,4,1,2,1,
2/6/2018,6,16:30,2,226.1,2,3,3,4,1,2,6,
4/6/2018,1,12:30,2,227.4,2,3,3,4,1,2,5,
6/6/2018,3,14:10,2,160.4,1,1,2,4,2,2,6,
6/6/2018,3,7:00,2,217.4,2,4,2,4,1,1,6,
8/6/2018,5,0:20,2,212,1,2,3,4,1,1,5,
10/6/2018,7,13:15,2,186.5,1,2,2,4,2,2,10,
11/6/2018,1,10:30,2,206.8,2,4,2,4,1,1,1,
12/6/2018,2,4:02,2,181.8,2,2,1,4,1,1,5,
12/6/2018,2,13:45,2,191.7,2,4,4,4,1,2,11,
12/6/2018,2,18:56,2,225.6,2,3,2,4,1,2,5,
13/06/2018,3,7:36,2,163.2,2,2,2,4,1,1,5,
14/06/2018,4,4:00,2,223,1,4,4,4,1,1,15,
17/06/2018,7,17:15,2,220.9,1,2,2,4,1,2,11,
19/06/2018,2,1:40,2,195.6,2,4,2,4,1,1,1,
21/06/2018,4,2:22,2,199.2,2,4,2,4,1,1,1,
21/06/2018,4,8:00,2,161.2,1,4,2,4,1,1,1,
21/06/2018,4,2:07,2,244.45,1,1,2,2,1,1,5,
22/06/2018,5,10:15,2,170.5,1,2,3,2,1,1,3,
22/06/2018,5,11:30,2,167.65,1,2,4,4,1,1,4,
23/06/2018,6,22:20,2,182.3,1,4,3,4,1,2,1,
24/06/2018,7,6:55,2,178.4,2,1,4,4,1,1,6,
24/06/2018,7,20:25,2,164.15,2,2,4,4,1,2,1,
25/06/2018,1,12:45,2,208,2,3,2,4,1,2,5,
28/06/2018,4,7:10,2,234.9,1,3,4,4,1,1,5,
28/06/2018,4,13:40,2,199.7,2,3,2,4,1,2,11,
28/06/2018,4,22:40,2,159.2,1,4,4,4,2,2,1,
30/06/2018,6,7:55,2,185,1,2,2,2,1,1,1,
2/12/2018,7,12:05,2,156.25,1,2,2,4,1,2,1,
6/12/2018,4,23:20,2,249.4,1,3,2,4,4,2,1,
7/12/2018,5,19:45,2,240.6,2,4,2,4,1,2,6,
10/12/2018,1,10:15,2,176.9,1,2,3,4,1,1,1,
10/12/2018,1,1:05,2,238.4,2,2,2,4,1,3,5,
10/12/2018,1,9:34,2,231,2,2,4,4,1,1,5,
11/12/2018,2,0:10,2,187.5,1,2,2,4,1,3,6,
12/12/2018,3,13:44,2,228.6,2,3,2,4,1,2,6,
13/12/2018,4,11:15,2,226.9,2,2,3,4,1,1,5,
13/12/2018,4,17:30,2,226.9,2,2,4,4,1,2,14,
14/12/2018,5,2:55,2,205.5,2,2,2,4,1,3,1,
14/12/2018,5,23:53,2,230,2,3,2,4,1,2,1,
15/12/2018,6,9:15,2,152.1,2,2,2,4,1,1,11,
15/12/2018,6,16:35,2,219.9,2,2,1,4,1,2,11,
15/12/2018,6,17:40,2,250,1,4,2,2,1,2,3,
16/12/2018,7,5:05,2,226.2,2,2,2,4,1,1,5,
16/12/2018,7,10:50,2,231.8,2,2,2,4,1,1,6,
19/12/2018,3,22:50,2,210.6,2,1,2,4,1,2,5,
21/12/2018,5,2:50,2,214.7,2,1,2,4,1,3,1,
24/12/2018,1,23:20,2,152.4,1,4,2,4,1,2,1,
24/12/2018,1,16:05,2,243,1,2,4,4,1,2,1,
25/12/2018,2,5:20,2,202.6,1,4,2,4,1,3,3,
26/12/2018,3,20:30,2,228.5,2,2,4,4,1,2,5,
27/12/2018,4,6:00,2,216.1,2,1,2,4,1,3,6,
28/12/2018,5,16:25,2,179.1,1,2,2,4,1,2,1,
28/12/2018,5,16:30,2,234.9,2,3,2,4,1,2,6,
29/12/2018,6,9:15,2,174.8,2,2,4,4,1,1,14,
29/12/2018,6,9:00,2,238.1,2,3,2,4,1,1,6,
29/12/2018,6,18:30,2,228.2,1,2,3,4,1,2,6,
30/12/2018,7,5:10,2,221.4,2,3,2,4,1,3,6,
1/1/2015,4,8:20,1,495.9,1,3,2,4,1,1,6,
1/1/2015,4,17:10,1,502,1,3,3,4,1,1,5,
2/1/2015,5,9:30,1,493.35,1,3,2,4,1,3,6,
2/1/2015,5,14:00,2,426.24,1,2,2,4,1,3,5,
2/1/2015,5,15:05,1,493.1,2,3,2,4,1,3,11,
3/1/2015,6,23:20,2,509.35,1,3,3,4,1,4,1,
4/1/2015,7,13:00,2,452.52,1,2,2,4,1,3,6,
4/1/2015,7,3:00,1,492.25,1,3,3,4,1,3,5,
6/1/2015,2,23:48,1,513.45,2,1,2,4,1,1,6,
6/1/2015,2,18:05,2,418.18,2,2,3,4,1,1,1,7
6/1/2015,2,8:45,2,412.5,1,4,3,4,1,1,5,
9/1/2015,5,18:15,1,507.2,2,3,2,4,1,1,5,
11/1/2015,7,22:34,2,467.8,2,2,3,4,1,1,5,
11/1/2015,7,17:22,1,456.2,2,2,2,4,1,1,1,6
12/1/2015,1,6:30,1,504.7,2,4,3,4,1,1,5,
13/01/2015,2,21:50,2,469.3,1,1,2,4,1,1,11,
15/01/2015,4,17:10,1,502,1,3,2,4,1,1,5,5
15/01/2015,4,8:45,2,451.6,1,3,3,4,1,2,5,6
15/01/2015,4,14:25,2,433.42,1,2,2,4,1,1,5,
17/01/2015,6,16:10,1,501.3,1,2,2,4,1,1,5,1
18/01/2015,7,0:59,2,450.88,2,2,3,4,1,1,3,
19/01/2015,1,22:15,2,414.32,2,2,3,4,1,1,1,
19/01/2015,1,6:58,2,418,1,3,3,4,1,1,5,
21/01/2015,3,0:25,2,513.4,1,3,3,4,1,1,5,
21/01/2015,3,3:35,2,408.39,1,4,3,4,1,1,5,
23/01/2015,5,22:30,1,495.4,2,3,3,4,1,1,6,
24/01/2015,6,21:55,1,494.4,2,2,2,4,1,1,6,
24/01/2015,6,7:45,2,417.08,1,4,2,4,1,1,1,
24/01/2015,6,23:40,1,492.05,2,2,2,4,1,1,6,
25/01/2015,7,17:40,1,498.3,2,3,3,4,1,1,5,
25/01/2015,7,9:00,2,462.3,1,4,3,4,1,1,5,
26/01/2015,1,12:40,1,501.95,1,3,3,4,1,1,5,1
27/01/2015,2,18:15,1,498.45,2,3,3,4,1,1,6,
27/01/2015,2,10:45,1,498.5,2,2,2,4,1,1,11,
28/01/2015,3,3:50,1,495.85,2,3,3,4,1,1,5,
28/01/2015,3,10:15,2,490.5,1,3,2,4,1,1,11,
29/01/2015,4,19:45,1,501.15,1,3,2,4,1,1,6,
30/01/2015,5,15:15,2,504.6,1,3,1,4,1,1,11,
30/01/2015,5,22:35,1,498.5,1,2,2,4,1,1,6,
31/01/2015,6,5:39,2,482.75,1,2,3,4,1,1,5,
2/2/2015,1,1:35,2,403.308,2,4,3,4,1,1,1,
3/2/2015,2,11:00,1,496.141,2,3,3,4,1,1,11,
3/2/2015,2,12:05,1,499.1,2,2,2,4,1,1,1,8
4/2/2015,3,6:00,1,456.6,2,3,3,4,1,1,1,5
6/2/2015,5,21:20,1,496.5,1,3,3,4,1,1,6,
6/2/2015,5,11:05,2,484.55,1,3,3,4,1,1,6,
6/2/2015,5,0:25,2,418.1,1,2,2,4,1,1,1,3
8/2/2015,7,10:30,1,496.75,1,2,3,4,1,1,5,6
9/2/2015,1,10:10,2,479.9,2,3,2,4,1,1,5,
9/2/2015,1,4:25,2,435.15,1,3,3,4,1,1,6,
10/2/2015,2,21:00,2,480.2,2,4,3,1,1,1,5,
10/2/2015,2,6:00,1,498.5,1,4,3,1,1,1,5,
11/2/2015,3,14:20,1,497.45,1,1,4,4,1,1,11,
16/02/2015,1,11:45,1,493.6,2,2,3,4,1,1,6,
16/02/2015,1,9:10,1,490.95,2,2,3,4,1,1,11,
16/02/2015,1,19:20,2,466.35,1,2,3,4,1,1,6,
16/02/2015,1,9:00,1,490.95,2,3,3,4,1,1,5,
16/02/2015,1,11:30,2,451.22,1,3,3,4,1,1,5,
18/02/2015,3,18:40,2,488.05,1,3,3,4,1,1,11,
18/02/2015,3,1:15,1,456.4,2,2,3,4,1,1,5,
19/02/2015,4,13:11,2,414.4,2,3,3,4,1,1,5,
20/02/2015,5,15:00,2,423.76,2,1,3,4,1,1,5,
20/02/2015,5,7:05,2,487.8,2,2,3,4,1,1,5,
20/02/2015,5,22:38,1,499.95,2,2,3,4,1,1,1,
21/02/2015,6,23:30,2,487,2,3,3,4,1,1,5,
23/02/2015,1,12:15,1,507.45,1,4,3,4,1,1,5,
24/02/2015,2,22:00,1,427.74,2,3,2,4,1,1,6,
24/02/2015,2,15:35,1,413.76,1,1,2,4,1,1,6,
25/02/2015,3,14:10,2,451.45,2,3,2,4,1,1,5,
25/02/2015,3,12:00,2,415,2,3,2,4,1,1,1,5
25/02/2015,3,22:30,1,498.6,2,2,3,4,1,1,6,
25/02/2015,3,22:00,1,495.5,2,4,2,4,1,1,5,
26/02/2015,4,19:45,1,491.6,2,4,3,4,1,1,5,
26/02/2015,4,9:00,1,490.15,2,4,3,4,1,1,5,
26/02/2015,4,17:33,2,453.5,1,3,3,4,1,1,5,
27/02/2015,5,12:35,1,464.62,2,1,3,4,1,1,3,
27/02/2015,5,6:00,1,495.25,2,3,2,4,1,3,5,
28/02/2015,6,15:40,2,435.52,2,3,2,4,1,1,6,
28/02/2015,6,16:40,2,436.98,1,4,2,4,1,1,5,
1/3/2015,7,6:50,2,411.48,2,4,2,4,1,1,1,
1/3/2015,7,7:10,2,419.7,1,2,3,4,1,1,1,
3/3/2015,2,12:00,2,491.6,2,2,2,4,1,1,6,
3/3/2015,2,1:30,2,486.3,1,1,2,4,1,1,11,
3/3/2015,2,5:30,2,418.2,1,4,3,4,1,1,5,
4/3/2015,3,1:40,2,485,2,1,2,4,1,1,8,
7/3/2015,6,16:00,1,498,1,3,3,4,1,1,6,
8/3/2015,7,13:30,2,491.8,1,3,3,4,1,1,6,
8/3/2015,7,10:00,1,497.75,1,3,3,4,1,1,6,
9/3/2015,1,3:05,2,419.26,2,1,2,4,1,1,11,
9/3/2015,1,5:30,1,496,2,1,2,4,1,1,6,
9/3/2015,1,14:00,2,409.25,2,1,2,4,1,1,5,6
10/3/2015,2,22:40,1,495.05,2,2,3,4,1,1,6,
11/3/2015,3,8:45,1,491.95,1,1,2,4,1,1,5,
11/3/2015,3,7:40,1,494.7,2,1,2,4,1,1,5,6
11/3/2015,3,21:00,2,514,1,2,3,4,1,1,11,
12/3/2015,4,3:30,2,484,2,2,3,4,1,1,5,5
13/03/2015,5,6:20,2,417.32,1,2,2,4,1,1,5,
13/03/2015,5,3:05,2,419.26,2,1,1,4,1,1,11,
13/03/2015,5,1:20,1,515.23,2,2,3,4,1,1,5,
14/03/2015,6,17:00,2,459.3,2,3,1,4,1,1,5,1
14/03/2015,6,19:00,2,422.52,1,2,3,4,1,1,5,5
15/03/2015,7,0:45,2,482.7,1,4,3,4,1,1,1,
15/03/2015,7,19:35,1,498.6,2,2,2,4,1,1,1,
15/03/2015,7,15:25,1,499.25,2,3,3,4,1,1,6,
19/03/2015,4,17:10,2,468.74,1,3,3,4,1,1,6,
20/03/2015,5,12:50,2,423.76,1,2,2,4,1,1,1,6
21/03/2015,6,14:16,2,461.16,2,3,3,4,1,1,1,
21/03/2015,6,6:25,2,412.2,1,3,3,4,1,1,5,
21/03/2015,6,20:05,2,437.82,2,4,3,4,1,1,5,
22/03/2015,7,21:40,2,492.3,1,2,3,4,1,1,5,3
26/03/2015,4,7:10,2,416.24,2,2,2,4,1,1,5,
26/03/2015,4,1:10,2,489.8,2,1,4,4,1,1,5,
26/03/2015,4,15:30,2,436.65,2,3,3,4,1,1,5,
26/03/2015,4,23:10,2,413.8,1,4,3,4,1,1,5,
27/03/2015,5,15:21,2,408.16,2,2,2,4,1,1,1,6
28/03/2015,6,17:50,1,495.35,1,1,2,4,1,1,5,
28/03/2015,6,22:20,2,473.9,1,3,3,4,1,1,3,
30/03/2015,1,16:10,2,452.9,2,3,3,4,1,1,5,
30/03/2015,1,17:15,2,413.78,1,4,2,4,1,1,1,
31/03/2015,2,0:15,1,498.58,2,3,3,4,1,1,1,
1/4/2015,3,23:20,1,494.85,1,2,2,4,1,1,6,
1/4/2015,3,18:58,2,420.36,1,3,3,4,1,1,1,6
2/4/2015,4,11:30,2,402.98,1,3,2,4,1,1,1,6
2/4/2015,4,5:56,2,408.84,2,3,3,4,1,1,5,
3/4/2015,5,23:05,2,472.8,1,3,3,4,1,1,5,
4/4/2015,6,23:05,1,493.75,2,2,2,4,1,1,6,
6/4/2015,1,17:20,2,506.75,2,2,2,4,1,1,6,
6/4/2015,1,3:40,2,449.6,2,3,3,4,1,1,5,
6/4/2015,1,22:10,2,503.45,1,2,2,4,1,1,5,
7/4/2015,2,4:25,2,429.82,2,2,4,4,1,1,1,5
7/4/2015,2,11:10,2,508.65,2,3,3,4,1,1,6,
8/4/2015,3,21:10,1,496.6,2,3,2,4,1,1,1,5
9/4/2015,4,3:50,2,507.3,1,1,3,4,1,1,1,5
10/4/2015,5,15:00,2,508.25,1,3,3,4,1,1,6,5
10/4/2015,5,23:20,1,456.85,1,1,3,4,1,1,6,1
11/4/2015,6,17:50,2,485.75,1,2,2,4,1,1,3,
11/4/2015,6,4:30,2,483,1,2,2,4,1,1,6,
12/4/2015,7,14:30,2,472.3,2,4,2,4,1,1,5,1
12/4/2015,7,3:50,1,491.2,2,3,2,4,1,1,1,
14/04/2015,2,7:40,2,492.85,1,2,2,4,1,1,5,
14/04/2015,2,14:40,1,498.4,2,2,3,4,1,1,5,6
15/04/2015,3,20:50,1,499.15,2,3,3,4,1,1,6,
16/04/2015,4,9:20,1,494.4,2,2,2,4,1,1,5,
16/04/2015,4,10:10,2,514.3,2,3,3,4,1,1,5,
17/04/2015,5,1:10,2,504.2,1,2,2,4,1,1,5,
17/04/2015,5,1:20,1,491.25,2,3,3,4,1,1,6,
17/04/2015,5,1:40,2,481.9,1,3,3,4,1,1,5,
17/04/2015,5,5:40,2,404.22,1,3,3,4,1,1,5,5
18/04/2015,6,5:50,2,415.36,2,3,3,4,1,1,5,
19/04/2015,7,3:10,1,494.8,1,2,3,4,1,1,5,
19/04/2015,7,12:35,1,497.75,2,2,2,4,1,1,6,
21/04/2015,2,15:20,1,496.25,2,3,2,4,1,10,4,6
21/04/2015,2,1:40,1,504.3,1,3,3,4,1,10,5,
22/04/2015,3,18:00,1,501.35,2,2,2,4,1,2,1,6
23/04/2015,4,22:46,2,451.2,1,3,3,4,1,3,5,
25/04/2015,6,12:50,2,507.9,2,2,2,4,1,3,1,
25/04/2015,6,4:10,1,502,2,3,2,4,1,3,5,
25/04/2015,6,4:15,2,398.78,2,2,2,4,1,3,5,
26/04/2015,7,2:02,2,471.98,2,3,2,4,1,3,5,
27/04/2015,1,17:30,2,403.08,1,4,2,4,1,3,5,
27/04/2015,1,22:30,2,500.7,1,3,2,4,1,3,1,
27/04/2015,1,8:10,1,499.3,2,3,2,4,1,3,5,
28/04/2015,2,18:10,1,492.9,1,3,2,4,1,1,11,
29/04/2015,3,0:50,2,482.9,2,2,2,4,1,3,6,
29/04/2015,3,2:00,2,500.3,1,2,2,4,1,3,6,
30/04/2015,4,15:20,2,451.24,2,3,2,4,1,10,6,
30/04/2015,4,18:20,1,492.95,1,2,2,4,1,10,8,
1/5/2015,5,23:20,1,494.85,1,2,2,4,1,1,6,
1/5/2015,5,18:58,2,420.36,1,3,3,4,1,1,1,6
2/5/2015,6,11:30,2,402.98,1,3,2,4,1,10,1,6
2/5/2015,6,23:05,2,407.7,1,4,3,4,1,10,5,
2/5/2015,6,21:20,1,501.35,2,2,2,4,1,1,8,
3/5/2015,7,21:00,2,487.35,2,3,6,4,1,1,6,
4/5/2015,1,13:30,2,428.2,2,1,2,4,1,10,6,
6/5/2015,3,22:20,1,496.5,1,3,2,4,1,10,6,
6/5/2015,3,9:15,2,480.48,2,3,3,4,1,10,1,
6/5/2015,3,7:05,2,421.1,1,4,3,4,1,10,5,
7/5/2015,4,13:00,2,502,1,4,2,4,1,1,5,
8/5/2015,5,17:30,2,458.9,1,2,3,4,1,1,6,
8/5/2015,5,20:00,2,423.54,2,3,2,4,1,1,6,
8/5/2015,5,22:15,2,502.05,1,3,3,4,1,1,5,
9/5/2015,6,22:40,2,509.417,2,3,2,4,1,10,9,
9/5/2015,6,22:17,1,502.6,1,4,2,4,1,10,5,
10/5/2015,7,23:20,2,454.8,1,3,3,4,1,10,6,
10/5/2015,7,22:56,2,491.4,2,2,3,4,1,10,6,
11/5/2015,1,0:00,2,414,2,4,3,4,1,10,1,
11/5/2015,1,10:20,2,489.39,1,2,3,4,1,10,1,
11/5/2015,1,21:45,1,496.65,1,3,3,4,1,10,6,
12/5/2015,2,5:30,2,491.45,2,3,2,4,1,10,8,
12/5/2015,2,6:30,2,489.5,1,3,2,4,1,10,8,
13/05/2015,3,12:40,2,438.5,2,3,2,4,1,1,6,
13/05/2015,3,2:47,2,472.5,2,3,3,4,1,1,5,
14/05/2015,4,4:30,2,398.24,2,2,3,4,1,10,5,
15/05/2015,5,23:22,2,457.8,1,4,3,4,1,1,5,
16/05/2015,6,21:40,2,434.48,2,2,2,4,1,4,6,
16/05/2015,6,18:00,1,495.1,2,3,2,4,1,4,6,
17/05/2015,7,9:45,2,478.85,2,3,3,4,1,10,5,3
17/05/2015,7,5:45,2,503.49,2,3,2,4,1,1,6,
17/05/2015,7,22:20,1,496.75,1,3,2,4,1,1,5,
18/05/2015,1,5:00,2,398.24,1,4,3,4,1,1,5,
18/05/2015,1,14:10,1,496.8,2,3,2,4,1,10,8,
19/05/2015,2,15:30,2,513.2,2,3,2,4,1,10,5,1
19/05/2015,2,6:00,1,494.95,1,4,2,4,1,1,5,
19/05/2015,2,9:20,2,423.48,2,3,3,4,1,10,5,
20/05/2015,3,1:00,2,491.1,1,2,1,4,1,10,6,
20/05/2015,3,5:10,1,495.95,1,2,3,4,1,10,1,
21/05/2015,4,2:00,2,487.9,1,4,3,4,1,10,5,
23/05/2015,6,19:55,2,414.32,1,3,3,4,1,10,1,
23/05/2015,6,5:10,2,493.3,2,3,3,4,1,10,1,
25/05/2015,1,12:45,1,497.5,2,3,2,4,1,10,9,
25/05/2015,1,18:20,1,494.35,2,1,3,4,1,4,9,
25/05/2015,1,0:05,2,508.2,1,2,3,4,1,10,6,
26/05/2015,2,9:32,2,464.7,2,3,2,4,1,10,5,
27/05/2015,3,5:10,2,439.2,1,2,2,4,1,1,6,
27/05/2015,3,16:45,2,491.12,1,4,2,4,1,10,5,
28/05/2015,4,2:00,2,483.96,2,2,2,4,1,10,5,
28/05/2015,4,10:30,1,494.35,2,2,2,4,1,10,6,
29/05/2015,5,7:55,2,413.58,1,3,4,4,1,10,5,
30/05/2015,6,0:10,2,422.3,1,2,3,4,1,1,3,
30/05/2015,6,16:25,1,497.35,2,2,2,4,1,10,6,
30/05/2015,6,3:40,2,424.35,1,4,3,4,1,10,5,
31/05/2015,7,7:05,2,489.46,2,4,2,4,1,10,5,
31/05/2015,7,10:30,2,501.55,1,2,2,4,1,10,1,7
1/6/2015,1,23:30,2,477,1,3,3,4,1,10,5,5
1/6/2015,1,14:40,2,421.45,1,4,3,4,1,10,1,
2/6/2015,2,5:10,2,399.25,1,3,3,4,1,1,5,
2/6/2015,2,2:35,2,501.9,2,2,3,4,1,1,1,
3/6/2015,3,9:20,1,495.35,2,2,3,4,1,10,6,
3/6/2015,3,11:30,2,409.8,2,3,2,4,1,10,1,
1/6/2015,1,23:30,2,477,1,3,3,4,1,10,5,5
1/6/2015,1,14:40,2,421.45,1,4,3,4,1,10,1,
2/6/2015,2,5:10,2,399.25,1,3,3,4,1,1,5,
2/6/2015,2,2:35,2,501.9,2,2,3,4,1,1,1,
3/6/2015,3,9:20,1,495.35,2,2,3,4,1,10,6,
3/6/2015,3,11:30,2,409.8,2,3,2,4,1,10,1,
4/6/2015,4,11:25,2,433.38,1,2,3,4,1,10,1,6
4/6/2015,4,1:10,2,515.23,1,3,1,4,1,10,5,
5/6/2015,5,10:40,2,426.32,1,2,3,4,1,10,5,
5/6/2015,5,2:45,1,494.7,2,3,2,4,1,1,7,
6/6/2015,6,16:50,2,430.2,1,1,2,4,1,10,4,
6/6/2015,6,3:30,2,438.84,1,2,3,4,1,10,5,
6/6/2015,6,15:00,1,492.85,1,4,3,4,1,10,5,1
6/6/2015,6,19:54,2,436.54,2,3,3,4,1,10,6,
7/6/2015,7,19:00,2,493.9,1,2,2,4,1,1,6,
8/6/2015,1,11:30,2,410.9,2,2,3,4,1,10,1,5
8/6/2015,1,23:02,2,467.95,1,2,3,4,1,10,5,
9/6/2015,2,0:00,1,456.85,1,2,5,4,1,10,6,
9/6/2015,2,1:40,2,505.9,2,3,3,4,1,10,10,
10/6/2015,3,22:50,2,486.9,2,2,2,4,1,10,9,
10/6/2015,3,13:40,1,496.1,1,3,3,4,1,10,6,
10/6/2015,3,20:35,2,422.46,2,2,2,4,1,10,9,
11/6/2015,4,22:00,2,488.65,1,3,2,4,1,10,9,
13/06/2015,6,21:10,2,466.85,2,2,3,4,1,10,1,
14/06/2015,7,16:45,2,406.46,2,2,2,4,1,3,9,
15/06/2015,1,21:50,1,501.6,2,2,4,4,1,1,6,5
15/06/2015,1,22:20,2,450.54,2,4,3,4,1,1,5,
15/06/2015,1,2:45,2,424.72,1,4,3,4,1,1,5,5
18/06/2015,4,0:05,2,469.18,2,2,2,4,1,1,1,
19/06/2015,5,17:25,2,487.85,1,3,3,4,1,1,1,
19/06/2015,5,17:45,2,484.95,2,4,2,4,1,1,1,
19/06/2015,5,23:30,2,506.85,2,1,2,4,1,1,6,
19/06/2015,5,11:05,2,474.35,2,3,3,4,1,1,5,
21/06/2015,7,0:25,1,497,2,2,4,4,1,1,9,
23/06/2015,2,13:55,1,494.5,2,3,2,4,1,2,6,
25/06/2015,4,12:44,1,498.4,2,3,2,4,1,2,6,
25/06/2015,4,2:14,2,420.18,2,3,3,4,1,2,3,
27/06/2015,6,7:20,2,462.08,2,2,3,4,1,2,5,
28/06/2015,7,4:00,2,513.25,2,1,3,4,1,1,5,5
29/06/2015,1,2:05,2,424.6,1,3,1,4,1,1,5,
29/06/2015,1,22:05,1,499.3,1,2,2,4,1,1,6,
30/06/2015,2,4:25,2,507.2,2,4,3,4,1,1,5,
30/06/2015,2,2:00,1,497.2,1,3,2,4,1,1,1,
30/06/2015,2,20:40,1,500.5,2,2,3,4,1,1,6,
2/7/2015,4,2:45,1,490.8,2,3,4,4,1,1,9,
2/7/2015,4,8:20,2,468.52,2,2,3,4,1,1,6,9
2/7/2015,4,10:10,1,496.7,1,3,3,4,1,1,5,5
3/7/2015,5,2:40,2,429.82,2,2,2,4,1,1,1,
5/7/2015,7,15:30,1,494.45,2,3,3,4,1,1,1,
6/7/2015,1,12:20,2,451.08,2,2,3,4,1,1,1,
7/7/2015,2,21:40,2,415.14,2,2,2,4,1,2,5,5
8/7/2015,3,17:20,1,501.7,2,3,3,4,1,2,1,
9/7/2015,4,16:30,1,496.15,2,3,2,4,1,2,6,
9/7/2015,4,0:00,1,499.1,1,3,2,4,1,2,1,6
12/7/2015,7,20:30,1,493.1,2,2,3,4,1,1,9,
13/07/2015,1,7:20,2,469.2,1,1,3,4,1,1,5,9
14/07/2015,2,9:30,1,501.7,1,4,2,4,1,2,5,
15/07/2015,3,14:00,2,480.35,2,1,3,4,1,1,5,6
16/07/2015,4,16:30,1,496.35,2,2,2,4,1,1,7,6
18/07/2015,6,17:06,2,413.7,1,4,2,4,1,2,1,
18/07/2015,6,19:30,2,487.9,1,2,2,4,1,2,9,
19/07/2015,7,21:25,1,498,2,1,5,4,1,1,6,
19/07/2015,7,7:30,2,453.18,2,2,2,4,1,1,5,6
21/07/2015,2,7:00,2,489.5,2,3,2,4,1,2,9,
23/07/2015,4,15:55,1,502,1,3,2,4,1,2,1,
23/07/2015,4,5:15,1,502.05,1,1,3,4,1,2,5,
23/07/2015,4,7:36,2,434.96,1,3,4,4,1,3,9,
24/07/2015,5,14:29,2,428.505,1,3,3,4,1,3,6,
24/07/2015,5,17:25,2,464.58,1,3,2,4,1,3,1,
25/07/2015,6,8:55,2,469.88,1,2,2,4,1,3,1,1
27/07/2015,1,12:10,2,412.76,2,2,3,4,1,2,7,
28/07/2015,2,13:30,1,490,2,2,2,4,1,2,6,
28/07/2015,2,5:30,2,484.55,1,2,2,4,1,2,5,
29/07/2015,3,10:30,2,430.14,1,2,2,4,1,2,6,
31/07/2015,5,23:09,2,436.16,2,2,3,4,1,5,6,
2/8/2015,7,9:40,1,496.5,1,2,2,4,1,5,11,
3/8/2015,1,12:55,1,489.3,2,2,2,4,1,2,6,
4/8/2015,2,0:31,2,422.5,2,2,3,4,1,1,6,
5/8/2015,3,16:51,2,436.75,2,4,3,4,1,1,5,5
6/8/2015,4,21:32,2,433.55,2,2,3,4,1,1,5,6
8/8/2015,6,4:25,1,495,2,3,1,4,1,1,1,
8/8/2015,6,20:15,2,431.7,2,3,3,4,1,1,6,
8/8/2015,6,14:05,1,490.05,1,2,2,4,1,1,1,
9/8/2015,7,8:00,1,504.35,2,1,3,4,1,1,5,
10/8/2015,1,0:30,2,417.86,1,4,3,4,1,1,5,
11/8/2015,2,20:30,2,424.38,2,3,3,4,1,1,6,
11/8/2015,2,9:50,1,499.25,2,3,2,4,1,1,6,
11/8/2015,2,10:00,2,407.34,1,1,2,4,1,1,5,9
12/8/2015,3,9:20,2,465.3,1,3,3,4,1,1,5,
13/08/2015,4,20:30,2,439.3,1,3,1,4,1,1,1,
14/08/2015,5,19:30,2,431.6,2,2,2,4,1,1,12,9
16/08/2015,7,19:30,1,499,1,2,2,4,1,1,6,
16/08/2015,7,9:15,1,493.85,2,2,1,4,1,1,6,
18/08/2015,2,0:05,2,464.25,1,2,3,4,1,1,6,
19/08/2015,3,20:20,1,496.5,2,1,2,4,1,1,12,8
20/08/2015,4,9:45,1,499.25,2,2,2,4,1,1,12,6
20/08/2015,4,22:45,2,467.8,1,3,3,4,1,1,5,
21/08/2015,5,12:15,1,495.55,2,1,2,4,1,1,12,6
21/08/2015,5,14:45,2,488,2,3,3,4,1,1,8,
22/08/2015,6,13:40,2,486.65,2,2,2,4,1,1,5,5
22/08/2015,6,15:15,1,499.25,1,3,2,4,1,1,6,
26/08/2015,3,21:30,2,508.2,1,2,3,4,1,1,5,5
29/08/2015,6,20:20,2,487.25,1,3,3,4,1,1,6,
30/08/2015,7,21:30,2,423.94,2,2,3,4,1,1,6,
1/9/2015,2,5:30,2,467.8,1,2,3,4,1,2,5,
3/9/2015,4,5:00,2,415.56,1,2,3,4,1,1,5,
5/9/2015,6,8:00,1,496.25,2,3,2,4,1,2,5,8
6/9/2015,7,17:30,2,405.34,1,2,3,4,1,2,1,
7/9/2015,1,5:00,2,420.78,2,2,3,4,1,3,5,1
8/9/2015,2,18:52,1,499.25,2,3,2,4,1,1,6,
8/9/2015,2,0:50,2,411.6,2,2,3,4,1,2,5,8
8/9/2015,2,5:05,1,501.8,1,4,2,4,1,1,5,
10/9/2015,4,15:30,1,499.75,1,2,3,4,1,1,12,1
11/9/2015,5,23:01,2,418.2,1,3,3,4,1,1,1,
11/9/2015,5,15:45,1,501.95,1,2,2,4,1,1,5,
11/9/2015,5,16:00,2,483.55,2,2,2,4,1,1,5,6
12/9/2015,6,5:05,2,481.451,2,3,2,4,1,1,5,
12/9/2015,6,11:02,2,452.7,2,3,3,4,1,1,5,
13/09/2015,7,19:35,2,425.8,1,2,2,4,1,1,12,6
14/09/2015,1,23:00,2,455.75,2,2,3,4,1,1,6,
15/09/2015,2,19:00,1,500.2,1,4,3,4,1,1,5,
16/09/2015,3,9:24,2,401.8,1,3,4,4,1,2,11,
17/09/2015,4,8:45,2,450.6,1,3,3,4,1,1,6,
18/09/2015,5,23:08,2,471.9,2,2,2,4,1,1,6,
19/09/2015,6,22:00,1,504.8,2,2,4,4,1,1,12,8
19/09/2015,6,21:30,1,506.1,2,2,3,4,1,1,11,
19/09/2015,6,21:00,2,428.2,2,3,2,4,1,1,11,
20/09/2015,7,8:35,2,481.25,2,3,3,4,1,1,6,
21/09/2015,1,6:15,1,489.95,1,3,3,4,1,1,5,
21/09/2015,1,0:30,2,411.64,2,3,3,4,1,1,1,
22/09/2015,2,13:15,2,425.2,2,1,2,4,1,1,11,
22/09/2015,2,13:22,2,425.25,2,3,3,4,1,1,7,8
23/09/2015,3,7:00,2,422.2,1,4,2,4,1,1,1,
23/09/2015,3,18:55,2,495,2,4,2,4,1,1,5,
24/09/2015,4,3:50,2,424.6,2,2,3,4,1,1,6,
24/09/2015,4,9:00,1,496.25,2,2,2,4,1,1,6,
26/09/2015,6,9:30,2,476.6,1,3,3,4,1,1,5,
28/09/2015,1,2:00,2,447.65,1,3,3,4,1,1,5,
29/09/2015,2,5:40,2,403.13,2,3,3,4,1,1,1,
1/10/2015,4,11:00,1,501,1,3,3,4,1,1,6,
3/10/2015,6,11:00,2,489.95,2,3,2,4,1,1,6,
3/10/2015,6,0:00,2,479.6,2,3,3,4,1,1,5,
4/10/2015,7,5:30,1,499.3,1,2,2,4,1,1,1,5
5/10/2015,1,19:00,1,496.3,1,3,2,4,1,1,8,
5/10/2015,1,7:02,1,500.7,2,4,3,4,1,1,1,
5/10/2015,1,17:40,2,510.95,2,3,3,4,1,1,5,
6/10/2015,2,17:40,1,493.6,1,3,2,4,1,1,6,
6/10/2015,2,20:30,2,430.82,1,3,2,4,1,1,6,
7/10/2015,3,14:15,1,500.55,2,3,3,4,1,1,5,
8/10/2015,4,0:30,2,474.76,1,3,3,4,1,1,1,5
10/10/2015,6,3:30,2,506.4,1,3,3,4,1,1,5,1
10/10/2015,6,11:00,2,425.68,1,3,2,4,1,1,5,
11/10/2015,7,7:20,2,509,2,2,3,4,1,1,5,1
11/10/2015,7,5:45,2,506.65,1,3,2,4,1,1,3,
11/10/2015,7,9:30,2,417.96,1,1,3,4,1,1,6,
11/10/2015,7,11:08,2,421.18,2,1,2,4,1,1,6,5
11/10/2015,7,23:40,1,496.6,1,2,3,4,1,1,8,
12/10/2015,1,22:12,2,463.84,1,3,3,4,1,1,5,
12/10/2015,1,1:50,2,508,1,3,3,4,1,1,5,
12/10/2015,1,13:02,2,438.2,1,2,1,4,1,1,11,
13/10/2015,2,7:03,2,492.7,1,2,2,4,1,1,5,
14/10/2015,3,12:02,2,482.2,2,2,3,4,1,1,6,
14/10/2015,3,8:30,2,443.9,1,2,2,4,1,1,1,
16/10/2015,5,19:00,2,428.24,1,3,3,4,1,1,6,
17/10/2015,6,10:30,2,420.32,1,1,2,4,1,1,5,6
17/10/2015,6,22:05,2,502.05,2,2,3,4,1,1,5,
19/10/2015,1,0:17,2,514.7,2,2,3,4,1,1,5,
19/10/2015,1,21:30,1,498.05,1,2,2,4,1,1,6,
19/10/2015,1,9:30,2,492.25,1,3,4,4,1,1,6,
20/10/2015,2,7:40,2,429.32,1,1,3,4,1,1,6,
20/10/2015,2,10:35,2,479.55,1,2,3,4,1,1,6,
20/10/2015,2,22:10,2,489,2,2,2,4,1,1,5,
21/10/2015,3,17:06,2,403.3,1,2,4,4,1,1,8,
21/10/2015,3,10:00,1,498.2,1,2,3,4,1,1,1,
22/10/2015,4,21:45,2,481.9,2,2,2,4,1,1,8,
23/10/2015,5,7:10,2,488.35,2,4,3,4,1,1,5,
24/10/2015,6,11:30,2,421.2,1,3,3,4,1,1,5,
24/10/2015,6,7:17,2,453.54,1,3,3,4,1,1,5,
25/10/2015,7,11:00,1,500.05,2,2,4,4,1,1,8,
25/10/2015,7,6:15,2,425.32,1,2,3,4,1,1,6,
26/10/2015,1,16:00,2,422.7,1,3,1,4,1,1,6,
27/10/2015,2,9:10,1,450.54,2,4,3,4,1,1,5,
27/10/2015,2,20:13,1,453.28,2,2,3,4,1,1,1,
28/10/2015,3,7:15,2,428.24,1,2,3,4,1,1,6,8
28/10/2015,3,9:00,2,436.6,1,3,3,4,1,1,5,
28/10/2015,3,16:53,2,435.7,2,2,2,4,1,1,5,8
29/10/2015,4,13:32,1,495.7,1,3,3,4,1,1,1,
30/10/2015,5,4:45,2,482.3,2,3,3,4,1,1,5,
30/10/2015,5,4:30,2,432.3,2,2,2,4,1,1,11,
1/11/2015,7,13:59,1,495.55,1,3,2,4,1,1,7,
1/11/2015,7,16:18,2,509.45,1,3,3,4,1,1,5,
2/11/2015,1,0:35,2,507.25,2,3,3,4,1,1,5,
2/11/2015,1,1:50,2,451.3,1,3,1,4,1,1,1,
4/11/2015,3,20:30,1,495.4,2,3,2,4,1,1,9,
4/11/2015,3,22:10,2,510.05,1,2,3,4,1,1,5,
5/11/2015,4,4:30,2,491.3,2,2,3,4,1,1,5,
7/11/2015,6,15:30,2,503.35,1,3,1,4,1,1,9,
8/11/2015,7,14:00,2,486.35,1,3,1,4,1,1,9,
8/11/2015,7,0:50,1,507,1,3,3,4,1,1,5,
8/11/2015,7,7:15,2,405.3,2,2,2,4,1,1,11,
8/11/2015,7,10:00,2,432.6,2,2,3,4,1,1,5,9
8/11/2015,7,20:45,2,434.32,1,2,2,4,1,1,9,
10/11/2015,2,21:05,2,436.32,2,3,3,4,1,1,6,
12/11/2015,4,7:05,1,499.3,1,2,2,4,1,1,6,3
12/11/2015,4,15:00,1,495.8,1,2,2,4,1,1,6,
13/11/2015,5,19:30,2,413.2,2,3,3,4,1,1,5,
13/11/2015,5,8:48,2,468.6,2,3,3,4,1,1,1,
14/11/2015,6,3:00,2,478.75,2,4,2,4,1,1,5,
15/11/2015,7,23:10,1,502.35,1,3,2,4,1,1,1,
18/11/2015,3,13:20,2,511.24,2,3,3,4,1,1,1,
18/11/2015,3,8:21,1,495.1,2,3,2,4,1,1,6,
19/11/2015,4,23:28,2,450.88,1,3,2,4,1,1,5,
20/11/2015,5,13:10,2,458.3,1,2,2,4,1,1,8,
22/11/2015,7,10:45,2,484.5,2,4,3,4,1,1,5,
22/11/2015,7,17:00,1,501.55,2,2,2,4,1,1,6,
23/11/2015,1,20:30,2,411.32,2,4,2,4,1,1,5,
24/11/2015,2,6:30,2,414.28,1,4,3,4,1,1,5,
24/11/2015,2,20:00,2,489.6,2,3,1,4,1,1,11,
26/11/2015,4,19:07,2,487.55,2,3,3,4,1,1,6,
27/11/2015,5,2:50,2,506.8,1,4,2,4,1,1,1,
28/11/2015,6,16:10,1,428.3,2,1,2,4,1,1,6,
28/11/2015,6,12:20,2,496.5,2,2,2,4,1,1,6,
28/11/2015,6,15:45,2,467.41,2,1,4,4,1,1,9,
29/11/2015,7,5:45,1,507,1,2,3,4,1,1,5,5
29/11/2015,7,19:40,2,427.9,1,2,1,4,1,1,9,
29/11/2015,7,0:30,1,491.76,2,2,2,4,1,1,1,5
30/11/2015,1,4:00,1,457.6,1,4,3,4,1,3,5,
30/11/2015,1,20:30,2,411.32,2,4,2,4,1,1,5,
1/12/2015,2,23:45,2,431.64,1,2,2,4,1,1,6,
1/12/2015,2,19:00,2,467.8,2,3,3,4,1,1,1,
4/12/2015,5,10:00,2,439.5,2,2,4,4,1,1,1,
4/12/2015,5,20:25,1,500.1,2,1,3,4,1,1,6,
4/12/2015,5,21:20,2,403.65,1,1,2,4,1,1,6,
5/12/2015,6,12:30,2,507.15,2,1,2,4,1,1,6,
5/12/2015,6,11:25,2,513,1,2,2,4,1,1,5,
6/12/2015,7,14:10,2,423.95,1,3,3,4,1,1,6,
6/12/2015,7,13:30,1,496,2,3,3,4,1,1,6,
7/12/2015,1,6:00,2,402.22,2,2,3,4,1,1,5,
8/12/2015,2,17:18,2,495.45,1,2,2,4,1,1,6,
8/12/2015,2,4:38,2,457.64,2,2,3,4,1,1,5,
10/12/2015,4,16:10,2,400,1,1,3,4,1,1,5,6
11/12/2015,5,2:15,2,495.05,1,2,3,4,1,1,1,
11/12/2015,5,4:35,2,509.5,1,3,3,4,1,1,5,
11/12/2015,5,16:35,1,490.3,1,2,2,4,1,1,8,
12/12/2015,6,0:00,2,487.4,2,2,4,4,1,1,6,
13/12/2015,7,16:50,2,489.3,2,2,3,4,1,1,6,
14/12/2015,1,19:20,2,403.08,1,2,3,4,1,3,1,
15/12/2015,2,18:40,2,414.1,2,2,2,4,1,3,6,
17/12/2015,4,22:00,2,417.9,2,2,3,4,1,1,1,
17/12/2015,4,10:45,2,506.65,2,4,3,4,1,3,5,
17/12/2015,4,10:33,2,492.34,1,3,3,4,1,11,6,
17/12/2015,4,23:15,2,465.9,1,3,3,4,1,11,5,
18/12/2015,5,19:20,2,421.14,2,2,2,4,1,3,6,
18/12/2015,5,7:40,2,480.6,1,4,3,4,1,3,5,
18/12/2015,5,10:15,2,498.95,1,2,3,4,1,1,5,
19/12/2015,6,8:55,2,487.505,2,3,3,4,1,1,5,
20/12/2015,7,5:00,2,412.84,1,3,2,4,1,1,5,
20/12/2015,7,23:10,2,434.14,2,2,2,4,1,11,9,
21/12/2015,1,17:25,2,403.6,1,3,3,4,1,3,9,
22/12/2015,2,0:00,2,506.05,1,4,3,4,1,3,5,
22/12/2015,2,19:30,2,415.12,1,3,3,4,1,3,5,
24/12/2015,4,8:30,2,471.9,2,3,2,4,1,3,1,
25/12/2015,5,21:10,1,490.15,2,2,2,4,1,11,6,
25/12/2015,5,8:20,2,482.48,1,3,1,4,1,1,5,
26/12/2015,6,12:38,2,419.78,2,2,2,4,1,3,1,1
26/12/2015,6,16:50,2,458,2,2,2,4,1,3,6,
27/12/2015,7,8:30,2,465.84,2,3,3,4,1,1,3,
28/12/2015,1,6:25,2,411.2,2,2,3,4,1,11,5,
29/12/2015,2,18:55,1,496.05,1,2,2,4,1,1,6,
30/12/2015,3,13:20,1,496.3,2,2,3,4,1,1,1,8
30/12/2015,3,6:50,2,501.45,2,4,3,4,1,11,5,
31/12/2015,4,14:05,2,470.85,2,1,3,4,1,1,6,
31/12/2015,4,13:05,2,502.5,2,4,3,4,1,1,6,
1/1/2016,5,22:49,2,488,1,2,4,4,1,3,6,
3/1/2016,7,0:40,1,495.45,2,3,3,4,1,3,6,
5/1/2016,2,23:35,2,504.85,2,4,3,4,1,1,5,
6/1/2016,3,14:23,2,450.82,1,2,3,4,1,1,6,
7/1/2016,4,17:10,1,497.3,2,2,2,4,1,1,9,
7/1/2016,4,13:40,2,408.26,1,4,3,4,1,1,5,
7/1/2016,4,18:25,1,493.6,1,2,3,4,1,1,6,
8/1/2016,5,12:30,2,437.58,2,3,3,4,1,1,7,
8/1/2016,5,1:20,2,470,2,4,2,4,1,1,5,
9/1/2016,6,20:10,2,489.6,2,2,3,4,1,1,6,
9/1/2016,6,2:05,2,422.76,1,2,3,4,1,1,1,
9/1/2016,6,20:35,2,472.25,1,3,2,4,1,1,5,
10/1/2016,7,11:00,2,400.5,2,2,3,4,1,1,6,
10/1/2016,7,20:00,2,421.16,2,1,2,4,1,1,1,5
11/1/2016,1,0:25,2,451.92,1,2,3,4,1,1,5,
11/1/2016,1,11:25,2,456.92,1,1,3,4,1,1,7,
11/1/2016,1,7:55,2,454.52,1,4,3,4,1,1,1,
12/1/2016,2,11:45,1,421.44,2,3,2,4,1,1,1,5
13/01/2016,3,1:10,2,492,2,1,4,4,1,11,11,
13/01/2016,3,11:20,2,405,2,4,3,4,1,1,1,
14/01/2016,4,13:15,2,443.96,1,4,3,4,1,3,5,
14/01/2016,4,22:50,1,501.6,1,2,2,4,1,1,6,
14/01/2016,4,22:40,1,501.25,1,2,2,4,1,1,6,
18/01/2016,1,12:10,2,411.92,2,4,2,4,1,1,5,
19/01/2016,2,0:17,2,445,2,3,3,4,1,11,5,
19/01/2016,2,23:15,2,488.1,1,2,1,4,1,4,6,
20/01/2016,3,6:30,1,492.05,2,2,2,4,1,4,6,
21/01/2016,4,19:50,1,492.9,1,1,2,4,1,11,6,
21/01/2016,4,9:30,2,452,1,3,3,4,1,1,1,
22/01/2016,5,19:00,1,492.55,2,2,3,4,1,3,1,6
22/01/2016,5,16:10,2,425.48,1,1,2,4,1,1,5,6
22/01/2016,5,6:02,2,472.6,2,2,3,4,1,11,5,5
23/01/2016,6,17:30,1,497.2,1,3,3,4,1,11,5,6
24/01/2016,7,16:30,2,427.18,1,2,2,4,1,11,9,
24/01/2016,7,15:40,1,495.5,1,1,2,4,1,1,1,5
25/01/2016,1,0:34,2,428.12,1,2,2,4,1,1,9,
25/01/2016,1,19:10,2,452.35,2,2,2,4,1,1,5,
25/01/2016,1,14:30,2,514.4,1,4,3,4,1,1,5,
25/01/2016,1,17:25,1,495.6,2,2,2,4,1,1,9,
26/01/2016,2,12:35,2,422.26,2,3,3,4,1,1,6,
26/01/2016,2,2:10,1,498.45,2,2,3,4,1,1,6,
27/01/2016,3,15:42,2,454.58,2,2,3,4,1,3,5,
27/01/2016,3,13:55,2,452.19,1,3,2,4,1,1,5,1
27/01/2016,3,13:55,2,460.88,1,3,3,4,1,1,5,
28/01/2016,4,5:00,2,506.4,2,3,3,4,1,1,5,
28/01/2016,4,13:58,2,454.7,1,3,3,4,1,1,5,
29/01/2016,5,17:41,2,456.18,1,3,3,4,1,1,5,1
31/01/2016,7,15:40,2,506.75,2,2,2,4,1,1,6,
1/2/2016,1,11:00,1,492.15,2,2,3,4,1,1,9,
2/2/2016,2,9:20,2,485.1,1,4,3,4,1,1,5,
2/2/2016,2,14:10,2,436.42,2,3,3,4,1,1,5,
2/2/2016,2,0:30,2,482.75,1,2,3,4,1,1,6,
3/2/2016,3,1:40,2,510.2,1,4,3,4,1,1,5,
3/2/2016,3,2:00,1,507,2,3,1,4,1,1,5,
3/2/2016,3,10:20,1,496.6,2,1,2,4,1,3,5,6
3/2/2016,3,17:45,1,492.8,1,2,2,4,1,1,6,
3/2/2016,3,14:36,1,493.65,2,3,3,4,1,1,9,
5/2/2016,5,16:20,2,450,2,3,3,4,1,1,6,
6/2/2016,6,15:32,2,434.8,2,2,2,4,1,1,6,
6/2/2016,6,9:50,2,492.2,2,3,3,4,1,1,9,
6/2/2016,6,10:52,1,463.18,2,3,3,4,1,1,1,
8/2/2016,1,5:50,2,506.4,2,3,2,4,1,1,6,
9/2/2016,2,14:00,2,418.7,2,3,2,4,1,1,6,
9/2/2016,2,19:35,1,498.4,1,2,3,4,1,1,6,
9/2/2016,2,19:20,2,487.7,2,2,3,4,1,1,6,
10/2/2016,3,0:05,1,497.05,1,2,3,4,1,1,9,
10/2/2016,3,16:10,2,493.6,1,2,3,4,1,1,9,
10/2/2016,3,11:30,2,416.3,1,2,3,4,1,1,9,
11/2/2016,4,11:07,2,463.3,2,3,2,4,1,1,5,
11/2/2016,4,11:35,1,497.1,1,2,2,4,1,1,6,
11/2/2016,4,22:05,2,485.3,2,2,3,4,1,1,9,
12/2/2016,5,19:25,1,497.2,1,3,2,4,1,1,9,
13/02/2016,6,8:00,2,406.54,1,2,3,4,1,1,7,
13/02/2016,6,0:18,2,494.45,2,3,2,4,1,1,9,
13/02/2016,6,20:58,1,499.6,1,3,2,4,1,1,9,
13/02/2016,6,10:00,2,496,2,2,3,4,1,1,6,
14/02/2016,7,18:26,2,428.75,1,2,2,4,1,1,6,
14/02/2016,7,14:00,2,494.25,1,2,3,4,1,1,9,
15/02/2016,1,11:00,2,431.25,1,4,1,4,1,1,5,5
17/02/2016,3,7:40,2,461.7,2,1,3,4,1,1,11,
18/02/2016,4,19:25,1,426.52,2,2,2,4,1,1,6,6
18/02/2016,4,13:00,2,424.5,1,3,1,4,1,1,6,
19/02/2016,5,0:00,2,464.2,1,2,3,4,1,1,6,
19/02/2016,5,21:50,1,488.4,1,2,3,4,1,1,5,
19/02/2016,5,23:45,2,437.74,1,2,2,4,1,1,11,
21/02/2016,7,1:03,2,432.36,2,3,3,4,1,1,6,
21/02/2016,7,16:40,1,493.65,2,2,3,4,1,1,7,
22/02/2016,1,14:50,2,403.3,2,2,2,4,1,1,11,
22/02/2016,1,21:15,1,499.35,1,2,3,4,1,1,11,
22/02/2016,1,20:40,2,439.72,1,2,3,4,1,1,7,
23/02/2016,2,18:40,2,435.18,1,3,2,4,1,1,6,
23/02/2016,2,17:45,2,471.9,1,3,3,4,1,1,5,
24/02/2016,3,20:30,2,484.75,1,2,3,4,1,1,6,
25/02/2016,4,21:00,2,450.3,2,3,3,4,1,1,6,
26/02/2016,5,11:53,2,432.46,2,3,2,4,1,1,7,9
26/02/2016,5,22:15,2,507.2,2,4,3,4,1,1,5,
26/02/2016,5,22:30,2,500.6,2,2,3,4,1,1,6,
26/02/2016,5,10:10,2,507.15,1,3,2,4,1,1,5,
27/02/2016,6,5:40,1,496.85,1,3,2,4,1,1,5,
27/02/2016,6,12:20,2,506.65,2,3,2,4,1,1,6,
28/02/2016,7,22:50,2,431.08,1,1,2,4,1,1,6,
28/02/2016,7,17:15,1,497.45,1,3,3,4,1,1,6,
29/02/2016,1,7:50,2,449.2,2,3,2,4,1,1,1,
29/02/2016,1,18:10,2,434.28,1,2,3,4,1,1,4,
29/02/2016,1,1:30,2,507.15,1,2,3,4,1,1,1,
1/3/2016,2,0:05,2,431.22,1,3,2,4,1,1,1,
2/3/2016,3,0:00,2,441.48,1,4,3,4,1,1,5,
2/3/2016,3,16:50,2,428.9,1,1,3,4,1,1,9,
2/3/2016,3,11:13,1,497.3,2,3,2,4,1,1,9,
2/3/2016,3,9:25,1,496.25,2,3,3,4,1,1,5,1
3/3/2016,4,8:20,2,434.4,1,3,3,4,1,1,1,
3/3/2016,4,0:43,1,496.85,2,1,1,4,1,1,6,
3/3/2016,4,22:50,2,459.1,1,3,2,4,1,1,1,
4/3/2016,5,19:00,2,485.35,1,2,2,4,1,1,6,
5/3/2016,6,0:30,2,413.06,2,1,2,4,1,1,6,
5/3/2016,6,5:50,2,508.7,1,3,2,4,1,1,5,1
5/3/2016,6,0:40,2,507.15,1,3,3,4,1,1,5,
5/3/2016,6,2:40,2,456.35,1,2,2,4,1,1,5,
6/3/2016,7,23:05,2,503.25,2,3,3,4,1,1,5,1
7/3/2016,1,21:00,2,421.6,1,3,2,4,1,1,9,
7/3/2016,1,8:10,2,458.42,1,2,3,4,1,1,6,
7/3/2016,1,7:10,2,472.95,1,3,3,4,1,1,5,5
9/3/2016,3,18:35,2,423.24,1,2,2,4,1,1,6,
9/3/2016,3,20:34,2,456.02,2,3,3,4,1,1,5,1
11/3/2016,5,8:00,2,440.15,1,2,3,4,1,1,6,
11/3/2016,5,12:10,1,501.52,2,4,2,4,1,1,5,
11/3/2016,5,13:25,1,498.95,1,2,3,4,1,1,6,
11/3/2016,5,20:15,2,490.425,1,3,3,4,1,1,6,
11/3/2016,5,9:50,1,495.94,1,3,1,4,1,1,5,
12/3/2016,6,0:55,2,505.2,2,2,2,4,1,1,9,
13/03/2016,7,21:44,2,454.08,1,2,2,4,1,1,6,
13/03/2016,7,9:00,2,486.75,2,2,2,4,1,1,9,
13/03/2016,7,12:47,2,491.5,2,2,2,4,1,1,5,
13/03/2016,7,2:00,1,497.95,1,1,3,4,1,1,9,
13/03/2016,7,6:10,1,501.95,1,3,2,4,1,1,4,
14/03/2016,1,14:38,2,452.66,2,3,2,4,1,1,4,
14/03/2016,1,2:00,1,497.75,1,1,3,4,1,1,9,
14/03/2016,1,6:10,1,501.95,1,3,3,4,1,1,1,
17/03/2016,4,23:40,2,493,1,3,3,4,1,1,1,
17/03/2016,4,0:10,2,495.45,2,3,2,4,1,1,9,
17/03/2016,4,13:00,2,491.6,1,1,3,4,1,1,9,
17/03/2016,4,22:07,1,496.15,1,2,2,4,1,1,9,
18/03/2016,5,8:30,2,432.3,2,3,3,4,1,1,6,
19/03/2016,6,9:29,2,465.05,1,2,3,4,1,1,5,6
20/03/2016,7,17:45,2,437.12,2,2,1,4,1,1,6,
21/03/2016,1,19:30,2,433.18,1,4,2,4,1,1,5,
21/03/2016,1,19:20,2,486.25,2,2,3,4,1,1,9,
21/03/2016,1,17:27,1,501.2,2,3,3,4,1,1,6,
22/03/2016,2,21:45,2,492.3,2,2,3,4,1,1,9,
22/03/2016,2,14:40,2,464.8,2,2,2,4,1,1,1,
23/03/2016,3,22:30,2,492.35,1,2,3,4,1,1,5,
23/03/2016,3,9:30,1,499.15,1,2,2,4,1,1,6,
23/03/2016,3,20:45,2,500.15,2,3,3,4,1,1,6,
24/03/2016,4,13:56,2,486.6,1,2,3,4,1,1,6,
24/03/2016,4,20:00,2,424.82,2,3,2,4,1,1,6,
25/03/2016,5,18:00,2,495.2,1,2,2,4,1,1,9,
25/03/2016,5,14:30,2,494.35,2,2,3,4,1,1,5,
25/03/2016,5,13:30,2,421.28,2,3,1,4,1,1,6,
29/03/2016,2,1:05,2,430.1,1,2,3,4,1,1,5,
29/03/2016,2,18:50,2,504.4,2,2,3,4,1,1,9,
31/03/2016,4,18:35,2,415.3,1,3,3,4,1,1,9,
31/03/2016,4,10:00,2,443.2,1,3,3,4,1,1,5,
1/4/2016,5,22:00,2,479.8,1,3,3,4,1,1,5,
1/4/2016,5,7:55,2,413.48,1,4,2,4,1,1,5,
2/4/2016,6,10:00,2,454.42,2,3,2,4,1,1,5,
2/4/2016,6,12:10,2,439.5,2,3,3,4,1,1,10,
3/4/2016,7,13:10,2,406.1,2,2,3,4,1,1,9,
4/4/2016,1,20:14,2,504.25,2,2,3,4,1,1,9,
5/4/2016,2,3:10,2,431.86,2,3,3,4,1,1,1,
5/4/2016,2,23:00,1,496.3,1,2,3,4,1,1,8,
6/4/2016,3,12:20,1,499.2,1,3,3,4,1,1,1,
7/4/2016,4,22:55,2,435.12,2,2,2,4,1,1,6,
7/4/2016,4,23:05,2,435.32,2,3,2,4,1,1,6,
7/4/2016,4,7:25,2,450.6,1,3,3,4,1,1,5,
7/4/2016,4,8:20,1,501.2,2,2,3,4,1,1,6,8
7/4/2016,4,8:20,2,433.5,2,2,3,4,1,1,9,
9/4/2016,6,9:38,2,472.02,1,3,3,4,1,1,3,
9/4/2016,6,1:30,2,413.12,1,3,2,4,1,1,5,1
11/4/2016,1,18:35,1,495.8,1,3,2,4,1,1,9,
12/4/2016,2,16:35,2,438.5,2,3,3,4,1,1,6,
14/04/2016,4,5:00,1,505.9,1,2,3,4,1,1,5,
14/04/2016,4,23:26,1,471.84,1,3,3,4,1,1,5,
15/04/2016,5,22:40,2,465.58,1,2,2,4,1,1,7,
16/04/2016,6,22:00,2,510.2,1,3,3,4,1,1,5,5
17/04/2016,7,22:25,2,488,1,2,2,4,1,1,8,
17/04/2016,7,0:40,2,510.3,2,3,3,4,1,1,5,5
19/04/2016,2,20:10,2,431.16,1,2,3,4,1,1,7,
19/04/2016,2,5:30,2,507.25,1,4,3,4,1,1,5,
20/04/2016,3,5:40,1,494.25,1,1,3,4,1,1,9,
21/04/2016,4,2:05,2,437.16,1,3,2,4,1,1,6,
22/04/2016,5,0:02,2,426.28,1,2,2,4,1,1,1,
24/04/2016,7,14:00,2,409.3,2,3,3,4,1,1,1,
24/04/2016,7,6:15,1,501.95,1,2,2,4,1,1,9,
24/04/2016,7,3:10,2,467.04,1,3,3,4,1,1,5,
25/04/2016,1,0:45,2,433.18,1,2,3,4,1,1,1,
26/04/2016,2,1:40,1,496,2,3,3,4,1,1,9,
28/04/2016,4,6:25,2,420.6,1,2,3,4,1,1,1,
28/04/2016,4,8:40,2,501.9,1,3,2,4,1,1,5,
29/04/2016,5,22:59,2,415.92,2,3,1,4,1,1,9,
30/04/2016,6,21:40,1,492.95,2,2,3,4,1,1,9,
1/5/2016,7,21:00,1,497,1,3,2,4,1,1,6,
2/5/2016,1,20:00,2,486.8,1,3,1,4,1,1,9,
3/5/2016,2,16:00,2,487.2,1,2,3,4,1,1,9,
4/5/2016,3,12:50,2,494.25,1,2,3,4,1,1,5,
5/5/2016,4,13:38,1,499.25,2,2,2,4,1,1,9,
6/5/2016,5,23:15,2,466.5,2,4,3,4,1,1,5,1
6/5/2016,5,22:00,2,485.3,2,2,2,4,1,1,5,
7/5/2016,6,12:30,2,454.25,2,2,2,4,1,1,5,
11/5/2016,3,23:00,2,508.4,2,2,2,4,1,1,11,
13/05/2016,5,7:35,1,494.25,1,2,3,4,1,1,6,
13/05/2016,5,19:55,2,488.4,2,4,2,4,1,1,1,
13/05/2016,5,14:30,2,504.25,1,2,3,4,1,1,9,
14/05/2016,6,5:10,2,468.2,1,2,3,4,1,1,5,
14/05/2016,6,15:50,1,493.9,2,4,3,4,1,1,5,
16/05/2016,1,10:30,2,418.3,2,4,2,4,1,10,5,1
17/05/2016,2,4:20,2,415.12,1,2,3,4,1,1,5,
17/05/2016,2,23:35,2,437.6,1,2,2,4,1,1,6,
17/05/2016,2,17:30,1,498.4,1,2,3,4,1,1,6,
18/05/2016,3,12:50,2,430.18,2,2,2,4,1,10,6,
18/05/2016,3,12:00,1,498.06,2,4,3,4,1,1,1,
20/05/2016,5,19:31,1,493.8,2,3,2,4,1,1,6,
20/05/2016,5,21:20,2,425.26,1,2,2,4,1,1,6,
21/05/2016,6,20:00,1,494.25,1,2,2,4,1,1,1,
21/05/2016,6,12:50,2,467.34,2,3,2,4,1,1,5,
22/05/2016,7,2:00,2,432.32,2,4,3,4,1,1,5,
23/05/2016,1,0:25,1,492.84,2,3,3,4,1,1,5,
24/05/2016,2,17:10,2,438.22,1,3,3,4,1,1,6,
24/05/2016,2,19:25,2,434.12,2,3,3,4,1,4,6,
24/05/2016,2,21:00,2,460.65,1,2,2,4,1,4,6,5
24/05/2016,2,21:20,2,427.96,1,2,3,4,1,10,6,
25/05/2016,3,5:30,1,494.1,2,2,2,4,1,1,8,
25/05/2016,3,0:10,1,494,2,2,2,4,1,1,6,
25/05/2016,3,3:50,1,498,2,2,2,4,1,1,6,
26/05/2016,4,16:50,2,507.75,1,4,3,4,1,1,1,
26/05/2016,4,16:40,2,463.68,2,2,1,4,1,1,5,
26/05/2016,4,16:30,2,507,1,4,2,4,1,1,6,
27/05/2016,5,17:15,2,422.36,1,2,2,4,1,1,6,
27/05/2016,5,23:15,1,497.1,1,3,3,4,1,1,6,
28/05/2016,6,10:00,1,500.65,2,3,2,4,1,1,6,
30/05/2016,1,15:33,2,424.24,2,3,3,4,1,1,6,
1/6/2016,3,19:10,2,432.24,2,2,2,4,1,1,6,
3/6/2016,5,3:30,2,425.2,2,3,2,4,1,1,5,
5/6/2016,7,1:30,2,429.94,1,2,2,4,1,1,6,
5/6/2016,7,16:35,2,492.4,1,2,1,4,1,1,6,
5/6/2016,7,16:47,2,435.34,1,3,1,4,1,1,6,
6/6/2016,1,11:55,2,431.38,2,3,2,4,1,1,11,
7/6/2016,2,4:05,2,411.88,1,3,2,4,1,1,5,
7/6/2016,2,0:59,2,475.2,2,1,2,4,1,1,11,
7/6/2016,2,0:05,2,456.3,1,4,2,4,1,1,5,
8/6/2016,3,12:00,2,501.85,2,3,3,4,1,1,5,
8/6/2016,3,7:15,2,479.75,1,3,2,4,1,1,5,
9/6/2016,4,12:05,2,494,1,4,2,4,1,1,6,
12/6/2016,7,7:42,2,447.9,1,2,3,4,1,1,5,
12/6/2016,7,15:08,1,495.44,1,2,3,4,1,1,11,
12/6/2016,7,19:10,2,438,2,3,3,4,1,1,11,
14/06/2016,2,13:00,1,497.4,2,1,3,4,1,1,11,
16/06/2016,4,21:29,2,466.95,2,2,3,4,1,1,5,
17/06/2016,5,7:55,2,475.26,1,3,2,4,1,1,6,
17/06/2016,5,7:45,2,474.74,2,2,2,4,1,1,5,
17/06/2016,5,1:20,2,432.34,2,3,3,4,1,1,5,
17/06/2016,5,0:57,2,454.76,2,1,3,4,1,2,5,
17/06/2016,5,16:35,2,438.42,1,3,2,4,1,2,6,
17/06/2016,5,22:40,2,431,2,1,3,4,1,2,5,
17/06/2016,5,10:45,2,411.94,2,4,3,4,1,2,5,
17/06/2016,5,16:32,2,494.45,1,1,2,4,1,1,5,6
17/06/2016,5,21:40,2,513.27,1,4,2,4,1,1,5,
18/06/2016,6,13:15,2,444,1,4,2,4,1,1,5,
18/06/2016,6,20:35,2,426.2,1,2,2,4,1,1,6,
18/06/2016,6,22:50,2,426.16,2,2,2,4,1,1,6,
18/06/2016,6,8:25,1,497,1,3,2,4,1,1,1,
19/06/2016,7,15:10,2,507.4,1,4,2,4,1,1,1,
19/06/2016,7,22:55,2,494.1,1,4,2,4,1,1,11,
20/06/2016,1,17:15,1,499.5,1,3,3,4,1,1,5,1
20/06/2016,1,15:10,2,490.65,2,3,3,4,1,1,6,
22/06/2016,3,6:40,1,498.7,2,2,2,4,1,1,5,
22/06/2016,3,2:27,1,501.6,1,3,2,4,1,1,1,
23/06/2016,4,14:25,2,505.1,2,2,3,4,1,1,5,
23/06/2016,4,1:30,2,450.16,1,3,3,4,1,1,5,
23/06/2016,4,6:50,2,462.98,2,2,3,4,1,1,5,
24/06/2016,5,17:38,2,478.22,1,3,3,4,1,1,1,
25/06/2016,6,21:05,1,492.4,2,2,2,4,1,1,6,
25/06/2016,6,1:10,2,476.3,1,2,3,4,1,1,5,
26/06/2016,7,19:55,2,411.2,1,3,3,4,1,1,6,
27/06/2016,1,8:35,2,479.76,1,3,3,4,1,1,6,
27/06/2016,1,4:00,2,477.5,1,4,3,4,1,1,5,
27/06/2016,1,19:32,2,479.55,2,3,3,4,1,1,5,
27/06/2016,1,15:05,1,492.25,2,2,2,4,1,1,5,
27/06/2016,1,8:10,2,486.75,1,3,3,4,1,1,5,
28/06/2016,2,9:30,2,500,2,3,3,4,1,1,5,
28/06/2016,2,0:40,1,498.6,1,2,3,4,1,1,6,
28/06/2016,2,15:20,2,494.5,2,3,3,4,1,1,5,
29/06/2016,3,10:50,1,498.05,1,2,2,4,1,1,5,
30/06/2016,4,23:05,1,492.25,2,2,2,4,1,1,11,
30/06/2016,4,20:15,2,495.1,2,2,2,4,1,1,11,
1/7/2016,5,7:00,2,501.38,2,3,4,4,1,1,5,
2/7/2016,6,6:18,2,497.85,2,4,3,4,1,1,5,
2/7/2016,6,7:30,2,480.25,2,3,3,4,1,1,5,
2/7/2016,6,9:00,2,505.7,1,3,3,4,1,1,5,
3/7/2016,7,1:20,2,477.95,1,2,3,4,1,2,6,
3/7/2016,7,0:42,2,506.2,2,2,3,4,1,2,1,
6/7/2016,3,23:52,2,467,1,2,3,4,1,1,5,
6/7/2016,3,6:58,2,411.28,2,2,3,4,1,2,5,10
6/7/2016,3,19:30,2,424.48,1,1,3,4,1,2,5,
7/7/2016,4,21:55,2,494,2,3,2,4,1,1,5,
7/7/2016,4,8:30,2,506.25,1,2,3,4,1,1,5,
8/7/2016,5,13:45,2,454.24,2,4,3,4,1,1,5,
9/7/2016,6,17:38,1,441.3,2,3,3,4,1,1,1,
9/7/2016,6,0:15,2,502.7,1,3,3,4,1,1,5,
9/7/2016,6,9:54,1,490.2,1,3,2,4,1,1,6,1
10/7/2016,7,22:06,1,478,2,3,2,4,1,1,6,
11/7/2016,1,9:15,2,486.5,2,3,3,4,1,2,5,
11/7/2016,1,9:45,2,440.5,1,2,3,4,1,2,5,
12/7/2016,2,1:12,2,494.3,2,2,3,4,1,2,11,
13/07/2016,3,8:20,2,432.06,2,3,2,4,1,1,5,
13/07/2016,3,20:50,2,472.4,1,3,3,4,1,1,5,
15/07/2016,5,18:00,2,439.48,2,3,3,4,1,1,5,
15/07/2016,5,14:40,2,462.7,1,3,3,4,1,1,5,
17/07/2016,7,16:45,2,512.3,1,4,3,4,1,1,5,1
23/07/2016,6,15:50,2,424.16,1,4,2,4,1,2,5,
23/07/2016,6,5:45,2,453,1,3,2,4,1,2,5,
23/07/2016,6,21:48,2,455.16,2,2,3,4,1,2,5,
23/07/2016,6,22:05,1,506.9,2,2,3,4,1,1,8,
24/07/2016,7,5:30,1,492.8,1,2,2,4,1,1,9,
24/07/2016,7,1:45,2,490.3,1,2,2,4,1,1,9,
24/07/2016,7,23:00,1,472.15,2,2,3,4,1,1,1,
25/07/2016,1,12:39,2,501.4,1,4,3,4,1,4,11,
27/07/2016,3,22:26,2,467.3,1,3,2,4,1,3,5,
27/07/2016,3,4:00,2,462.52,1,2,2,4,1,3,5,
27/07/2016,3,5:42,2,509.85,1,2,3,4,1,3,5,
28/07/2016,4,5:25,2,452.36,1,3,2,4,1,3,5,
28/07/2016,4,11:25,1,497.05,2,1,3,4,1,3,9,
29/07/2016,5,23:21,2,508.1,1,1,3,4,1,1,9,
29/07/2016,5,8:00,2,506.3,2,3,3,4,1,1,1,
30/07/2016,6,16:02,2,408.3,2,1,2,4,1,1,6,
30/07/2016,6,6:31,2,457.15,1,1,2,4,1,1,6,
31/07/2016,7,1:30,1,503.7,2,2,3,4,1,1,3,3
1/8/2016,1,20:13,2,480.15,2,3,3,4,1,4,1,6
2/8/2016,2,11:40,1,501.4,2,2,2,4,1,3,1,
4/8/2016,4,5:00,2,408.22,2,4,2,4,1,4,5,3
4/8/2016,4,13:45,2,429,2,3,3,4,1,3,5,
4/8/2016,4,3:30,2,510.6,1,3,3,4,1,2,5,
6/8/2016,6,3:00,2,434.1,1,4,3,4,1,3,5,
6/8/2016,6,11:10,2,478.4,1,2,3,4,1,1,6,
6/8/2016,6,20:40,2,499.2,1,2,2,4,1,1,9,
6/8/2016,6,11:25,2,454.21,2,3,2,4,1,1,9,
6/8/2016,6,22:55,2,468.18,2,3,3,4,1,2,8,
6/8/2016,6,21:54,2,477.7,2,2,3,4,1,2,11,
9/8/2016,2,1:20,2,430.62,2,2,3,4,1,4,1,
12/8/2016,5,6:15,2,468.64,1,3,2,4,1,3,5,
12/8/2016,5,0:10,2,479.5,1,2,2,4,1,4,1,5
12/8/2016,5,17:32,2,493.8,2,2,3,4,1,3,6,
13/08/2016,6,8:32,2,495.65,2,2,3,4,1,2,5,
13/08/2016,6,13:15,2,499.35,1,4,3,4,1,3,6,
13/08/2016,6,13:15,2,468.32,1,2,3,4,1,1,3,
15/08/2016,1,11:00,2,411.48,1,4,3,4,1,4,5,1
15/08/2016,1,4:05,2,478.95,2,3,2,4,1,3,1,
16/08/2016,2,19:25,2,478.35,1,2,2,4,1,4,6,
16/08/2016,2,16:10,2,427.36,2,2,3,4,1,3,9,
18/08/2016,4,0:25,2,474.78,1,3,3,4,1,2,5,5
19/08/2016,5,17:40,2,507.5,2,2,4,4,1,1,9,
19/08/2016,5,21:40,2,429.6,1,2,3,4,1,1,6,
20/08/2016,6,2:50,2,473.78,2,2,3,4,1,1,1,
20/08/2016,6,13:25,2,477.8,1,2,3,4,1,1,6,
21/08/2016,7,21:10,2,439,2,2,3,4,1,1,6,
21/08/2016,7,16:16,2,483.4,1,2,3,4,1,1,6,
22/08/2016,1,6:40,1,496.65,2,3,3,4,1,3,5,
23/08/2016,2,1:30,2,491.5,2,3,3,4,1,3,9,
23/08/2016,2,14:48,1,498.5,1,3,3,4,1,4,5,
24/08/2016,3,20:35,2,405.2,1,2,4,4,1,3,6,
24/08/2016,3,21:01,2,411.3,2,1,3,4,1,2,5,5
24/08/2016,3,11:38,2,488.3,1,2,1,4,1,1,6,
25/08/2016,4,1:40,2,447.14,2,3,3,4,1,1,3,
25/08/2016,4,16:59,1,501.15,2,3,2,4,1,1,6,
26/08/2016,5,0:50,1,494.55,1,3,3,4,1,1,9,
27/08/2016,6,11:30,2,434.14,1,2,3,4,1,1,8,
27/08/2016,6,7:40,2,492.4,1,2,4,4,1,1,9,
28/08/2016,7,18:30,2,488.65,2,2,4,4,1,1,6,
29/08/2016,1,12:43,1,491.25,1,2,3,4,1,1,1,
29/08/2016,1,5:15,2,463.9,2,2,3,4,1,1,5,
30/08/2016,2,19:15,2,452.3,2,2,3,4,1,1,6,
30/08/2016,2,12:00,1,496.35,1,2,2,4,1,1,6,
30/08/2016,2,23:10,1,506.65,1,3,3,4,1,1,5,5
31/08/2016,3,7:20,1,486.35,2,2,1,4,1,1,9,
2/9/2016,5,14:37,2,473.7,1,3,3,4,1,3,5,
3/9/2016,6,4:10,2,462.38,1,3,3,4,1,4,5,
3/9/2016,6,20:42,2,488.55,2,2,2,4,1,4,6,
3/9/2016,6,23:30,1,500.25,2,1,3,4,1,4,9,
4/9/2016,7,21:00,2,438.4,2,2,3,4,1,3,9,
5/9/2016,1,10:20,1,499,1,3,3,4,1,4,5,3
5/9/2016,1,22:30,2,473.4,1,3,3,4,1,4,5,5
5/9/2016,1,21:00,2,425.92,1,2,2,4,1,4,9,
5/9/2016,1,22:33,2,473.4,1,3,3,4,1,4,5,
5/9/2016,1,14:39,1,493.9,1,3,3,4,1,4,5,1
7/9/2016,3,17:34,1,497.5,1,3,3,4,1,4,1,5
7/9/2016,3,10:25,1,499.8,2,3,3,4,1,3,3,1
8/9/2016,4,11:46,2,437.74,2,3,3,4,1,4,5,6
8/9/2016,4,6:05,2,454.2,2,2,3,4,1,4,5,
8/9/2016,4,23:35,2,464.4,1,3,3,4,1,4,5,
8/9/2016,4,10:00,1,497.58,2,2,3,4,1,1,5,5
9/9/2016,5,3:54,2,485.5,2,3,1,4,1,1,9,
9/9/2016,5,14:42,2,480.6,1,4,3,4,1,1,1,5
11/9/2016,7,16:30,2,437.56,1,3,1,4,1,1,6,
11/9/2016,7,9:50,2,451.2,1,3,3,4,1,3,5,
11/9/2016,7,18:18,1,496.8,1,2,3,4,1,3,6,
12/9/2016,1,22:50,1,494.75,2,2,3,4,1,4,5,
13/09/2016,2,15:30,2,477.65,1,3,4,4,1,4,1,
13/09/2016,2,18:25,2,477.89,2,2,5,4,1,5,4,5
13/09/2016,2,13:10,1,494.62,2,2,2,4,1,4,6,
13/09/2016,2,21:01,1,484.97,1,2,1,4,1,4,6,
14/09/2016,3,10:20,2,432.8,2,2,2,4,1,4,1,
14/09/2016,3,14:28,1,496.6,1,3,3,4,1,3,6,
15/09/2016,4,12:50,2,492.3,2,2,3,4,1,1,9,
16/09/2016,5,19:53,2,492.3,2,2,3,4,1,1,9,
16/09/2016,5,18:20,2,491.85,1,2,2,4,1,1,8,
16/09/2016,5,10:50,1,498.25,2,3,3,4,1,1,6,
17/09/2016,6,5:25,2,442.3,1,2,3,4,1,1,1,
17/09/2016,6,17:43,1,506.8,2,2,1,4,1,1,6,
17/09/2016,6,20:27,1,501.85,1,2,3,4,1,1,6,
17/09/2016,6,22:37,2,491.9,1,2,1,4,1,1,1,6
17/09/2016,6,20:50,1,499.35,2,2,1,4,1,1,5,6
18/09/2016,7,18:55,2,508.05,1,2,3,4,1,1,6,
18/09/2016,7,2:12,1,502.05,2,3,3,4,1,1,5,
19/09/2016,1,12:31,2,430.16,1,2,3,4,1,4,5,6
19/09/2016,1,19:12,2,477.85,1,2,2,4,1,1,6,
20/09/2016,2,12:07,1,497.05,1,2,3,4,1,1,9,
20/09/2016,2,7:25,2,467.24,1,3,2,4,1,4,5,1
20/09/2016,2,3:20,2,511.7,1,2,3,4,1,2,6,
20/09/2016,2,8:10,2,493.1,1,3,3,4,1,2,2,
21/09/2016,3,7:35,2,479.25,2,2,3,4,1,2,1,7
22/09/2016,4,8:52,2,491.84,1,3,3,4,1,1,3,5
24/09/2016,6,16:00,2,426.07,1,3,3,4,1,1,5,
24/09/2016,6,9:55,2,504.3,1,2,3,4,1,1,5,6
24/09/2016,6,12:15,1,484.75,1,2,3,4,1,1,9,
24/09/2016,6,11:30,1,494.3,1,3,3,4,1,1,6,
25/09/2016,7,22:34,2,404.02,2,3,3,4,1,4,3,
26/09/2016,1,15:09,2,433.46,1,3,2,4,1,1,5,
26/09/2016,1,19:45,2,453.98,1,1,3,4,1,1,6,
27/09/2016,2,5:10,1,465.21,1,2,3,4,1,1,5,
28/09/2016,3,22:02,2,442.5,2,3,2,4,1,1,5,5
28/09/2016,3,4:05,2,433.5,1,3,3,4,1,1,3,5
29/09/2016,4,11:30,2,414,1,3,3,4,1,1,9,
30/09/2016,5,17:10,2,449.58,2,2,3,4,1,2,5,
1/10/2016,6,21:38,2,430.1,2,2,1,4,1,1,9,
1/10/2016,6,6:30,2,402.1,1,2,3,4,1,1,5,
1/10/2016,6,5:02,2,475.48,1,3,3,4,1,1,5,
2/10/2016,7,0:38,2,439.92,1,2,3,4,1,1,5,
3/10/2016,1,9:40,2,427.7,2,3,3,4,1,1,7,
3/10/2016,1,16:00,2,488.45,2,2,1,4,1,1,6,
4/10/2016,2,23:27,2,495.525,1,2,2,4,1,1,6,
5/10/2016,3,2:20,2,477.58,2,2,3,4,1,1,1,
5/10/2016,3,4:35,2,441.2,2,3,3,4,1,1,1,
6/10/2016,4,22:10,2,434.46,1,2,3,4,1,1,9,
6/10/2016,4,14:32,2,447.8,2,3,1,4,1,1,5,
6/10/2016,4,2:50,2,483.95,1,2,3,4,1,1,5,1
6/10/2016,4,20:20,1,494.1,2,3,2,4,1,1,1,
6/10/2016,4,20:55,1,495.21,1,2,1,4,1,1,6,
7/10/2016,5,20:35,1,494.4,2,3,3,4,1,1,9,
8/10/2016,6,21:30,2,441.2,1,1,2,4,1,1,8,
8/10/2016,6,6:50,1,498.8,1,2,1,4,1,1,9,
8/10/2016,6,7:35,1,491.45,2,2,2,4,1,1,6,
8/10/2016,6,22:30,1,494.75,2,2,1,4,1,1,6,
8/10/2016,6,19:20,1,493.3,2,3,3,4,1,1,11,
9/10/2016,7,22:00,2,489.75,2,2,3,4,1,1,6,
9/10/2016,7,11:17,2,481.85,2,3,3,4,1,1,9,
10/10/2016,1,8:52,2,433.48,1,1,3,4,1,1,5,6
10/10/2016,1,20:48,2,455.84,2,3,3,4,1,1,5,
10/10/2016,1,0:00,1,491.3,2,2,2,4,1,1,9,
10/10/2016,1,16:24,2,492.2,2,2,2,4,1,1,9,
10/10/2016,1,14:25,2,486.1,2,2,3,4,1,4,9,
10/10/2016,1,18:45,1,493.3,1,3,3,4,1,1,3,6
10/10/2016,1,23:00,2,487.7,2,1,2,4,1,1,9,
11/10/2016,2,22:00,1,494.35,2,3,3,4,1,1,9,
11/10/2016,2,4:30,1,494.3,2,2,2,4,1,1,6,
11/10/2016,2,0:30,1,485.4,2,3,1,4,1,1,9,
12/10/2016,3,4:55,2,411.7,1,3,3,4,1,1,1,
12/10/2016,3,1:10,1,492.4,1,2,2,4,1,1,9,
12/10/2016,3,19:38,2,441.7,2,3,1,4,1,1,6,
12/10/2016,3,4:50,2,512.6,2,1,2,4,1,1,9,
14/10/2016,5,18:05,2,499.25,1,2,2,4,1,1,6,
14/10/2016,5,22:00,1,494.15,1,2,2,4,1,1,9,
15/10/2016,6,8:25,2,435.8,1,2,2,4,1,1,9,
15/10/2016,6,5:50,2,500.3,1,2,2,4,1,1,9,
15/10/2016,6,5:20,2,490.1,2,2,2,4,1,1,9,
17/10/2016,1,0:05,2,433.74,1,2,2,4,1,1,5,
17/10/2016,1,19:00,2,464.48,2,3,3,4,1,1,6,
18/10/2016,2,9:36,2,507.95,1,2,3,4,1,1,5,
19/10/2016,3,19:30,1,497.5,1,3,2,4,1,1,5,
19/10/2016,3,13:25,2,401.78,2,2,3,4,1,1,9,
20/10/2016,4,3:50,2,437.25,2,2,3,4,1,1,9,
20/10/2016,4,13:45,2,433.5,2,2,2,4,1,1,9,
20/10/2016,4,21:50,2,427.78,2,2,3,4,1,1,6,
21/10/2016,5,0:00,1,495.45,1,3,2,4,1,1,5,
22/10/2016,6,12:40,2,452.9,1,3,2,4,1,1,11,
22/10/2016,6,17:45,2,473.82,2,3,3,4,1,1,6,
22/10/2016,6,14:15,1,495.6,1,3,2,4,1,1,5,
24/10/2016,1,0:34,2,467.4,2,3,3,4,1,1,5,
24/10/2016,1,10:00,1,506.15,2,3,3,4,1,1,1,
25/10/2016,2,13:40,1,475.8,2,3,3,4,1,1,1,5
25/10/2016,2,11:34,2,500.45,1,2,3,4,1,1,5,
25/10/2016,2,22:40,1,495.5,1,2,2,4,1,1,6,
26/10/2016,3,5:40,2,484.45,1,3,3,4,1,1,5,
26/10/2016,3,15:47,1,498.7,2,3,3,4,1,1,6,
27/10/2016,4,13:58,1,499.35,2,2,2,4,1,1,6,
27/10/2016,4,22:10,2,456.7,1,1,3,4,1,1,7,
27/10/2016,4,7:55,1,498.05,1,3,1,4,1,1,1,
28/10/2016,5,15:04,2,483.75,1,2,3,4,1,1,6,
29/10/2016,6,18:28,2,425.82,2,2,2,4,1,1,9,
29/10/2016,6,20:32,2,408.35,2,3,3,4,1,1,9,
29/10/2016,6,5:28,2,450.18,1,3,1,4,1,1,5,
29/10/2016,6,13:25,2,482.2,2,2,3,4,1,1,1,
30/10/2016,7,14:20,2,425.36,2,2,2,4,1,1,6,
30/10/2016,7,15:00,1,496.75,2,3,3,4,1,1,5,
31/10/2016,1,8:45,2,429.8,2,1,2,4,1,1,9,
1/11/2016,2,8:50,1,497.7,2,3,3,4,1,1,6,
3/11/2016,4,15:05,2,476.75,2,3,2,4,1,1,5,5
4/11/2016,5,6:05,2,464.3,2,2,3,4,1,1,5,
4/11/2016,5,10:59,2,508.3,1,3,2,4,1,1,5,6
5/11/2016,6,14:15,2,506.9,2,1,3,4,1,1,5,6
5/11/2016,6,12:05,2,415,1,2,2,4,1,1,1,5
5/11/2016,6,12:42,1,496.15,2,3,3,4,1,1,6,6
7/11/2016,1,0:00,2,482.7,2,2,3,4,1,1,1,6
9/11/2016,3,0:00,2,452.75,1,2,3,4,1,1,1,
10/11/2016,4,10:15,2,504.3,1,2,4,4,1,1,9,
10/11/2016,4,11:20,1,494.45,1,2,3,4,1,1,9,
10/11/2016,4,12:15,2,486.6,2,2,2,4,1,1,9,
11/11/2016,5,6:45,2,407.94,1,2,4,4,1,1,1,
11/11/2016,5,15:30,1,502.2,2,3,3,4,1,1,1,
13/11/2016,7,17:35,1,491.4,1,1,2,4,1,1,6,
13/11/2016,7,20:00,1,497.35,2,1,1,4,1,1,9,
13/11/2016,7,22:20,1,495.45,2,3,1,4,1,1,6,
14/11/2016,1,4:43,2,492.35,1,3,2,4,1,1,11,
14/11/2016,1,17:45,2,509.4,1,2,2,4,1,1,6,
14/11/2016,1,3:38,2,512.75,1,1,4,4,1,1,5,5
15/11/2016,2,2:08,2,512.75,1,1,4,4,1,1,5,5
16/11/2016,3,11:48,2,453.68,1,3,2,4,1,1,5,
18/11/2016,5,11:40,1,499.25,2,3,2,4,1,1,6,
18/11/2016,5,8:05,2,483.1,1,3,2,4,1,1,5,
18/11/2016,5,14:35,2,456.88,1,3,3,4,1,1,5,6
19/11/2016,6,6:10,2,450.16,1,3,2,4,1,1,5,
19/11/2016,6,7:35,2,491.62,2,3,4,4,1,1,5,
20/11/2016,7,10:11,2,433.72,1,4,2,4,1,1,1,1
20/11/2016,7,22:45,2,480.35,1,3,3,4,1,1,5,
21/11/2016,1,19:33,2,429.86,1,2,3,4,1,1,9,
21/11/2016,1,14:00,2,426.08,1,3,1,4,1,1,6,
21/11/2016,1,8:55,2,450.15,1,3,2,4,1,1,6,
23/11/2016,3,23:24,1,506,2,1,2,4,1,1,9,
23/11/2016,3,5:00,2,419.8,1,4,3,4,1,1,5,
23/11/2016,3,9:20,1,480.68,2,3,5,4,1,1,5,
24/11/2016,4,23:35,1,503.4,2,2,3,4,1,1,5,
24/11/2016,4,1:45,1,495.7,1,2,2,4,1,1,5,
24/11/2016,4,5:40,1,494.5,2,1,2,4,1,1,9,
25/11/2016,5,10:36,2,455.76,1,3,3,4,1,1,1,
26/11/2016,6,15:00,2,416.52,1,3,2,4,1,1,5,
27/11/2016,7,16:22,1,489.5,1,2,3,4,1,1,5,10
27/11/2016,7,12:07,2,509.15,1,2,4,4,1,1,6,
29/11/2016,2,19:00,2,405.32,2,1,2,4,1,1,11,
29/11/2016,2,5:55,2,457.86,2,3,3,4,1,1,5,5
29/11/2016,2,8:07,1,497.7,2,2,3,4,1,1,3,
29/11/2016,2,11:15,1,574.1,1,3,3,4,1,1,5,
29/11/2016,2,15:00,2,481.85,2,3,1,4,1,1,6,
30/11/2016,3,10:45,2,448.6,2,2,3,4,1,1,5,
30/11/2016,3,19:30,2,415.36,1,2,3,4,1,1,6,
30/11/2016,3,18:40,1,475.6,2,2,1,4,1,1,6,
1/12/2016,4,4:10,2,414.18,1,2,3,4,1,1,6,
1/12/2016,4,19:00,2,422.52,2,1,3,4,1,1,5,6
1/12/2016,4,21:55,2,454.9,1,3,2,4,1,1,1,5
1/12/2016,4,1:30,2,508.44,1,2,2,4,1,1,1,
2/12/2016,5,7:49,2,485.4,2,3,2,4,1,1,5,
3/12/2016,6,22:58,2,453.8,1,3,3,4,1,1,1,
3/12/2016,6,23:53,2,508.5,1,2,3,4,1,1,1,
3/12/2016,6,5:26,1,497.95,1,2,2,4,1,1,1,
4/12/2016,7,21:30,2,414,1,2,3,4,1,1,6,
4/12/2016,7,11:04,2,419.8,1,2,3,4,1,1,6,
4/12/2016,7,3:45,2,509.6,2,2,2,4,1,1,1,
4/12/2016,7,17:25,2,450.25,2,4,2,4,1,1,6,
5/12/2016,1,17:56,2,437.2,2,1,3,4,1,1,6,
5/12/2016,1,8:57,2,493.9,2,2,2,4,1,1,6,
5/12/2016,1,4:23,2,509.6,2,2,2,4,1,1,1,
6/12/2016,2,1:27,2,513.2,1,3,2,4,1,1,6,
7/12/2016,3,12:20,2,468.9,2,4,3,4,1,1,6,
8/12/2016,4,5:22,2,509.7,2,3,3,4,1,1,5,
8/12/2016,4,19:09,1,497.4,2,2,3,4,1,1,6,
10/12/2016,6,4:05,2,484,2,4,3,4,1,1,5,
11/12/2016,7,17:08,1,490.1,2,2,2,4,1,1,6,
11/12/2016,7,9:30,2,438.5,1,2,3,4,1,1,6,
12/12/2016,1,16:20,1,501.56,1,2,3,4,1,1,6,
12/12/2016,1,21:35,1,495.8,2,2,1,4,1,1,6,
13/12/2016,2,15:26,1,492.4,1,2,3,4,1,1,6,
13/12/2016,2,3:40,1,495.3,1,3,3,4,1,1,5,
13/12/2016,2,9:35,2,456.7,1,3,3,4,1,1,5,
14/12/2016,3,8:00,2,493.18,2,4,3,4,1,2,1,
14/12/2016,3,22:30,1,497.4,2,3,2,4,1,1,9,
15/12/2016,4,21:10,2,488.9,2,3,3,4,1,1,6,
15/12/2016,4,18:29,2,484.2,1,3,3,4,1,1,6,
15/12/2016,4,20:50,1,494.3,2,3,1,4,1,1,8,
15/12/2016,4,22:50,2,426.2,2,2,2,4,1,1,1,
15/12/2016,4,17:07,2,515.3,2,3,3,4,1,1,5,1
16/12/2016,5,18:00,1,496.14,2,3,2,4,1,1,6,
16/12/2016,5,7:52,2,449.26,1,3,3,4,1,2,5,
17/12/2016,6,4:55,2,520.36,2,3,3,4,1,1,3,1
18/12/2016,7,5:20,2,454.76,1,2,2,4,1,1,1,5
18/12/2016,7,19:55,2,454.7,2,2,3,4,1,1,5,5
20/12/2016,2,14:10,1,496.6,2,3,4,4,1,1,9,
21/12/2016,3,13:00,1,498.75,2,3,4,4,1,1,6,
22/12/2016,4,8:39,2,424.04,2,1,3,4,1,3,11,
23/12/2016,5,3:20,2,464.1,2,2,2,4,1,11,5,
23/12/2016,5,22:15,2,506.6,1,4,3,4,1,2,1,
24/12/2016,6,19:28,2,506.25,1,2,2,4,1,1,5,6
26/12/2016,1,7:07,2,487.65,2,2,2,4,1,2,3,5
27/12/2016,2,23:46,2,450.18,2,2,3,4,1,1,5,5
27/12/2016,2,18:45,1,490.75,1,2,3,4,1,2,5,6
28/12/2016,3,9:20,2,424.08,1,4,3,4,1,1,3,
28/12/2016,3,1:35,2,507.3,2,3,2,4,1,1,6,
30/12/2016,5,18:40,2,485.75,2,1,2,4,1,1,6,
30/12/2016,5,14:13,1,492.35,2,3,3,4,1,1,5,
31/12/2016,6,20:50,1,496.55,1,3,3,4,1,1,6,
1/1/2017,7,18:08,1,494.5,1,1,2,4,1,2,6,
1/1/2017,7,21:05,1,499.35,1,3,2,4,1,2,6,
1/1/2017,7,15:12,2,449,2,2,3,4,1,1,5,
1/1/2017,7,21:14,2,433.2,2,2,3,4,1,1,6,
2/1/2017,1,5:05,2,477.76,1,3,3,4,1,11,5,5
2/1/2017,1,4:35,2,442.8,2,3,2,4,1,11,5,
2/1/2017,1,5:50,2,514.25,2,3,3,4,1,3,5,5
3/1/2017,2,8:10,2,428.72,1,4,3,4,1,1,1,
3/1/2017,2,1:58,2,486.1,2,3,2,4,1,1,5,1
3/1/2017,2,18:18,2,428.72,1,2,1,4,1,1,6,
4/1/2017,3,7:45,2,425.68,1,3,2,4,1,1,5,
4/1/2017,3,20:02,2,478.3,2,1,2,4,1,1,6,
6/1/2017,5,22:55,1,497.85,1,2,2,4,1,11,5,5
6/1/2017,5,22:35,1,497.75,1,2,3,4,1,11,5,6
7/1/2017,6,20:20,2,431.2,2,2,2,4,1,11,6,
7/1/2017,6,0:34,2,483.95,2,2,3,4,1,11,5,1
9/1/2017,1,16:02,1,496.98,2,2,3,4,1,1,6,
9/1/2017,1,20:10,1,499.3,1,1,2,4,1,1,5,
10/1/2017,2,2:45,2,441.3,1,3,2,4,1,1,1,
10/1/2017,2,11:15,2,449.1,1,3,3,4,1,1,5,
10/1/2017,2,0:00,1,502.7,2,3,3,4,1,11,5,
10/1/2017,2,11:30,2,517.2,2,3,3,4,1,3,5,
11/1/2017,3,6:10,2,471.48,1,2,2,4,1,3,5,
12/1/2017,4,5:45,2,399.75,1,4,3,4,1,11,3,
13/01/2017,5,23:20,2,487.8,2,3,2,4,1,1,3,
14/01/2017,6,11:00,1,494.8,1,3,3,4,1,1,5,
14/01/2017,6,4:10,2,422.32,1,3,2,4,1,11,3,
14/01/2017,6,5:35,1,501.45,1,4,3,4,1,11,3,
14/01/2017,6,3:37,1,492,2,2,3,4,1,11,1,
14/01/2017,6,6:30,2,413.2,1,4,3,4,1,11,1,
15/01/2017,7,18:18,1,499.1,1,2,2,4,1,1,9,
16/01/2017,1,17:50,2,432,2,3,3,4,1,1,6,
16/01/2017,1,6:10,2,477.429,1,1,2,4,1,1,1,
16/01/2017,1,15:32,1,496.9,2,3,1,4,1,1,6,
17/01/2017,2,6:05,2,410.2,1,3,3,4,1,1,1,
18/01/2017,3,23:20,1,498.55,2,4,3,4,1,1,5,1
19/01/2017,4,5:35,1,496.25,2,3,1,4,1,1,6,
19/01/2017,4,12:40,2,519.85,2,3,3,4,1,1,5,
20/01/2017,5,7:50,2,465.04,1,2,2,4,1,1,1,
20/01/2017,5,15:50,2,482.15,2,3,3,4,1,1,6,
20/01/2017,5,19:05,2,433.8,2,2,2,4,1,1,6,
21/01/2017,6,12:52,1,491.1,2,2,3,4,1,1,1,1
22/01/2017,7,16:45,2,454.85,1,3,3,4,1,1,5,
23/01/2017,1,19:40,2,403.2,2,3,3,4,1,1,6,
23/01/2017,1,6:15,2,466.4,2,3,3,4,1,1,5,3
24/01/2017,2,12:34,1,499.25,1,3,3,4,1,1,5,
25/01/2017,3,9:46,1,496.5,1,3,4,4,1,1,9,
25/01/2017,3,12:56,2,488.7,2,2,3,4,1,1,1,
26/01/2017,4,22:30,2,484.75,1,1,3,4,1,1,1,
26/01/2017,4,20:00,2,487.9,1,2,3,4,1,1,6,
27/01/2017,5,9:45,2,483.98,2,3,1,4,1,1,1,5
27/01/2017,5,17:12,1,520.665,1,3,3,4,1,1,1,
28/01/2017,6,17:10,2,439.38,2,3,3,4,1,1,5,
28/01/2017,6,19:41,1,493.7,2,2,3,4,1,1,9,
29/01/2017,7,23:24,1,493.25,1,3,3,4,1,1,9,
30/01/2017,1,8:14,2,448.8,2,3,3,4,1,1,5,
30/01/2017,1,10:15,2,517.2,2,3,3,4,1,1,1,
30/01/2017,1,12:30,1,494.35,2,3,1,4,1,1,9,
31/01/2017,2,22:00,1,496.5,1,2,2,4,1,1,5,6
1/2/2017,3,9:27,2,423.4,2,4,3,4,1,1,1,6
2/2/2017,4,13:40,2,423.6,1,1,2,4,1,1,6,
3/2/2017,5,15:47,1,501.4,1,3,3,4,1,1,9,
3/2/2017,5,21:20,2,482.25,1,3,2,4,1,1,6,
4/2/2017,6,5:40,2,453.8,1,1,2,4,1,1,5,5
4/2/2017,6,21:52,1,501.3,2,2,3,4,1,1,6,
4/2/2017,6,20:15,2,432.7,2,3,4,4,1,1,6,
5/2/2017,7,12:29,2,489.2,2,2,3,4,1,1,5,1
5/2/2017,7,18:50,1,496.3,2,2,3,4,1,1,6,
5/2/2017,7,23:17,1,496.8,2,3,3,4,1,1,1,
5/2/2017,7,1:04,2,445.76,2,3,3,4,1,1,1,
6/2/2017,1,21:25,1,498.7,1,2,2,4,1,1,6,
6/2/2017,1,18:04,1,495.3,1,2,4,4,1,1,10,
7/2/2017,2,17:55,2,477.3,2,2,3,4,1,1,3,5
7/2/2017,2,21:25,1,498.5,2,3,3,4,1,1,5,6
10/2/2017,5,7:02,2,403.7,1,4,3,4,1,1,1,
10/2/2017,5,8:10,2,450.18,1,3,3,4,1,1,5,
11/2/2017,6,23:30,2,520.9,1,3,3,4,1,1,5,
11/2/2017,6,10:58,2,510,2,3,3,4,1,1,1,
11/2/2017,6,20:39,2,507.05,2,2,2,4,1,1,9,
12/2/2017,7,19:53,2,414.16,1,3,2,4,1,1,11,
13/02/2017,1,5:50,2,427,2,2,2,4,1,1,5,
13/02/2017,1,18:24,2,507.5,1,2,2,4,1,1,6,
14/02/2017,2,15:25,2,416.44,1,2,2,4,1,1,1,
17/02/2017,5,6:40,1,505.05,1,2,2,4,1,1,9,
17/02/2017,5,18:50,2,434,2,4,3,4,1,1,1,
17/02/2017,5,19:52,2,433.54,1,3,3,4,1,1,1,1
18/02/2017,6,7:17,2,427.06,2,3,3,4,1,1,1,
18/02/2017,6,13:55,2,440.26,2,2,3,4,1,1,5,6
18/02/2017,6,11:55,2,521.12,2,3,3,4,1,1,5,
19/02/2017,7,2:25,2,428.6,2,2,3,4,1,1,5,5
19/02/2017,7,12:05,1,497.15,2,3,2,4,1,1,9,
20/02/2017,1,5:55,2,451.48,1,3,2,4,1,1,5,1
21/02/2017,2,19:40,1,499.25,1,2,3,4,1,1,8,
22/02/2017,3,5:45,2,460.72,1,3,3,4,1,1,5,
23/02/2017,4,23:08,2,464.36,2,3,3,4,1,1,5,
23/02/2017,4,23:37,2,438.72,2,4,3,4,1,1,5,
23/02/2017,4,20:18,2,506.45,2,2,3,4,1,1,6,
24/02/2017,5,17:45,2,417.54,1,2,2,4,1,1,7,11
24/02/2017,5,21:15,2,500,2,3,3,4,1,1,11,
24/02/2017,5,10:45,2,495.7,2,2,3,4,1,1,11,
25/02/2017,6,14:05,2,443.32,1,4,3,4,1,1,5,
26/02/2017,7,18:26,1,499.25,1,2,2,4,1,1,6,
26/02/2017,7,6:16,2,413.54,2,3,3,4,1,1,1,
26/02/2017,7,23:28,2,439.38,1,2,2,4,1,1,6,
27/02/2017,1,4:30,2,449.84,1,3,3,4,1,1,5,
27/02/2017,1,12:10,2,503.1,2,2,2,4,1,1,6,
28/02/2017,2,19:24,2,501.2,2,3,3,4,1,1,6,
28/02/2017,2,15:55,2,486,2,2,3,4,1,1,6,
1/3/2017,3,21:48,2,432.08,2,2,2,4,1,1,1,
3/3/2017,5,11:31,2,475.51,2,3,3,4,1,1,5,
3/3/2017,5,11:35,1,499.25,2,3,1,4,1,1,6,
4/3/2017,6,1:46,2,410.48,1,1,3,4,1,1,5,5
4/3/2017,6,17:05,2,433.2,1,3,2,4,1,1,9,
5/3/2017,7,15:00,1,493.25,2,3,2,4,1,1,6,
5/3/2017,7,19:30,2,489.3,2,2,3,4,1,1,3,
6/3/2017,1,4:55,2,406.6,2,2,3,4,1,1,5,
6/3/2017,1,17:30,1,495.8,2,1,3,4,1,1,5,1
7/3/2017,2,18:00,1,494.3,2,3,2,4,1,1,6,
8/3/2017,3,10:25,2,440.82,2,3,3,4,1,1,1,
8/3/2017,3,19:15,2,486.35,2,2,2,4,1,1,11,
9/3/2017,4,23:54,2,464.7,2,1,3,4,1,1,5,6
9/3/2017,4,11:38,2,427.3,2,2,2,4,1,1,5,6
9/3/2017,4,20:55,2,428.32,2,2,2,4,1,1,10,
9/3/2017,4,17:30,2,507.75,1,3,3,4,1,1,5,
9/3/2017,4,16:46,2,481.5,1,2,3,4,1,1,3,6
11/3/2017,6,4:15,2,431.94,1,2,3,4,1,2,5,
11/3/2017,6,20:15,1,495.6,1,3,2,4,1,2,11,
11/3/2017,6,5:20,2,510.2,1,3,3,4,1,2,1,
12/3/2017,7,11:10,1,496.15,2,3,2,4,1,1,11,6
12/3/2017,7,7:30,2,514.35,1,3,3,4,1,1,5,
13/03/2017,1,14:10,2,408.92,2,3,2,4,1,1,6,
13/03/2017,1,21:45,2,438.6,2,3,3,4,1,1,6,
13/03/2017,1,19:50,2,455.86,2,3,1,4,1,1,5,
14/03/2017,2,17:00,2,520.2,1,1,4,4,1,1,3,5
15/03/2017,3,12:25,2,479.8,1,3,5,4,1,1,5,
15/03/2017,3,10:17,2,430.06,1,2,2,4,1,1,2,
15/03/2017,3,23:42,2,511.25,2,2,3,4,1,1,9,
15/03/2017,3,16:15,2,509.9,2,1,3,4,1,1,5,6
17/03/2017,5,11:04,1,488,1,2,2,4,1,1,6,
18/03/2017,6,14:25,2,455.15,2,3,3,4,1,1,6,
18/03/2017,6,7:55,2,482.2,1,4,3,4,1,1,5,1
19/03/2017,7,8:28,2,514,1,1,3,4,1,1,5,6
19/03/2017,7,11:35,2,415,2,3,3,4,1,1,5,6
20/03/2017,1,8:10,2,430.25,1,3,4,4,1,1,3,5
21/03/2017,2,12:45,2,438.86,1,3,2,4,1,1,9,
21/03/2017,2,12:20,1,490.85,2,4,3,4,1,1,5,3
21/03/2017,2,5:44,2,414.25,1,3,3,4,1,1,5,
21/03/2017,2,12:45,2,438.86,2,3,4,4,1,1,9,
22/03/2017,3,17:59,2,428.99,2,4,5,4,1,1,5,1
22/03/2017,3,22:14,1,496.5,1,3,3,4,1,1,1,
22/03/2017,3,11:00,2,428.92,1,4,3,4,1,1,5,
22/03/2017,3,13:55,2,405.36,2,4,2,4,1,1,5,
22/03/2017,3,10:50,2,430,1,2,2,4,1,1,11,8
22/03/2017,3,14:05,2,440.5,2,2,2,4,1,1,11,6
23/03/2017,4,18:44,1,502.05,2,1,2,4,1,1,9,
23/03/2017,4,1:00,2,511.05,2,3,3,4,1,1,5,5
23/03/2017,4,22:14,1,496.5,1,2,2,4,1,1,1,8
24/03/2017,5,9:26,2,520.66,1,3,3,4,1,1,5,
24/03/2017,5,23:50,2,423.72,2,4,3,4,1,1,1,
24/03/2017,5,16:15,2,487.5,1,4,2,4,1,1,11,
24/03/2017,5,2:07,1,494.9,2,3,2,4,1,1,5,
25/03/2017,6,1:14,2,510.2,1,3,3,4,1,1,5,
25/03/2017,6,21:38,2,439.2,2,3,3,4,1,1,6,
27/03/2017,1,8:45,2,482.7,1,4,3,4,1,1,5,
28/03/2017,2,8:20,2,440.4,1,4,3,4,1,1,5,
28/03/2017,2,21:55,1,502.9,1,2,1,4,1,1,6,
30/03/2017,4,13:03,2,405.52,2,2,3,4,1,1,5,
30/03/2017,4,23:08,2,424.24,1,4,3,4,1,1,1,
30/03/2017,4,2:35,2,515.4,1,3,3,4,1,1,1,
30/03/2017,4,13:00,1,494.45,2,4,2,4,1,1,1,
30/03/2017,4,14:03,1,496.5,2,3,2,4,1,1,6,
30/03/2017,4,3:40,1,490.85,2,2,4,4,1,1,5,5
1/4/2017,6,0:30,2,476.65,1,2,3,4,1,1,5,5
1/4/2017,6,11:50,1,495,2,2,3,4,1,1,6,
3/4/2017,1,18:40,1,499.25,1,3,3,4,1,1,3,1
4/4/2017,2,6:15,1,494.3,1,4,3,4,1,1,5,
4/4/2017,2,18:54,2,488.9,1,2,3,4,1,1,5,11
4/4/2017,2,19:07,2,488.9,1,2,3,4,1,1,6,
4/4/2017,2,1:45,2,510.4,1,1,2,4,1,1,5,5
5/4/2017,3,23:40,2,426.88,2,2,3,4,1,1,6,
5/4/2017,3,3:12,2,475.82,2,3,3,4,1,1,11,1
5/4/2017,3,9:05,2,504,2,4,2,4,1,1,5,
5/4/2017,3,14:00,2,405.1,2,3,3,4,1,1,11,
6/4/2017,4,10:20,2,431.6,1,2,3,4,1,1,6,
6/4/2017,4,0:48,2,514,2,2,2,4,1,1,5,5
6/4/2017,4,17:35,2,520.66,2,1,4,4,1,1,5,6
6/4/2017,4,16:33,1,497.75,1,4,2,4,1,1,5,1
6/4/2017,4,18:34,2,492.25,1,2,3,4,1,1,6,9
7/4/2017,5,8:25,2,487.15,1,2,3,4,1,3,5,6
8/4/2017,6,19:10,2,449.42,1,4,2,4,1,4,5,
8/4/2017,6,23:32,2,464.45,2,3,1,4,1,3,1,
9/4/2017,7,14:13,2,520,2,1,3,4,1,1,6,
9/4/2017,7,19:00,2,426,2,2,3,4,1,1,6,
9/4/2017,7,0:00,1,497.7,1,3,2,4,1,1,5,
9/4/2017,7,0:00,2,421.8,1,4,2,4,1,1,5,
10/4/2017,1,5:36,2,420.84,2,3,3,4,1,1,3,
10/4/2017,1,12:19,2,411.12,2,3,2,4,1,1,5,
10/4/2017,1,13:00,2,480.75,2,4,5,4,1,1,1,
10/4/2017,1,13:01,2,506.8,2,2,3,4,1,1,5,6
11/4/2017,2,8:35,2,514.5,1,4,3,4,1,1,5,
12/4/2017,3,19:23,2,416.36,2,3,3,4,1,1,1,
12/4/2017,3,2:33,1,491.1,2,2,2,4,1,1,9,
13/04/2017,4,14:30,2,427.1,2,2,2,4,1,1,7,5
13/04/2017,4,8:10,2,513.15,1,3,2,4,1,1,5,
13/04/2017,4,13:20,1,498.4,2,4,3,4,1,1,1,
13/04/2017,4,14:00,2,472.2,1,1,2,4,1,1,1,
14/04/2017,5,23:09,1,501.95,2,2,2,4,1,1,6,9
14/04/2017,5,1:25,2,511.4,2,3,3,4,1,1,1,
14/04/2017,5,19:00,1,504.3,1,1,2,4,1,1,3,3
15/04/2017,6,18:59,1,493.45,1,2,2,4,1,1,6,
15/04/2017,6,21:30,2,430,2,2,3,4,1,1,6,
16/04/2017,7,20:32,2,462.6,1,2,1,4,1,1,6,
17/04/2017,1,5:17,2,420.84,1,4,3,4,1,1,5,
17/04/2017,1,18:43,2,435.9,1,3,3,4,1,1,6,
18/04/2017,2,11:08,1,494.35,2,2,2,4,1,1,8,
19/04/2017,3,13:58,2,437.07,2,2,2,4,1,1,11,6
19/04/2017,3,16:34,2,512.4,1,3,3,4,1,1,5,5
20/04/2017,4,11:27,2,473.82,2,3,5,4,1,1,1,
20/04/2017,4,11:07,2,433.42,2,2,1,4,1,1,7,
20/04/2017,4,5:43,2,410.92,1,3,3,4,1,1,1,5
21/04/2017,5,0:27,1,495.4,2,2,2,4,1,1,1,1
22/04/2017,6,9:28,2,486.902,2,2,3,4,1,1,6,
22/04/2017,6,6:07,1,494.4,1,2,2,4,1,1,8,
23/04/2017,7,18:14,1,502.5,2,2,3,4,1,1,5,5
23/04/2017,7,23:45,2,482.6,2,3,3,4,1,1,5,
23/04/2017,7,0:25,2,434.2,1,2,2,4,1,1,11,6
24/04/2017,1,8:02,1,499.9,1,1,2,4,1,1,6,5
25/04/2017,2,17:16,2,482.2,2,2,3,4,1,1,11,9
26/04/2017,3,15:50,2,467.38,2,3,3,4,1,1,1,
27/04/2017,4,9:45,2,442.72,2,3,3,4,1,1,6,
27/04/2017,4,22:54,2,402.1,2,2,2,4,1,1,11,
28/04/2017,5,16:10,2,430,1,2,3,4,1,1,6,
28/04/2017,5,14:07,2,520.67,2,3,1,4,1,1,1,
28/04/2017,5,23:33,2,481.8,2,1,2,4,1,1,1,5
29/04/2017,6,1:48,2,443.4,1,3,3,4,1,1,3,
29/04/2017,6,9:46,2,441.2,1,3,3,4,1,1,5,1
30/04/2017,7,6:02,1,493.2,1,3,4,4,1,1,5,
30/04/2017,7,3:02,2,476.55,1,2,3,4,1,1,5,
1/5/2017,1,15:25,2,430.18,1,2,3,4,1,1,5,5
1/5/2017,1,20:32,2,431,1,2,3,4,1,1,6,
1/5/2017,1,16:52,2,514.5,2,2,3,4,1,1,11,
2/5/2017,2,15:45,1,496.55,2,4,3,4,1,1,5,1
3/5/2017,3,7:02,2,417.25,2,2,3,4,1,1,1,
3/5/2017,3,7:07,1,491.11,2,4,1,4,1,1,1,5
4/5/2017,4,23:32,2,476.2,1,2,3,4,1,1,5,11
4/5/2017,4,9:29,2,479.8,1,3,3,4,1,1,1,
4/5/2017,4,10:41,1,498.6,1,3,3,4,1,1,5,6
5/5/2017,5,19:15,1,491.8,1,2,3,4,1,1,6,
5/5/2017,5,9:15,2,479.8,1,3,2,4,1,1,5,
5/5/2017,5,10:41,1,498.6,1,3,3,4,1,1,5,
5/5/2017,5,19:40,2,460.84,2,2,2,4,1,1,6,5
6/5/2017,6,7:30,2,433.18,2,3,3,4,1,1,5,
7/5/2017,7,9:00,2,425.06,1,1,2,4,1,1,7,
7/5/2017,7,23:05,1,503.96,2,3,3,4,1,1,5,
7/5/2017,7,17:35,2,439.5,2,3,3,4,1,1,5,6
8/5/2017,1,19:20,2,458.92,2,3,2,4,1,1,5,
9/5/2017,2,1:12,2,428.18,1,2,2,4,1,1,11,9
9/5/2017,2,10:40,2,427.6,1,2,2,4,1,1,6,
9/5/2017,2,8:55,2,449.58,2,3,2,4,1,1,1,5
9/5/2017,2,7:10,2,454.78,1,3,3,4,1,1,1,5
9/5/2017,2,13:13,2,480.6,1,1,3,4,1,1,10,6
10/5/2017,3,7:30,2,471.4,1,1,2,4,1,1,5,6
10/5/2017,3,17:52,2,426.6,1,2,3,4,1,1,6,
11/5/2017,4,0:00,2,427.72,1,2,3,4,1,1,5,
11/5/2017,4,7:10,2,476.8,1,3,2,4,1,1,5,
11/5/2017,4,6:40,2,493.2,2,2,3,4,1,1,6,
11/5/2017,4,17:20,1,498.9,2,3,3,4,1,1,6,
11/5/2017,4,10:07,1,492.2,1,2,2,4,1,10,1,
12/5/2017,5,15:10,2,472.85,1,3,3,4,1,1,5,
12/5/2017,5,5:06,2,411.48,1,4,3,4,1,1,5,
12/5/2017,5,7:13,2,415.2,2,4,2,4,1,1,5,
12/5/2017,5,6:55,1,494.12,2,3,2,4,1,1,1,
12/5/2017,5,6:11,2,488.45,2,1,2,4,1,1,6,
12/5/2017,5,5:04,2,488.9,1,3,3,4,1,1,6,
13/05/2017,6,4:02,2,511.9,2,2,3,4,1,2,5,
14/05/2017,7,9:03,1,496.55,1,3,2,4,1,1,11,
15/05/2017,1,10:05,2,454.8,2,3,2,4,1,1,1,
16/05/2017,2,4:05,2,425.3,1,3,2,4,1,1,5,
17/05/2017,3,1:50,2,433.2,1,2,2,4,1,1,2,
17/05/2017,3,16:20,2,431.34,1,1,2,4,1,1,11,
17/05/2017,3,21:40,2,429.12,1,2,2,4,1,1,6,6
17/05/2017,3,19:15,1,499.25,1,2,2,4,1,1,11,
18/05/2017,4,0:40,2,464.4,1,3,2,4,1,1,5,
18/05/2017,4,12:05,2,492.35,2,2,3,4,1,1,11,
18/05/2017,4,13:45,2,520.67,1,1,2,4,1,1,6,
19/05/2017,5,0:00,2,492.55,2,2,2,4,1,1,6,
19/05/2017,5,12:45,2,501.15,1,3,2,4,1,1,5,
19/05/2017,5,21:12,2,489.7,2,2,2,4,1,1,6,
20/05/2017,6,4:15,2,443.3,1,4,2,4,1,1,5,
20/05/2017,6,9:10,2,504,2,4,3,4,1,1,5,
21/05/2017,7,3:15,2,428.7,1,3,3,4,1,1,5,
21/05/2017,7,23:00,2,438.5,1,3,2,4,1,1,5,
22/05/2017,1,10:39,2,438.52,1,3,3,4,1,1,6,
22/05/2017,1,6:30,2,447.2,2,3,3,4,1,1,11,1
22/05/2017,1,22:12,2,464.3,1,3,1,4,1,1,5,
22/05/2017,1,23:40,2,467.94,1,2,3,4,1,1,5,5
22/05/2017,1,12:34,1,492.25,1,2,2,4,1,1,11,
23/05/2017,2,7:20,2,453.3,1,2,3,4,1,1,5,
23/05/2017,2,5:30,2,504,2,3,3,4,1,1,5,
24/05/2017,3,16:28,2,448.5,1,3,3,4,1,1,1,
24/05/2017,3,3:12,1,493.8,1,2,3,4,1,1,6,
25/05/2017,4,1:54,2,433.1,2,2,2,4,1,1,1,
25/05/2017,4,3:12,1,493.8,1,2,2,4,1,1,6,
26/05/2017,5,1:35,2,453.1,1,3,2,4,1,1,5,
26/05/2017,5,20:08,2,430.4,2,2,2,4,1,1,6,
26/05/2017,5,22:00,2,411,2,2,2,4,1,1,5,
27/05/2017,6,6:45,2,405.9,1,3,3,4,1,1,1,
27/05/2017,6,11:30,2,400.4,1,3,5,4,1,1,5,
27/05/2017,6,0:37,2,506.85,2,1,2,4,1,1,1,5
28/05/2017,7,15:40,2,520.7,1,3,3,4,1,1,6,
29/05/2017,1,19:10,2,473.75,2,1,2,4,1,1,6,11
29/05/2017,1,0:50,1,504.25,2,4,3,4,1,1,5,5
30/05/2017,2,11:33,2,422.32,1,3,3,4,1,1,5,
30/05/2017,2,15:15,2,450.17,1,2,3,4,1,5,7,
31/05/2017,3,9:18,1,494.94,2,2,2,4,1,1,11,
1/6/2017,4,2:20,2,479.8,1,2,2,4,1,1,3,
1/6/2017,4,13:44,1,485,1,2,1,4,1,1,6,
1/6/2017,4,10:53,2,518.3,2,2,2,4,1,1,1,1
1/6/2017,4,22:37,2,504.45,1,2,3,4,1,1,6,
3/6/2017,6,23:10,2,468.35,2,2,2,4,1,1,5,
3/6/2017,6,2:30,2,468.4,2,1,2,4,1,1,5,
3/6/2017,6,20:02,2,434.24,1,2,2,4,1,1,5,
4/6/2017,7,9:00,2,422.24,2,3,3,4,1,1,6,
4/6/2017,7,4:28,2,510,1,2,2,4,1,1,5,
6/6/2017,2,22:33,2,434.2,1,2,3,4,1,1,6,
6/6/2017,2,0:10,2,443.2,1,3,2,4,1,1,5,
7/6/2017,3,5:05,2,458.77,2,4,3,4,1,1,5,
7/6/2017,3,21:37,2,507.1,2,2,2,4,1,5,5,6
7/6/2017,3,16:33,1,490.35,2,3,3,4,1,1,5,
8/6/2017,4,23:04,2,446.88,1,2,2,4,1,1,5,1
8/6/2017,4,20:53,1,489.6,2,2,2,4,1,1,6,
10/6/2017,6,11:43,2,422.38,1,2,2,4,1,1,5,1
10/6/2017,6,6:45,2,500.1,1,4,4,4,1,1,5,
10/6/2017,6,23:30,2,510.1,1,4,3,4,1,1,1,
10/6/2017,6,23:45,2,508.2,1,2,3,4,1,1,1,1
11/6/2017,7,21:37,2,504.95,1,2,2,4,1,1,1,
11/6/2017,7,16:02,2,501.15,1,2,1,4,1,1,6,
12/6/2017,1,19:45,2,521.125,1,1,2,4,1,1,3,5
12/6/2017,1,17:35,2,512.1,2,4,2,4,1,4,1,
14/06/2017,3,0:05,2,403.1,2,3,3,4,1,3,1,
14/06/2017,3,10:10,2,519.1,2,4,3,4,1,5,10,
14/06/2017,3,19:35,2,510.85,1,3,2,4,1,4,5,11
15/06/2017,4,3:45,2,417.8,2,3,2,4,1,1,1,
15/06/2017,4,10:19,2,423.04,1,4,3,4,1,1,5,
15/06/2017,4,2:40,2,468.3,2,3,2,4,1,1,1,
16/06/2017,5,20:32,1,499.9,1,4,2,4,1,1,1,
16/06/2017,5,1:28,1,504.3,2,3,2,4,1,1,5,
17/06/2017,6,4:58,2,500.12,1,4,3,4,1,1,1,
18/06/2017,7,16:56,2,436.84,1,3,3,4,1,1,6,
18/06/2017,7,20:55,2,500.12,1,2,2,4,1,1,6,
19/06/2017,1,19:40,2,471.7,2,2,2,4,1,1,11,
19/06/2017,1,20:00,1,499.95,1,2,8,4,1,1,11,
20/06/2017,2,6:14,2,402.92,1,2,2,4,1,3,1,
20/06/2017,2,18:56,2,435.5,1,2,3,4,1,3,11,9
20/06/2017,2,5:10,2,459.84,2,4,2,4,1,3,1,
20/06/2017,2,4:00,2,461.7,1,3,2,4,1,3,6,
20/06/2017,2,19:40,2,464.3,1,2,2,4,1,2,6,9
21/06/2017,3,21:00,2,408.8,1,2,2,4,1,1,1,11
22/06/2017,4,7:47,2,417.1,2,3,2,4,1,1,6,
22/06/2017,4,6:25,2,497.9,1,3,2,4,1,2,6,
23/06/2017,5,0:25,2,423,1,3,2,4,1,3,6,
23/06/2017,5,9:22,1,487.9,1,2,2,4,1,3,3,5
24/06/2017,6,15:00,2,455.58,1,1,2,4,1,1,1,
24/06/2017,6,10:52,1,488.3,1,2,2,4,1,1,6,1
24/06/2017,6,22:08,1,492.25,1,2,2,4,1,1,6,11
25/06/2017,7,15:35,2,467.05,1,2,2,4,1,1,11,
25/06/2017,7,1:21,1,500.11,1,3,2,4,1,1,5,1
26/06/2017,1,5:05,2,418.25,1,3,1,4,1,1,5,
26/06/2017,1,12:15,1,495.7,1,2,3,4,1,1,6,
26/06/2017,1,2:30,2,464.6,1,3,3,4,1,3,6,11
26/06/2017,1,15:35,2,469.05,1,2,3,4,1,3,1,
27/06/2017,2,0:03,2,433.3,2,3,4,4,1,3,5,
27/06/2017,2,5:30,2,469.9,2,3,3,4,1,3,1,
28/06/2017,3,11:08,2,500.82,1,2,2,4,1,1,1,
28/06/2017,3,4:30,2,506.8,2,4,3,4,1,1,5,
28/06/2017,3,7:50,2,506.15,2,4,2,4,1,2,5,
29/06/2017,4,6:55,2,431.5,1,1,2,4,1,2,11,
29/06/2017,4,14:59,2,518.6,2,2,2,4,1,1,5,
30/06/2017,5,21:40,1,491.15,2,2,3,4,1,4,6,8
30/06/2017,5,22:45,2,422.06,2,1,2,4,1,1,6,6
1/7/2017,6,0:11,1,491.15,1,3,3,4,1,3,9,
3/7/2017,1,3:50,2,418.82,2,2,3,4,1,4,5,5
3/7/2017,1,10:21,2,431.92,2,2,2,4,1,4,7,
3/7/2017,1,22:40,2,457.96,1,3,2,4,1,3,5,
4/7/2017,2,0:09,1,493.55,2,2,2,4,1,5,8,
4/7/2017,2,3:50,2,512.6,1,3,3,4,1,3,5,5
4/7/2017,2,16:57,1,494.8,2,2,2,4,1,4,6,
6/7/2017,4,4:45,2,477.3,1,2,2,4,1,3,11,1
6/7/2017,4,17:40,2,483.85,2,3,3,4,1,3,1,
6/7/2017,4,16:20,2,500.1,2,2,3,4,1,3,3,6
7/7/2017,5,23:30,1,497.8,1,2,1,4,1,2,6,
8/7/2017,6,19:30,1,498.3,1,2,1,4,1,1,6,
8/7/2017,6,19:52,2,481.6,1,2,3,4,1,1,1,
8/7/2017,6,15:15,2,518.6,1,2,2,4,1,1,9,
9/7/2017,7,19:05,1,491.3,1,3,3,4,1,3,6,
11/7/2017,2,5:15,2,428,1,2,3,4,1,1,11,
12/7/2017,3,21:57,2,507.05,1,2,2,4,1,1,1,
13/07/2017,4,23:40,2,478.25,2,3,2,4,1,1,1,
14/07/2017,5,3:43,2,508.1,2,2,3,4,1,4,1,5
15/07/2017,6,6:56,2,426.72,2,2,3,4,1,1,1,11
15/07/2017,6,23:03,2,429.8,1,3,2,4,1,1,6,
15/07/2017,6,6:00,2,456.55,1,3,3,4,1,1,6,5
16/07/2017,7,19:30,2,440.46,1,1,2,4,1,1,11,
16/07/2017,7,13:58,1,496.05,2,2,3,4,1,1,6,
16/07/2017,7,5:10,2,479.66,1,3,3,4,1,1,5,
18/07/2017,2,1:15,2,504.35,2,3,3,4,1,3,5,
19/07/2017,3,3:11,2,461.8,1,1,2,4,1,1,5,
20/07/2017,4,7:10,2,450.16,1,3,2,4,1,1,5,
20/07/2017,4,11:26,2,508.5,2,4,4,4,1,1,1,
21/07/2017,5,9:45,2,425.5,1,4,3,4,1,1,1,
21/07/2017,5,16:02,2,488.7,1,2,3,4,1,1,6,
22/07/2017,6,20:25,2,411.7,1,3,4,4,1,2,6,
22/07/2017,6,16:04,2,487.3,1,2,3,4,1,2,1,6
22/07/2017,6,10:12,2,445.02,1,3,3,4,1,2,5,
23/07/2017,7,6:15,2,447.12,1,3,3,4,1,2,5,
24/07/2017,1,4:05,2,450.14,1,2,3,4,1,1,5,
26/07/2017,3,22:12,2,504.85,2,2,2,4,1,1,11,8
26/07/2017,3,22:45,2,506.75,2,2,2,4,1,1,11,8
26/07/2017,3,19:05,1,499,2,2,2,4,1,1,11,9
27/07/2017,4,19:02,2,450.02,1,3,3,4,1,1,5,
27/07/2017,4,5:27,2,473.9,1,1,2,4,1,5,11,1
27/07/2017,4,4:52,2,495.8,1,2,2,4,1,4,11,1
28/07/2017,5,6:00,2,464.58,1,3,2,4,1,3,3,5
29/07/2017,6,19:10,2,502.85,1,3,2,4,1,1,1,1
30/07/2017,7,10:50,2,515.95,1,1,2,4,1,1,6,5
30/07/2017,7,21:18,2,455.62,1,2,3,4,1,1,3,5
30/07/2017,7,8:08,2,488.65,2,3,2,4,1,1,5,6
31/07/2017,1,19:03,2,479.6,1,3,3,4,1,1,5,
31/07/2017,1,13:53,2,514.8,2,2,2,4,1,1,5,5
31/07/2017,1,15:30,1,500.1,1,1,2,4,1,1,6,
31/07/2017,1,13:15,1,499.1,1,2,2,4,1,1,1,
31/07/2017,1,22:45,2,496.25,2,3,2,4,1,1,5,1
1/8/2017,2,21:03,1,492.65,1,2,2,4,1,1,9,
2/8/2017,3,18:30,2,465.3,1,3,2,4,1,1,1,
2/8/2017,3,16:53,2,484.05,2,3,2,4,1,1,6,
3/8/2017,4,7:56,2,448.28,2,3,4,4,1,3,5,
3/8/2017,4,22:12,2,406.5,1,2,2,4,1,3,5,5
3/8/2017,4,16:35,1,491.8,1,3,3,4,1,4,6,
3/8/2017,4,5:43,2,512.96,2,2,2,4,1,4,5,
4/8/2017,5,11:25,2,485.6,2,2,2,4,1,1,6,
5/8/2017,6,9:32,2,447.62,1,2,2,4,1,1,6,1
5/8/2017,6,22:40,2,452.9,2,2,2,4,1,4,8,
5/8/2017,6,9:40,2,520.7,1,2,3,4,1,1,1,4
6/8/2017,7,0:00,2,438.4,1,3,3,4,1,1,1,5
6/8/2017,7,17:15,2,501.49,1,2,3,4,1,1,5,
7/8/2017,1,0:45,2,457.96,1,2,3,4,1,1,6,
7/8/2017,1,2:35,2,512.9,2,2,3,4,1,1,5,5
8/8/2017,2,6:55,2,412.1,1,1,2,4,1,1,5,5
8/8/2017,2,2:29,2,476.6,2,4,2,4,1,1,11,1
8/8/2017,2,21:13,1,496.35,2,3,1,4,1,3,6,
8/8/2017,2,17:05,2,509.2,2,4,2,4,1,3,5,
9/8/2017,3,1:51,2,464.32,1,3,2,4,1,3,3,
10/8/2017,4,8:23,2,466.42,1,2,2,4,1,1,1,3
10/8/2017,4,5:20,2,415.7,1,2,3,4,1,3,11,9
10/8/2017,4,21:03,2,500.95,1,2,2,4,1,3,6,
10/8/2017,4,22:00,2,489.75,1,3,3,4,1,4,11,9
11/8/2017,5,19:00,2,407.9,2,1,2,4,1,4,5,6
11/8/2017,5,5:26,2,457.94,1,2,2,4,1,1,5,5
11/8/2017,5,22:14,1,496.3,1,1,2,4,1,4,11,6
12/8/2017,6,11:15,2,458.86,2,2,2,4,1,4,5,6
12/8/2017,6,17:00,2,520,1,2,2,4,1,1,5,
13/08/2017,7,11:25,2,515.95,2,2,3,4,1,3,3,6
13/08/2017,7,3:32,2,511.9,1,2,2,4,1,4,5,5
13/08/2017,7,19:39,2,487.5,2,2,1,4,1,4,6,
16/08/2017,3,2:10,2,478.5,2,3,2,4,1,4,5,11
16/08/2017,3,11:43,1,492.75,1,2,3,4,1,3,7,6
16/08/2017,3,18:14,1,492.3,1,2,2,4,1,3,11,9
16/08/2017,3,15:07,2,501.6,2,3,2,4,1,3,1,
17/08/2017,4,5:05,2,472.3,2,3,2,4,1,4,5,
18/08/2017,5,19:31,2,423.04,1,1,2,4,1,3,11,6
18/08/2017,5,11:35,2,481.2,2,2,2,4,1,1,11,6
18/08/2017,5,6:29,2,476.8,1,2,3,4,1,1,1,11
18/08/2017,5,22:35,2,485.9,1,2,2,4,1,3,11,1
19/08/2017,6,12:06,2,427.96,1,2,3,4,1,3,5,
20/08/2017,7,13:53,2,487.1,1,2,3,4,1,4,6,6
20/08/2017,7,19:20,2,438.4,2,3,3,4,1,4,6,
20/08/2017,7,21:15,2,470.32,1,3,3,4,1,1,6,
21/08/2017,1,4:20,2,450.25,1,3,3,4,1,3,5,
21/08/2017,1,3:52,2,446.3,1,2,2,4,1,3,11,1
21/08/2017,1,18:30,1,494.5,2,2,3,4,1,3,6,
21/08/2017,1,18:30,1,491.3,2,2,2,4,1,3,11,
21/08/2017,1,0:32,1,497.7,2,2,1,4,1,2,6,
22/08/2017,2,5:32,2,477.82,1,2,3,4,1,1,5,11
22/08/2017,2,12:13,1,499.25,1,3,2,4,1,1,6,
22/08/2017,2,23:31,1,497.85,2,3,2,4,1,1,5,
23/08/2017,3,7:21,2,408.3,2,3,2,4,1,1,5,5
23/08/2017,3,5:20,2,508.3,1,3,2,4,1,1,5,
25/08/2017,5,4:15,2,410.6,1,2,3,4,1,1,3,5
25/08/2017,5,15:48,1,499.1,1,3,3,4,1,1,4,6
25/08/2017,5,18:52,2,504.1,1,3,3,4,1,1,6,
26/08/2017,6,11:20,1,491.7,2,2,3,4,1,1,5,
26/08/2017,6,17:04,2,489.35,2,2,3,4,1,1,5,1
26/08/2017,6,19:09,2,481.95,1,2,2,4,1,1,6,
26/08/2017,6,1:48,2,481.8,1,2,4,4,1,1,1,
27/08/2017,7,16:13,2,481.1,2,2,3,4,1,4,11,
28/08/2017,1,14:35,1,499.1,2,3,5,4,1,1,4,4
28/08/2017,1,13:20,1,489.35,1,3,3,4,1,1,11,9
29/08/2017,2,8:40,2,470.26,2,2,3,4,1,1,1,8
29/08/2017,2,9:36,2,511,1,2,3,4,1,1,3,5
29/08/2017,2,5:50,2,415.2,2,2,3,4,1,1,5,3
30/08/2017,3,19:53,2,429,1,2,2,4,1,1,6,6
30/08/2017,3,0:20,2,474.55,2,2,3,4,1,1,5,
31/08/2017,4,14:54,2,481.95,2,2,3,4,1,1,10,6
31/08/2017,4,22:05,1,495.1,2,2,3,4,1,1,11,
1/9/2017,5,16:10,2,431.26,2,2,3,4,1,1,6,
1/9/2017,5,9:35,2,456.7,1,3,3,4,1,1,5,
1/9/2017,5,20:50,2,504.15,2,4,3,4,1,1,5,
3/9/2017,7,3:42,1,497.75,1,4,3,4,1,1,3,
4/9/2017,1,23:27,1,492.15,1,2,1,4,1,1,6,
4/9/2017,1,23:00,2,408.7,1,2,1,4,1,1,7,
4/9/2017,1,23:55,2,469.8,1,2,3,4,1,1,5,
5/9/2017,2,23:45,2,468.2,1,3,3,4,1,1,1,
6/9/2017,3,11:45,2,430.34,2,4,2,4,1,1,5,11
6/9/2017,3,22:05,1,491.9,1,2,5,4,1,1,6,
7/9/2017,4,13:55,2,471.34,2,2,5,4,1,1,5,
7/9/2017,4,6:45,2,450.24,1,4,3,4,1,1,5,
7/9/2017,4,10:19,1,497.5,2,3,2,4,1,1,5,1
8/9/2017,5,23:18,2,435.28,2,2,2,4,1,1,6,
8/9/2017,5,19:03,2,454.15,1,3,3,4,1,1,5,1
8/9/2017,5,6:08,1,499.95,2,2,1,4,1,1,9,
8/9/2017,5,14:57,2,485.1,2,2,2,4,1,1,5,5
9/9/2017,6,22:08,2,468.72,1,2,4,4,1,1,5,
10/9/2017,7,5:15,2,418.86,2,2,2,4,1,1,5,5
10/9/2017,7,10:20,1,499.25,1,3,2,4,1,1,9,
10/9/2017,7,0:01,2,465.88,2,2,3,4,1,1,5,5
11/9/2017,1,12:30,2,454.85,1,3,2,4,1,1,5,7
11/9/2017,1,18:02,2,473.3,2,3,1,4,1,1,5,
11/9/2017,1,22:50,2,454.1,2,2,1,4,1,1,6,11
11/9/2017,1,0:55,2,513.5,1,2,2,4,1,1,3,
12/9/2017,2,20:02,2,435.32,1,2,3,4,1,1,11,
12/9/2017,2,12:00,1,502.2,1,2,2,4,1,1,6,
13/09/2017,3,1:32,2,427.18,2,3,2,4,1,1,6,
13/09/2017,3,4:55,2,500.1,1,4,2,4,1,1,5,
13/09/2017,3,18:25,2,491.85,1,1,2,4,1,1,6,
13/09/2017,3,4:59,2,493.25,2,2,2,4,1,1,11,1
14/09/2017,4,4:20,2,472.62,1,3,2,4,1,1,5,
14/09/2017,4,2:02,1,436.38,1,4,2,4,1,1,1,
15/09/2017,5,10:55,2,438.55,1,3,1,4,1,1,6,6
15/09/2017,5,3:20,2,476.88,1,2,2,4,1,1,5,5
15/09/2017,5,10:05,1,497.5,1,3,2,4,1,1,6,11
17/09/2017,7,18:12,2,487.8,2,2,3,4,1,1,1,
17/09/2017,7,20:45,2,476.32,1,4,2,4,1,1,5,
17/09/2017,7,15:10,1,496.7,2,3,3,4,1,1,10,
18/09/2017,1,12:20,2,464.89,2,3,3,4,1,1,5,
19/09/2017,2,0:30,2,467.9,1,4,2,4,1,1,5,
19/09/2017,2,18:28,2,509.8,1,2,3,4,1,1,11,
19/09/2017,2,12:14,1,495.1,1,3,2,4,1,1,6,4
20/09/2017,3,9:29,2,473.3,1,2,2,4,1,1,1,5
20/09/2017,3,22:10,2,486.35,2,2,2,4,1,1,6,
22/09/2017,5,19:40,1,498.3,2,3,2,4,1,1,6,
22/09/2017,5,5:50,2,504.5,2,2,2,4,1,1,11,
22/09/2017,5,7:10,2,471.99,1,2,3,4,1,1,1,
23/09/2017,6,3:10,2,427.64,2,3,2,4,1,1,5,5
23/09/2017,6,4:30,2,512.8,1,1,2,4,1,1,1,5
23/09/2017,6,16:05,2,505,2,2,3,4,1,1,5,6
24/09/2017,7,13:37,2,450.24,2,3,2,4,1,1,1,
24/09/2017,7,22:20,2,438.1,1,2,2,4,1,1,6,
24/09/2017,7,0:33,2,481.85,2,2,3,4,1,1,5,
24/09/2017,7,21:20,2,493.8,2,2,3,4,1,1,6,
25/09/2017,1,5:42,2,412.32,2,3,3,4,1,1,5,
25/09/2017,1,21:30,2,433.5,1,3,2,4,1,1,5,
25/09/2017,1,5:50,2,448.81,2,3,2,4,1,1,5,
25/09/2017,1,15:45,2,454.85,1,3,2,4,1,1,6,
25/09/2017,1,10:36,2,500.4,2,1,2,4,1,1,11,
26/09/2017,2,19:28,2,414.94,2,2,3,4,1,1,6,
26/09/2017,2,22:31,2,453.2,1,2,2,4,1,1,11,8
26/09/2017,2,10:00,2,511.8,2,1,2,4,1,1,11,
26/09/2017,2,10:41,2,483.5,1,2,2,4,1,1,5,6
27/09/2017,3,13:12,1,492.4,2,3,1,4,1,1,6,
27/09/2017,3,23:09,2,518.2,2,2,3,4,1,1,6,
28/09/2017,4,16:20,2,468.24,1,3,2,4,1,2,6,
28/09/2017,4,5:45,1,493.1,1,1,2,4,1,1,11,
28/09/2017,4,6:20,2,501.85,2,2,3,4,1,4,5,
29/09/2017,5,17:37,2,465.7,1,3,3,4,1,4,5,
29/09/2017,5,22:40,1,491.1,2,1,1,4,1,1,11,
30/09/2017,6,18:35,2,428.64,2,2,1,4,1,1,6,
30/09/2017,6,8:14,2,469.2,2,2,3,4,1,1,6,
30/09/2017,6,14:54,2,509.75,2,2,2,4,1,1,6,
30/09/2017,6,21:09,1,494.7,2,3,3,4,1,1,3,
2/10/2017,1,17:35,2,444.98,1,2,2,4,1,1,1,
3/10/2017,2,21:30,2,436.7,2,3,3,4,1,1,5,5
4/10/2017,3,21:55,2,433,2,3,2,4,1,1,5,
5/10/2017,4,23:24,2,440.6,2,2,3,4,1,1,6,
5/10/2017,4,0:05,2,430.9,2,2,2,4,1,1,1,11
5/10/2017,4,20:27,2,502.05,1,2,2,4,1,1,6,
7/10/2017,6,8:20,2,428.2,2,2,2,4,1,1,11,
7/10/2017,6,19:38,1,495.8,2,2,2,4,1,1,6,
7/10/2017,6,1:30,2,448.78,1,2,3,4,1,1,3,
8/10/2017,7,15:42,2,506.15,2,2,2,4,1,1,6,
8/10/2017,7,18:22,2,512.5,1,1,2,4,1,1,9,
9/10/2017,1,20:16,2,437.24,1,3,1,4,1,1,11,
9/10/2017,1,16:20,2,471.1,2,2,2,4,1,1,6,8
9/10/2017,1,18:50,2,495.3,2,2,2,4,1,1,11,9
9/10/2017,1,20:14,2,493.1,2,2,2,4,1,1,11,9
10/10/2017,2,20:17,1,499.1,2,2,2,4,1,2,11,6
11/10/2017,3,11:05,2,420.6,2,2,3,4,1,2,11,9
11/10/2017,3,20:35,2,463.7,2,2,2,4,1,2,1,
11/10/2017,3,17:40,2,496.1,1,2,1,4,1,2,9,
12/10/2017,4,22:45,2,484,1,2,2,4,1,1,11,6
12/10/2017,4,3:50,2,486.25,1,3,2,4,1,1,11,3
13/10/2017,5,18:20,1,501.1,2,3,2,4,1,1,6,
14/10/2017,6,5:22,1,500.1,1,2,2,4,1,1,1,
14/10/2017,6,10:35,2,507.4,1,3,3,4,1,1,11,
14/10/2017,6,23:24,2,512.4,2,3,2,4,1,1,6,
16/10/2017,1,16:30,2,405.1,2,3,2,4,1,1,5,
16/10/2017,1,4:30,1,499.25,1,3,2,4,1,1,6,
17/10/2017,2,23:35,2,411.04,1,3,2,4,1,1,5,11
17/10/2017,2,12:20,2,457.1,1,2,2,4,1,1,6,5
17/10/2017,2,18:10,2,469.25,2,2,2,4,1,2,11,6
18/10/2017,3,15:38,2,452,1,3,3,4,1,3,1,
18/10/2017,3,2:17,2,451.84,1,2,2,4,1,3,1,5
18/10/2017,3,21:51,1,493.9,2,2,2,4,1,3,1,
19/10/2017,4,1:10,2,437.4,1,2,2,4,1,4,6,
19/10/2017,4,7:20,2,444.54,1,4,2,4,1,4,5,
20/10/2017,5,18:12,2,508.05,1,2,2,4,1,4,6,
20/10/2017,5,1:25,2,466.92,1,2,2,4,1,4,6,
21/10/2017,6,8:40,2,454.4,1,3,3,4,1,2,1,
21/10/2017,6,7:45,2,425.4,2,2,2,4,1,1,6,
22/10/2017,7,0:02,2,434.2,1,2,1,4,1,1,6,
22/10/2017,7,4:30,2,488,1,1,1,4,1,1,1,
23/10/2017,1,22:35,1,470.1,2,2,1,4,1,1,6,
23/10/2017,1,12:12,1,495.7,1,1,2,4,1,1,5,6
24/10/2017,2,17:36,1,434.12,1,2,3,4,1,1,6,
25/10/2017,3,1:28,1,432.72,1,3,3,4,1,1,11,1
25/10/2017,3,19:08,1,423.06,1,3,2,4,1,1,6,
25/10/2017,3,14:32,1,507.1,2,3,3,4,1,1,6,
26/10/2017,4,13:15,1,440.6,1,3,2,4,1,1,11,6
27/10/2017,5,16:17,1,483.3,1,2,3,4,1,1,11,9
28/10/2017,6,4:35,1,476.99,2,3,3,4,1,1,5,
28/10/2017,6,15:35,1,490.9,1,2,3,4,1,1,6,
28/10/2017,6,14:10,1,402.3,1,3,3,4,1,1,6,
31/10/2017,2,5:56,1,492.25,1,3,3,4,1,1,11,9
1/11/2017,3,0:30,1,501.4,2,2,3,4,1,2,5,5
1/11/2017,3,12:03,1,496.6,2,3,3,4,1,1,6,
3/11/2017,5,14:05,2,480.7,2,3,2,4,1,1,5,
4/11/2017,6,17:25,2,481.6,2,3,1,4,1,1,6,
4/11/2017,6,18:04,2,431.1,2,3,3,4,1,1,6,7
6/11/2017,1,6:00,2,415.5,1,1,2,4,1,1,5,
6/11/2017,1,1:34,2,454.8,1,3,2,4,1,1,5,
6/11/2017,1,17:25,1,497.7,1,2,2,4,1,1,11,6
6/11/2017,1,19:35,2,487.05,2,2,2,4,1,1,11,9
7/11/2017,2,15:24,1,494.4,2,2,2,4,1,1,11,6
8/11/2017,3,18:25,2,426.6,2,2,2,4,1,1,6,
10/11/2017,5,14:45,2,412.5,2,3,3,4,1,1,5,1
10/11/2017,5,20:55,2,487.85,1,2,1,4,1,1,6,
11/11/2017,6,3:41,2,466.74,2,3,2,4,1,1,1,
11/11/2017,6,5:35,2,452.2,2,4,2,4,1,1,5,
12/11/2017,7,13:35,2,439.4,1,2,2,4,1,1,6,
12/11/2017,7,19:24,2,438.32,2,3,3,4,1,1,5,5
12/11/2017,7,16:35,2,450.01,1,3,2,4,1,1,5,
13/11/2017,1,19:05,1,499.1,2,2,1,4,1,1,6,
14/11/2017,2,20:11,2,432.6,2,3,3,4,1,1,11,6
14/11/2017,2,8:59,2,488.6,1,3,2,4,1,1,11,9
15/11/2017,3,8:00,1,501.25,2,4,2,4,1,1,5,
15/11/2017,3,17:10,1,495.05,2,1,2,4,1,1,11,
15/11/2017,3,18:10,2,491.9,1,2,2,4,1,1,11,
15/11/2017,3,18:30,2,430,1,3,2,4,1,1,6,
16/11/2017,4,7:45,1,497.75,1,4,2,4,1,1,5,
16/11/2017,4,3:45,1,460.98,1,1,4,4,1,4,11,
17/11/2017,5,0:30,2,508.4,2,3,2,4,1,1,1,
18/11/2017,6,17:28,2,502.1,2,1,2,4,1,1,5,9
19/11/2017,7,19:12,2,463.9,2,2,2,4,1,1,6,
19/11/2017,7,20:17,2,508.35,1,2,2,4,1,1,1,
20/11/2017,1,17:35,2,468.86,2,3,3,4,1,1,1,5
20/11/2017,1,7:04,1,497.9,1,1,2,4,1,1,5,6
21/11/2017,2,1:52,2,447.64,1,3,3,4,1,1,5,
22/11/2017,3,18:45,2,463.95,2,1,2,4,2,1,5,
23/11/2017,4,6:10,2,461.8,2,4,2,4,1,1,5,
23/11/2017,4,10:59,1,497.35,2,2,2,4,1,1,11,9
24/11/2017,5,5:51,1,496.7,1,3,2,4,1,1,3,
25/11/2017,6,22:26,2,476.08,1,3,3,4,1,1,5,
25/11/2017,6,2:33,2,464.44,2,3,2,4,1,4,5,11
25/11/2017,6,17:15,2,487.5,1,3,3,4,1,1,6,
25/11/2017,6,19:26,1,495.2,1,2,2,4,1,1,6,
26/11/2017,7,20:25,2,410.22,1,3,3,4,1,1,7,
26/11/2017,7,21:43,2,421.5,2,3,1,4,1,1,6,
26/11/2017,7,4:55,2,470.25,2,3,5,4,1,1,5,
26/11/2017,7,22:46,2,443.15,1,2,3,4,1,1,5,
26/11/2017,7,4:37,2,462.38,1,2,2,4,1,1,1,
28/11/2017,2,15:05,2,504.4,1,1,2,4,2,1,6,
29/11/2017,3,10:40,2,436.4,2,3,2,4,1,1,11,6
29/11/2017,3,0:07,2,512.7,2,2,2,4,1,1,5,
30/11/2017,4,21:30,2,491.2,1,2,2,4,1,1,6,9
30/11/2017,4,23:43,2,488.4,1,2,2,4,1,1,5,11
2/12/2017,6,7:30,1,492.2,2,3,2,4,1,1,11,9
2/12/2017,6,23:43,2,488.4,1,4,2,4,1,1,5,
3/12/2017,7,19:10,2,459.32,1,3,2,4,1,1,5,
3/12/2017,7,23:45,2,467.02,2,3,2,4,1,1,5,
4/12/2017,1,18:30,2,478.9,2,3,2,4,1,1,5,5
4/12/2017,1,12:15,1,501.1,1,3,2,4,1,1,6,
4/12/2017,1,17:50,1,496.2,2,2,2,4,1,1,6,
5/12/2017,2,5:45,1,497.9,2,4,2,4,1,1,5,
6/12/2017,3,21:15,2,514.8,2,1,2,4,1,1,11,6
7/12/2017,4,21:00,2,405.85,2,3,2,4,1,1,1,
8/12/2017,5,17:03,2,465.8,2,3,5,4,1,1,1,
8/12/2017,5,11:56,1,497.7,2,2,2,4,1,1,1,
9/12/2017,6,19:37,2,476.78,1,2,2,4,1,3,1,
10/12/2017,7,1:54,2,449.4,2,3,2,4,1,3,5,
10/12/2017,7,19:50,2,507.085,2,2,2,4,1,3,5,8
11/12/2017,1,3:45,2,477.92,1,4,2,4,1,1,5,5
12/12/2017,2,21:12,2,483.9,1,2,2,4,1,1,6,
13/12/2017,3,20:20,2,415.34,2,3,2,4,1,1,11,
13/12/2017,3,23:43,2,470.3,1,3,2,4,1,1,11,1
13/12/2017,3,2:50,2,506.1,2,4,2,4,1,1,5,
13/12/2017,3,19:11,2,506.95,2,2,2,4,1,1,8,9
14/12/2017,4,3:30,2,516.65,1,2,2,4,1,1,5,5
16/12/2017,6,11:40,2,493.55,2,3,2,4,1,1,1,5
16/12/2017,6,17:55,2,492.5,2,3,2,4,1,1,11,
16/12/2017,6,20:48,2,508.1,2,1,2,4,1,1,6,5
16/12/2017,6,3:05,2,490.2,1,1,2,4,1,1,5,5
16/12/2017,6,17:00,2,431.7,1,1,2,4,1,1,1,
16/12/2017,6,0:00,2,448.24,1,3,2,4,1,1,5,
17/12/2017,7,16:45,2,486.15,2,3,4,4,1,11,11,
17/12/2017,7,20:05,2,493.8,1,2,2,4,1,11,5,6
18/12/2017,1,4:45,2,413.4,1,4,3,4,1,1,5,5
18/12/2017,1,4:41,2,480.5,2,3,2,4,1,1,5,5
18/12/2017,1,20:00,2,493.75,1,2,2,4,1,1,6,5
20/12/2017,3,9:05,2,453.6,1,3,2,4,1,1,5,
20/12/2017,3,14:55,2,468.8,2,3,2,4,1,1,6,
21/12/2017,4,19:57,2,485.45,1,2,2,4,1,1,6,
24/12/2017,7,18:00,2,427.9,1,2,2,4,1,1,1,
24/12/2017,7,19:55,2,474.9,2,2,2,4,1,1,11,
25/12/2017,1,10:45,2,460.62,2,4,3,4,1,1,11,
25/12/2017,1,21:02,2,489.6,2,3,3,4,1,1,6,
26/12/2017,2,10:52,2,512.95,2,2,3,4,1,1,5,
27/12/2017,3,12:31,2,521.12,2,2,2,4,1,1,6,11
27/12/2017,3,17:50,1,493.75,1,2,2,4,1,1,3,9
27/12/2017,3,8:57,2,507.085,2,2,2,4,1,1,9,11
29/12/2017,5,18:00,2,469.38,2,3,5,4,1,1,1,
29/12/2017,5,21:05,2,463.72,2,3,5,4,1,1,1,
29/12/2017,5,8:40,2,521.12,2,3,4,4,1,1,6,
30/12/2017,6,19:03,1,497.75,1,1,2,4,1,1,11,9
30/12/2017,6,22:48,2,505.15,2,2,2,4,1,1,6,
31/12/2017,7,3:02,1,493.3,2,2,2,4,1,1,11,5
31/12/2017,7,5:30,2,456.92,1,3,3,4,1,1,5,
31/12/2017,7,11:35,1,493.5,1,2,1,4,1,1,6,
31/12/2017,7,18:25,1,499,2,3,2,4,1,1,6,
1/1/2023,1,18:14,2,38.6,2,3,2,4,1,1,6,
7/1/2023,7,21:20,2,25.3,2,3,2,4,1,1,6,
10/1/2023,3,0:45,2,37.4,1,3,2,4,1,1,3,
12/1/2023,5,21:20,2,44.88,1,3,2,4,1,1,1,5
15/01/2023,1,3:35,2,35.75,2,3,2,4,1,2,1,
15/01/2023,1,23:52,2,24.75,1,2,2,4,1,1,1,
17/01/2023,3,19:33,2,26.11,2,2,2,4,1,1,6,
18/01/2023,4,21:02,2,35.76,2,3,1,4,1,1,6,
21/01/2023,7,16:55,2,27.9,1,3,3,4,1,1,7,
22/01/2023,1,15:50,2,44.26,2,1,3,4,1,1,6,5
24/01/2023,3,0:45,2,13.03,1,3,4,4,1,1,1,5
25/01/2023,4,12:35,2,42.04,1,1,3,4,1,1,1,
27/01/2023,6,12:50,2,38.997,1,3,2,4,1,1,3,
30/01/2023,2,16:00,2,41,1,3,3,4,1,1,6,
30/01/2023,2,20:45,2,41.1,2,3,1,4,1,1,10,
31/01/2023,3,9:20,2,25.5,1,3,2,4,1,1,1,1
3/2/2023,6,5:30,2,28.9,2,2,2,4,1,1,1,
4/2/2023,7,14:00,2,22.538,1,3,4,4,1,1,1,
11/2/2023,7,9:03,2,36.19,1,3,3,4,1,1,1,
11/2/2023,7,12:35,2,52.15,2,3,2,4,1,1,6,10
12/2/2023,1,5:44,2,46.375,1,3,2,4,1,1,1,
12/2/2023,1,13:42,2,25.75,1,2,3,4,1,1,7,
16/02/2023,5,15:40,2,49.64,2,3,1,4,1,1,6,
16/02/2023,5,18:40,2,12,1,3,3,4,1,1,1,5
17/02/2023,6,15:12,2,36.54,2,2,3,4,1,1,6,
17/02/2023,6,20:20,2,19.75,1,3,4,4,1,1,6,11
18/02/2023,7,4:40,2,39.4,2,1,2,4,1,1,1,3
21/02/2023,3,10:12,2,35.69,1,2,3,4,1,1,6,
21/02/2023,3,18:40,2,41.61,2,3,4,4,1,1,12,
1/3/2023,4,4:55,2,49.657,1,2,2,4,1,1,1,
2/3/2023,5,8:35,2,41.01,1,2,1,4,1,1,6,
2/3/2023,5,19:47,2,33.85,1,2,2,4,1,1,1,9
3/3/2023,6,9:30,2,58.7,1,1,2,4,1,1,6,
6/3/2023,2,10:55,2,52.6,2,3,4,4,1,1,6,
8/3/2023,4,11:20,2,20.2,2,2,4,4,1,1,1,
9/3/2023,5,22:30,2,47.1,2,1,2,4,1,1,14,10
11/3/2023,7,0:15,2,39.4,2,2,3,4,1,1,1,
11/3/2023,7,13:22,2,49.14,2,2,4,4,1,1,1,
12/3/2023,1,11:00,2,48.65,1,2,4,4,1,1,1,5
13/03/2023,2,20:35,2,23.87,2,2,4,4,1,1,6,
14/03/2023,3,7:55,2,14.83,1,1,2,4,1,1,1,5
14/03/2023,3,14:40,2,52.6,1,1,4,4,1,1,6,5
16/03/2023,5,10:15,2,30,1,3,2,4,1,1,1,
17/03/2023,6,13:50,2,29.3,1,3,2,4,1,1,1,5
20/03/2023,2,14:05,2,21.25,1,2,2,4,1,1,6,5
21/03/2023,3,10:27,2,38.06,2,3,3,4,1,1,1,
23/03/2023,5,1:40,2,0.2,1,3,2,4,1,1,1,5
24/03/2023,6,19:05,2,44.2,1,2,1,4,1,1,6,
25/03/2023,7,9:15,2,15,1,3,2,4,1,1,1,
26/03/2023,1,16:15,2,46.2,1,3,2,4,1,1,6,
27/03/2023,2,7:10,2,24.78,1,3,2,4,1,1,6,6
31/03/2023,6,0:20,2,35.54,2,3,3,4,1,1,1,
31/03/2023,6,0:50,2,41.23,1,1,4,4,1,1,7,5
31/03/2023,6,20:06,2,42.13,2,1,2,4,1,1,6,11
1/4/2023,7,6:14,2,38.04,2,3,3,4,1,1,6,3
2/4/2023,1,1:15,2,5.4,1,3,2,4,1,1,1,5
6/4/2023,5,23:55,2,31.3,2,3,5,4,1,1,1,5
7/4/2023,6,21:30,2,5.17,1,1,3,4,1,1,5,5
9/4/2023,1,1:30,2,6.3,1,3,2,4,1,1,1,5
9/4/2023,1,9:05,2,31,2,3,2,4,1,1,6,
9/4/2023,1,19:00,2,46,2,3,3,4,1,1,6,5
10/4/2023,2,14:10,2,46,1,1,2,4,1,1,1,5
11/4/2023,3,4:25,2,45.875,1,1,3,4,1,1,12,
13/04/2023,5,12:06,2,48.9,1,3,3,4,1,1,7,
18/04/2023,3,10:35,2,47,1,2,3,4,1,1,3,5
20/04/2023,5,1:20,2,35.4,1,3,3,4,1,1,1,5
20/04/2023,5,19:39,2,39.44,2,3,3,4,1,1,1,5
22/04/2023,7,1:30,2,1.21,1,2,2,4,1,1,1,
22/04/2023,7,14:50,2,14.2,1,3,4,4,1,1,6,6
23/04/2023,1,23:45,2,4.9,2,3,3,4,1,1,1,5
30/04/2023,1,10:30,2,27.75,1,1,2,4,1,1,1,5
1/5/2023,2,18:17,2,40.12,1,2,3,4,1,1,6,
4/5/2023,5,3:40,2,33.1,2,3,2,4,1,3,1,5
4/5/2023,5,5:30,2,54.1,1,3,3,4,1,1,3,5
4/5/2023,5,16:55,2,38.9,1,2,2,4,1,1,1,9
5/5/2023,6,20:40,2,24.42,2,1,2,4,1,5,1,
10/5/2023,4,20:40,2,53.1,1,3,2,4,1,1,6,
12/5/2023,6,6:29,2,14.9,1,1,2,4,1,1,1,1
12/5/2023,6,16:27,2,36.8,2,3,2,4,1,1,6,
12/5/2023,6,18:50,2,39.65,2,2,2,4,1,1,6,
15/05/2023,2,21:00,2,47.3,1,2,2,4,1,1,6,1
16/05/2023,3,16:25,2,57.5,1,3,3,4,1,1,6,
19/05/2023,6,16:15,2,46.3,1,3,2,4,1,1,6,1
20/05/2023,7,5:00,2,30.9,1,3,3,4,1,1,5,
23/05/2023,3,11:45,2,57.2,1,3,3,4,1,1,5,5
23/05/2023,3,12:20,2,55.4,1,3,2,4,1,1,1,14
23/05/2023,3,14:30,2,56.1,2,3,2,4,1,1,7,1
26/05/2023,6,2:45,2,28.2,1,1,3,4,1,1,5,5
27/05/2023,7,18:20,2,33.83,1,3,4,4,1,1,6,
29/05/2023,2,0:02,2,60.75,2,3,2,4,1,1,5,11
29/05/2023,2,5:28,2,33.5,2,3,2,4,1,1,5,1
30/05/2023,3,14:05,2,6.89,1,2,2,4,1,1,1,5
8/6/2023,5,19:30,2,37.52,1,3,4,4,1,1,6,1
10/6/2023,7,1:45,2,57.88,2,3,2,4,1,1,14,5
12/6/2023,2,16:10,2,36.2,2,3,2,4,1,4,1,
15/06/2023,5,21:30,2,44.93,1,3,2,4,1,1,6,
17/06/2023,7,6:15,2,52.564,1,3,3,4,1,1,1,
20/06/2023,3,21:00,2,26.95,1,2,2,4,1,1,6,
22/06/2023,5,10:35,2,49.09,2,1,2,4,1,1,6,1
23/06/2023,6,13:05,2,20.7,2,3,3,4,1,1,1,
24/06/2023,7,19:20,2,19.6,2,3,2,4,1,1,6,
24/06/2023,7,23:45,2,36.97,2,3,1,4,1,1,6,
25/06/2023,1,3:55,2,36.15,2,2,2,4,1,1,1,
25/06/2023,1,22:15,2,31.76,2,1,2,4,1,1,11,
26/06/2023,2,4:00,2,58.23,1,3,2,4,1,1,10,5
27/06/2023,3,8:50,2,7.38,1,2,3,4,1,1,14,5
28/06/2023,4,4:20,2,41.77,1,2,2,4,1,1,14,
2/7/2023,1,2:00,2,37.77,1,2,2,4,1,1,14,14
5/7/2023,4,22:55,2,37.7,1,3,2,4,1,1,14,
8/7/2023,7,16:20,2,48.62,2,3,2,4,1,1,6,1
9/7/2023,1,14:10,2,50.3,2,2,2,4,1,1,1,14
9/7/2023,1,23:00,2,19.6,2,2,2,4,1,1,6,9
10/7/2023,2,4:05,2,34.9,2,3,3,4,1,1,14,
10/7/2023,2,15:50,2,47.25,2,3,3,4,1,1,1,14
12/7/2023,4,7:35,2,60.82,2,3,3,4,1,1,14,
12/7/2023,4,21:28,2,9.8,1,1,2,4,1,1,11,9
17/07/2023,2,21:30,2,46.31,2,1,2,4,1,1,6,3
21/07/2023,6,13:50,2,18,2,3,2,4,1,1,6,1
22/07/2023,7,1:30,2,7.73,2,3,2,4,1,1,5,5
23/07/2023,1,14:07,2,14.88,2,3,2,4,1,1,1,1
23/07/2023,1,21:13,2,55.2,2,2,2,4,1,1,7,1
30/07/2023,1,10:30,2,9.82,1,2,2,4,1,1,1,1
30/07/2023,1,19:45,2,19.2,2,2,1,4,1,1,6,1
1/8/2023,3,3:52,2,37.24,2,3,4,4,1,1,6,1
1/8/2023,3,11:20,2,11.41,2,3,3,4,1,1,6,
2/8/2023,4,13:57,2,14.4,1,3,3,4,1,1,14,14
3/8/2023,5,15:52,2,39.4,1,2,3,4,1,1,6,5
4/8/2023,6,16:15,2,2.7,1,2,4,4,1,1,6,5
4/8/2023,6,20:55,2,53.86,2,1,3,4,1,1,11,
5/8/2023,7,12:15,2,28.8,2,3,3,4,1,1,1,5
6/8/2023,1,3:50,2,29.2,2,3,3,4,1,1,14,14
6/8/2023,1,16:50,2,37.4,2,2,3,4,1,1,6,6
7/8/2023,2,9:45,2,41.58,1,2,2,4,1,1,6,
8/8/2023,3,15:25,2,42.56,1,2,2,4,1,1,1,5
13/08/2023,1,6:40,2,38.4,1,3,2,4,1,1,6,
15/08/2023,3,16:10,2,41.02,1,2,2,4,1,1,6,1
15/08/2023,3,18:25,2,36.75,2,2,2,4,1,1,1,5
16/08/2023,4,12:55,2,38.75,1,2,1,4,1,1,6,
20/08/2023,1,7:05,2,33.32,2,2,4,4,1,1,6,1
21/08/2023,2,13:48,2,61.12,2,3,1,4,1,1,6,
22/08/2023,3,10:10,2,44.31,2,1,1,4,1,1,6,
24/08/2023,5,1:35,2,10.78,1,3,2,4,1,1,14,14
24/08/2023,5,7:05,2,34.37,2,3,2,4,1,1,6,1
24/08/2023,5,9:00,2,24.6,2,2,2,4,1,1,1,
24/08/2023,5,22:45,2,34.03,1,2,3,4,1,1,14,
26/08/2023,7,23:05,2,54.6,1,3,3,4,1,1,14,6
27/08/2023,1,10:23,2,38.62,1,2,3,4,1,1,1,7
28/08/2023,2,8:25,2,18.45,1,3,2,4,1,1,1,5
30/08/2023,4,16:13,2,37.1,2,3,4,4,1,1,6,5
30/08/2023,4,20:05,2,23.4,2,2,2,4,1,1,11,
1/9/2023,6,8:03,2,35.45,1,3,1,4,1,1,6,
2/9/2023,7,7:15,2,47.2,1,2,3,4,1,1,6,
2/9/2023,7,21:05,2,52.1,2,1,2,4,1,1,1,6
3/9/2023,1,11:50,2,34.9,1,3,3,4,1,1,1,8
3/9/2023,1,22:05,2,34.25,2,3,2,4,1,1,6,9
4/9/2023,2,20:47,2,21.25,1,1,4,4,1,1,1,6
5/9/2023,3,6:03,2,42.33,1,2,3,4,1,1,5,
5/9/2023,3,12:00,2,54.4,1,3,2,4,1,1,6,
5/9/2023,3,22:17,2,20,1,2,2,4,1,1,5,
13/09/2023,4,16:15,2,12.39,2,3,1,4,1,1,6,6
15/09/2023,6,4:25,2,5.67,2,1,4,4,1,1,14,5
16/09/2023,7,17:10,2,9.66,1,2,3,4,1,1,1,6
17/09/2023,1,2:55,2,54.35,2,3,2,4,1,1,14,5
19/09/2023,3,14:40,2,45.75,1,3,1,4,1,1,6,
23/09/2023,7,3:47,2,55.63,2,3,2,4,1,1,1,11
27/09/2023,4,6:28,2,37.75,2,3,3,4,1,1,6,5
29/09/2023,6,3:28,2,33.15,2,2,2,4,1,1,1,11
29/09/2023,6,18:50,2,7.53,1,2,4,4,1,1,3,7
30/09/2023,7,9:15,2,34.89,2,2,2,4,1,1,6,3
2/10/2023,2,8:45,2,15.36,1,3,2,4,1,1,6,1
3/10/2023,3,8:30,2,53.7,2,2,3,4,1,1,1,
3/10/2023,3,20:55,2,47.2,1,2,1,4,1,1,6,
8/10/2023,1,13:15,2,45.9,1,3,3,4,1,1,6,
9/10/2023,2,11:55,2,11.58,1,2,3,4,1,1,1,
11/10/2023,4,2:05,2,41.1,2,2,3,4,1,1,14,
2/2/2023,5,1:45,2,119.1,2,4,5,4,1,1,14,15
3/2/2023,6,0:30,2,122.8,2,4,5,4,1,1,14,15
6/2/2023,2,11:00,2,136.6,2,2,2,4,1,1,6,1
6/2/2023,2,23:00,2,134.1,2,3,2,4,1,1,1,
7/2/2023,3,13:50,2,142.5,1,4,5,4,1,1,1,1
8/2/2023,4,21:10,2,136.8,2,3,2,4,1,1,14,1
9/2/2023,5,6:10,2,112.7,2,4,5,4,1,1,14,15
9/2/2023,5,14:15,2,137.1,2,4,5,4,1,1,15,6
9/2/2023,5,15:45,2,143.3,1,2,2,4,1,1,15,6
9/2/2023,5,16:40,2,137.9,1,1,2,4,1,1,6,9
9/2/2023,5,22:15,2,138.4,1,4,5,4,1,1,1,7
11/2/2023,7,4:20,2,128.1,1,2,2,4,1,1,1,15
11/2/2023,7,6:00,2,129,2,4,5,4,1,1,1,15
11/2/2023,7,6:15,2,128.1,2,4,5,4,1,1,1,14
11/2/2023,7,9:35,2,118.5,1,4,5,4,1,1,1,14
11/2/2023,7,12:00,2,139,2,4,5,4,1,1,14,1
14/02/2023,3,11:25,2,136.6,1,3,2,4,1,1,6,
14/02/2023,3,16:40,2,142,2,3,2,4,1,1,6,9
14/02/2023,3,23:30,2,116.7,1,2,2,4,1,1,6,
15/02/2023,4,7:00,2,107.5,2,4,5,4,1,1,1,
15/02/2023,4,8:50,2,143.7,1,4,5,4,1,1,1,1
18/02/2023,7,2:20,2,130.7,2,2,2,4,1,1,6,15
18/02/2023,7,16:10,2,116.5,2,2,2,4,1,1,11,6
18/02/2023,7,20:10,2,136,2,1,2,4,1,1,6,6
18/02/2023,7,23:20,2,129,2,3,2,4,1,1,6,
21/02/2023,3,9:00,2,141.45,2,3,2,4,1,1,1,
22/02/2023,4,0:15,2,109.9,1,4,5,4,1,1,15,
22/02/2023,4,16:30,2,138.8,1,2,2,4,1,1,6,6
22/02/2023,4,21:20,2,136.9,1,3,2,4,1,1,1,6
24/02/2023,6,15:30,2,126.5,2,4,5,4,1,1,1,
25/02/2023,7,5:50,2,129.65,2,2,2,4,1,1,14,15
26/02/2023,1,17:10,2,136.6,2,2,2,4,1,1,6,1
26/02/2023,1,18:00,2,112.1,2,4,5,4,1,1,1,14
28/02/2023,3,19:00,2,112.6,2,1,2,4,1,1,1,9
16/02/2023,5,21:10,2,172.8,2,3,2,4,1,1,14,15
17/02/2023,6,8:30,2,177.2,2,3,2,4,1,1,1,
3/9/2022,7,14:50,2,121.9,2,4,5,4,1,1,1,
3/9/2022,7,16:00,2,116.6,1,2,2,4,1,1,1,
4/9/2022,1,3:40,2,118.9,2,2,2,4,1,1,3,15
4/9/2022,1,7:45,2,122.2,1,2,2,4,1,1,6,
4/9/2022,1,15:45,2,117.45,1,4,5,4,1,1,1,
4/9/2022,1,20:10,2,120.4,2,3,2,4,1,1,6,
7/9/2022,4,8:40,2,126.3,2,1,2,4,1,1,1,6
7/9/2022,4,22:10,2,130.6,1,2,2,4,1,1,11,9
8/9/2022,5,0:15,2,130.2,2,4,5,4,1,1,1,
8/9/2022,5,0:30,2,137.45,1,2,2,4,1,1,6,
8/9/2022,5,11:50,2,135.1,1,4,5,4,1,1,1,
9/9/2022,6,1:30,2,114.2,1,3,2,4,1,1,6,
9/9/2022,6,10:10,2,138.6,1,2,2,4,1,1,6,14
13/09/2022,3,18:00,2,138.6,2,3,2,4,1,1,1,6
13/09/2022,3,20:30,2,129.8,2,2,2,4,1,1,6,6
13/09/2022,3,22:00,2,109.9,1,4,5,4,1,1,14,
14/09/2022,4,7:40,2,109.4,2,4,5,4,1,1,1,
14/09/2022,4,16:30,2,142.6,1,4,5,4,1,1,3,15
17/09/2022,7,3:40,2,121.4,2,4,5,4,1,1,1,15
18/09/2022,1,8:20,2,119.7,1,3,2,4,1,1,1,
18/09/2022,1,8:30,2,119.8,1,4,5,4,1,1,14,14
18/09/2022,1,16:45,2,106,2,3,2,4,1,1,1,
20/09/2022,3,2:50,2,109.9,1,3,2,4,1,1,11,1
21/09/2022,4,16:20,2,144.3,1,1,2,4,1,1,15,6
24/09/2022,7,9:30,2,139.6,2,3,2,4,1,1,1,6
24/09/2022,7,13:15,2,128.3,2,3,2,4,1,1,11,14
26/09/2022,2,2:50,2,116.3,2,3,2,4,1,1,3,14
26/09/2022,2,10:15,2,138.5,1,3,2,4,1,1,6,
28/09/2022,4,8:15,2,136.85,2,4,5,4,1,1,5,1
3/10/2022,2,16:50,2,121.65,1,1,2,4,1,1,11,6
4/10/2022,3,18:00,2,144.2,1,4,5,4,1,1,1,1
5/10/2022,4,10:00,2,105.05,2,2,2,4,1,1,14,15
7/10/2022,6,2:30,2,104.3,2,4,5,4,1,1,11,1
10/10/2022,2,3:00,2,116.3,1,4,5,4,1,1,1,
10/10/2022,2,8:30,2,133.2,2,4,5,4,1,1,1,
11/10/2022,3,1:10,2,143.8,2,3,2,4,1,1,14,
11/10/2022,3,20:25,2,140,2,4,5,4,1,1,11,1
11/10/2022,3,22:10,2,139.1,2,1,2,4,1,1,6,5
12/10/2022,4,2:20,2,109.3,1,3,2,4,1,1,1,
12/10/2022,4,16:30,2,138.3,2,3,2,4,1,1,6,14
12/10/2022,4,16:50,2,107.05,2,4,5,4,1,1,14,
14/10/2022,6,0:10,2,139.6,1,3,2,4,1,1,1,
16/10/2022,1,14:00,2,135.3,1,4,5,4,1,1,1,
20/10/2022,5,1:50,2,130.3,2,2,2,4,1,1,15,
21/10/2022,6,7:40,2,136.6,1,2,2,4,1,1,6,15
21/10/2022,6,16:30,2,130.4,2,4,5,4,1,1,1,1
22/10/2022,7,3:00,2,122.5,2,4,5,4,1,1,1,
22/10/2022,7,17:40,2,126.4,1,3,2,4,1,1,1,
23/10/2022,1,5:40,2,123.4,2,3,2,4,1,1,6,
24/10/2022,2,22:15,2,138.2,1,2,2,4,1,1,14,1
25/10/2022,3,22:40,2,136.6,2,3,2,4,1,1,15,6
26/10/2022,4,17:35,2,142.5,1,3,2,4,1,1,1,1
27/10/2022,5,18:50,2,137.5,1,2,2,4,1,1,6,6
28/10/2022,6,4:00,2,107.4,2,4,5,4,1,1,1,
29/10/2022,7,1:10,2,125.1,2,2,2,4,1,1,1,15
29/10/2022,7,23:50,2,141.45,2,4,5,4,1,1,1,
30/10/2022,1,4:30,2,123,2,2,2,4,1,1,1,14
1/11/2022,3,8:30,2,131.9,2,4,5,4,1,1,1,
4/11/2022,6,15:05,2,102.035,2,2,2,4,1,1,1,14
5/11/2022,7,20:50,2,136.8,1,3,2,4,1,1,6,1
7/11/2022,2,16:20,2,116.4,1,2,2,4,1,1,1,15
7/11/2022,2,21:00,2,140.85,2,2,2,4,1,1,6,1
8/11/2022,3,0:00,2,128.2,2,2,2,4,1,1,14,15
9/11/2022,4,15:45,2,138,1,2,2,4,1,1,6,15
10/11/2022,5,0:00,2,136.85,1,4,5,4,1,1,1,
10/11/2022,5,11:40,2,126.65,2,2,2,4,1,1,6,14
10/11/2022,5,21:00,2,139.6,1,4,5,4,1,1,11,1
11/11/2022,6,4:00,2,123.8,2,4,5,4,1,1,11,1
11/11/2022,6,10:50,2,109.15,1,4,5,4,1,1,1,
11/11/2022,6,12:30,2,112.9,2,4,5,4,1,1,1,14
11/11/2022,6,20:20,2,103.8,1,4,5,4,1,1,1,
11/11/2022,6,20:45,2,112.8,1,3,2,4,1,1,5,14
12/11/2022,7,12:20,2,126.2,2,4,5,4,1,1,1,1
12/11/2022,7,15:20,2,138.9,1,3,2,4,1,1,1,
13/11/2022,1,3:15,2,131.9,2,4,5,4,1,1,1,14
13/11/2022,1,10:50,2,144.15,2,2,2,4,1,1,6,
13/11/2022,1,23:50,2,126.85,2,4,5,4,1,1,1,
15/11/2022,3,10:45,2,135.4,2,2,2,4,1,1,6,
15/11/2022,3,18:50,2,118.4,1,4,5,4,1,1,6,1
20/11/2022,1,6:00,2,123.9,1,3,2,4,1,1,1,15
20/11/2022,1,18:40,2,130.6,2,4,5,4,1,1,1,
25/11/2022,6,6:20,2,102.035,1,2,2,4,1,1,14,6
28/11/2022,2,0:50,2,144.35,1,4,5,4,1,1,1,
30/11/2022,4,3:10,2,143.3,2,4,5,4,1,1,11,1
5/12/2022,2,21:15,2,136.2,2,1,2,4,1,1,1,6
7/12/2022,4,15:45,2,122.9,1,2,2,4,1,1,6,
7/12/2022,4,23:20,2,140.8,2,2,2,4,1,1,6,1
9/12/2022,6,5:15,2,144.4,2,4,5,4,1,1,3,
12/12/2022,2,6:40,2,138.4,1,3,2,4,1,1,6,
13/12/2022,3,10:35,2,138.8,2,2,2,4,1,1,6,9
14/12/2022,4,7:10,2,143.6,2,3,2,4,1,1,11,6
16/12/2022,6,4:15,2,114,1,4,5,4,1,1,1,
17/12/2022,7,0:10,2,135.4,2,4,5,4,1,1,1,
21/12/2022,4,6:35,2,124.8,2,3,2,4,1,1,6,
23/12/2022,6,18:40,2,138.9,1,1,2,4,1,1,1,6
26/12/2022,2,5:00,2,115.2,2,1,2,4,1,1,1,
27/12/2022,3,16:50,2,136.5,2,3,2,4,1,1,11,6
27/12/2022,3,20:50,2,132.9,2,3,2,4,1,1,6,6
28/12/2022,4,2:50,2,120.35,1,4,5,4,1,1,14,15
31/12/2022,7,15:15,2,112.2,1,4,5,4,1,1,1,
25/09/2022,1,7:00,2,400.575,1,3,2,4,1,1,7,1
21/09/2022,4,7:30,2,400.575,1,2,2,4,1,1,1,
20/09/2022,3,8:00,2,400.575,2,3,3,4,1,1,1,
13/09/2022,3,18:10,2,400.575,2,3,2,4,1,1,6,6
13/09/2022,3,12:50,2,400.575,2,3,2,4,1,1,1,6
7/9/2022,4,18:05,2,400.575,1,3,2,4,1,1,1,6
4/9/2022,1,20:10,2,400.575,2,3,2,4,1,1,11,
30/09/2022,6,6:10,2,465.5,1,1,2,4,1,1,6,
23/09/2022,6,6:53,2,465.5,2,2,2,4,1,1,1,6
19/09/2022,2,7:13,2,465.5,1,1,2,4,1,1,1,
14/09/2022,4,11:30,2,465.5,2,2,2,4,1,1,6,
6/9/2022,3,12:00,2,465.5,2,3,2,4,1,3,6,
21/09/2022,4,14:15,2,320.58,1,2,4,4,1,1,1,
7/9/2022,4,11:50,1,320.58,2,2,5,4,1,1,1,
2/10/2022,1,15:35,1,143.7,2,3,3,4,1,1,6,1
1/10/2022,7,13:40,1,149.7,1,2,3,4,1,1,1,6
3/10/2022,2,12:20,2,27.56,1,3,2,4,1,1,5,
1/10/2022,7,1:15,2,56.64,2,4,2,4,1,1,10,
30/09/2022,6,6:00,2,23.65,2,3,2,4,1,1,11,
29/09/2022,5,5:50,2,17.7,2,3,2,4,1,1,11,
29/09/2022,5,11:10,2,21.18,2,4,2,4,1,1,11,
29/09/2022,5,11:00,2,23.01,2,3,2,4,1,1,11,
28/09/2022,4,10:50,2,11.56,2,2,2,4,1,1,11,
28/09/2022,4,4:55,2,101.22,1,3,2,4,1,1,11,
26/09/2022,2,10:10,2,20.2,1,3,2,4,1,1,11,
27/09/2022,3,7:45,2,17.595,2,3,4,4,1,1,11,
24/09/2022,7,14:45,2,682.295,2,2,4,4,1,1,11,
22/09/2022,5,1:10,2,666.795,1,3,4,4,1,1,5,
26/09/2022,2,17:30,2,60.55,2,1,1,4,1,1,6,1
25/09/2022,1,16:30,2,72.55,1,3,2,4,1,1,6,
24/09/2022,7,13:15,2,94.68,2,1,3,4,1,1,15,
24/09/2022,7,12:20,2,120.3,1,1,3,4,1,1,15,6
22/09/2022,5,9:40,2,248.4,1,3,2,4,1,1,6,
21/09/2022,4,17:05,2,242.2,2,3,2,4,1,1,6,
19/09/2022,2,12:05,2,207.8,1,3,2,4,1,1,5,
17/09/2022,7,20:15,1,177.1,2,3,1,4,1,1,6,
17/09/2022,7,16:40,2,250.8,1,3,1,4,1,1,6,
15/09/2022,5,21:05,2,251.9,1,1,2,4,1,1,5,
15/09/2022,5,7:55,2,242.2,2,3,4,4,1,1,1,
11/9/2022,1,1:15,2,209.87,1,3,2,4,1,1,1,
11/9/2022,1,2:00,2,196.75,2,3,2,4,1,1,1,
5/9/2022,2,13:10,2,215.8,2,3,2,4,1,1,6,
1/9/2022,5,14:40,2,255.2,1,3,3,4,1,1,6,
22/09/2022,5,12:20,2,27.58,1,3,2,4,1,5,5,
21/09/2022,4,9:40,2,39.52,1,4,2,4,1,1,1,
20/09/2022,3,17:45,2,26.38,2,3,2,4,1,1,2,
23/09/2022,6,11:35,1,87.7,1,2,1,4,1,1,2,7
9/9/2022,6,2:15,2,18.245,2,3,2,4,1,1,6,
8/9/2022,5,1:50,2,34.595,2,3,2,4,1,1,6,
7/9/2022,4,5:50,2,719.995,2,2,2,4,1,1,6,
28/08/2022,1,16:02,2,320.58,1,1,3,4,1,1,6,
25/08/2022,5,5:10,2,320.58,2,4,2,4,1,1,1,
12/8/2022,6,16:14,2,320.58,1,2,2,4,1,1,1,
11/8/2022,5,16:50,2,320.58,2,2,2,4,1,1,6,
16/08/2022,3,7:10,2,400.575,2,2,2,4,1,1,1,
11/8/2022,5,14:30,2,400.575,1,4,2,4,1,1,1,
10/8/2022,4,5:05,2,400.575,2,1,3,4,1,1,15,15
9/8/2022,3,11:35,1,400.575,2,3,2,4,1,5,1,
9/8/2022,3,8:55,2,400.575,2,4,2,4,1,1,1,
4/8/2022,5,20:50,2,400.575,2,4,2,4,1,1,11,
17/09/2022,7,12:30,2,29.6,1,4,2,4,1,5,1,
16/09/2022,6,11:10,2,14.68,2,3,2,4,1,1,6,
16/09/2022,6,17:05,2,53.2,1,3,2,4,1,5,5,
15/09/2022,5,12:40,2,41.18,2,2,2,4,1,1,5,
14/09/2022,4,12:30,2,27.32,2,2,4,4,1,1,11,
14/09/2022,4,11:40,2,79.42,2,3,2,4,1,1,5,
15/09/2022,5,22:05,2,210.689,2,4,4,4,1,1,5,
6/9/2022,3,5:50,2,719.995,2,2,2,4,1,1,6,
5/9/2022,2,8:10,2,681.695,2,2,2,4,1,1,6,
15/09/2022,5,22:05,2,210.69,2,4,4,4,1,1,5,
5/9/2022,2,7:30,2,722.495,2,2,2,4,1,1,5,
4/9/2022,1,4:10,2,679.095,2,3,2,4,1,1,1,
3/9/2022,7,1:30,2,691.795,2,2,2,4,1,1,6,
2/9/2022,6,4:00,2,18.095,2,2,2,4,1,1,1,
1/9/2022,5,7:20,2,18.895,2,3,2,4,1,1,1,
15/09/2022,5,23:00,2,63.9,1,4,1,4,1,3,15,1
1/9/2022,5,7:10,2,661.995,1,1,2,4,1,1,11,
11/9/2022,1,5:00,1,98.8,2,4,2,4,1,3,15,
10/9/2022,7,13:15,2,69.6,1,3,2,4,1,3,1,
12/9/2022,2,15:00,2,40,2,3,4,4,1,1,11,
10/9/2022,7,16:00,2,12.5,2,2,2,4,1,1,6,
10/9/2022,7,16:30,2,65.7,1,4,2,4,1,1,5,
9/9/2022,6,15:00,2,70.95,1,3,2,4,1,1,6,
8/9/2022,5,16:15,2,63.6,2,3,2,4,1,1,6,
8/9/2022,5,15:15,2,77.75,1,1,2,4,1,1,1,
1/9/2022,5,7:40,2,255.2,1,3,3,4,1,1,6,
6/9/2022,3,4:15,2,76,1,3,2,4,1,5,6,
7/9/2022,4,6:35,2,45.45,2,2,2,4,1,1,1,
31/08/2022,4,22:30,2,17.495,1,3,2,4,1,1,1,
30/08/2022,3,3:40,2,690.705,1,1,2,4,1,1,5,
4/9/2022,1,12:50,1,154.6,1,1,3,4,1,1,1,1
3/9/2022,7,18:30,2,147.3,2,1,3,4,1,1,6,15
28/08/2022,1,23:40,2,699.195,1,1,4,4,1,1,5,
28/08/2022,1,20:15,2,18.895,2,2,2,4,1,1,6,
22/08/2022,2,13:30,2,703.795,1,3,2,4,1,1,5,
22/08/2022,2,15:40,2,679.245,2,3,2,4,1,1,1,
21/08/2022,1,22:50,2,679.795,2,2,4,4,1,1,11,
21/08/2022,1,14:40,2,20.345,1,3,2,4,1,1,1,
21/08/2022,1,4:10,2,705.495,1,2,4,4,1,1,11,
20/08/2022,7,11:55,2,681.295,2,3,4,4,1,1,5,
27/08/2022,7,7:50,2,12.95,2,2,2,4,1,1,6,
19/08/2022,6,12:50,2,740.995,2,3,4,4,1,1,5,
18/08/2022,5,21:45,2,681.695,1,3,2,4,1,1,6,
17/08/2022,4,1:10,1,32.695,1,3,2,4,1,1,6,
17/08/2022,4,14:25,1,36.595,2,3,2,4,1,1,6,
16/08/2022,3,12:40,1,741.375,2,2,4,4,1,1,11,
16/08/2022,3,18:30,1,681.795,2,3,4,4,1,1,11,
14/08/2022,1,21:45,1,741.395,2,3,4,4,1,1,5,
29/08/2022,2,12:30,2,70.8,2,3,2,4,1,1,11,
26/08/2022,6,14:00,2,112.67,2,3,2,4,1,1,5,
12/8/2022,6,17:30,2,20.345,1,2,4,4,1,1,11,
11/8/2022,5,9:30,1,669.595,1,2,4,4,1,1,11,
10/8/2022,4,12:25,1,693.195,1,3,4,4,1,1,11,
3/8/2022,4,22:05,1,656.195,2,1,4,4,1,1,11,
1/8/2022,2,20:30,1,18.995,2,3,4,4,1,1,11,
25/08/2022,5,23:00,2,64,2,2,2,4,1,1,11,
1/8/2022,2,9:24,2,116.75,2,3,2,4,1,1,11,
31/07/2022,1,15:10,2,194,2,3,2,4,1,1,11,
31/07/2022,1,9:14,2,152.4,2,2,3,4,1,1,11,
31/07/2022,1,1:30,2,228.4,2,4,2,4,1,1,5,
30/07/2022,7,23:10,2,113.3,1,2,2,4,1,1,11,
30/07/2022,7,20:16,2,150,1,4,2,4,1,1,11,
30/07/2022,7,8:16,2,141.5,2,4,3,4,1,1,5,
29/07/2022,6,22:28,2,125,2,3,3,4,1,1,11,
29/07/2022,6,12:14,2,162.3,2,3,3,4,1,1,5,
29/07/2022,6,3:42,2,226,1,4,3,4,1,1,11,
28/07/2022,5,17:35,2,274.8,2,2,3,4,1,1,11,
28/07/2022,5,4:30,2,158.4,2,3,3,4,1,1,11,
28/07/2022,5,3:36,2,264.2,1,4,3,4,1,1,11,
27/07/2022,4,4:10,2,122.2,1,4,3,4,1,1,11,
27/07/2022,4,3:47,2,129.2,1,3,3,4,1,1,11,
26/07/2022,3,17:36,2,197.9,1,4,2,4,1,1,11,
26/07/2022,3,2:48,2,210.5,1,2,2,4,1,1,5,5
25/07/2022,2,9:10,2,154.05,2,4,2,4,1,1,5,
25/07/2022,2,0:49,2,123.2,1,4,2,4,1,1,10,
23/07/2022,7,21:55,2,166.15,2,2,2,4,1,1,8,
23/07/2022,7,19:55,2,214.35,2,4,2,4,1,1,1,
23/07/2022,7,17:14,2,172.9,1,3,3,4,1,1,1,
23/07/2022,7,14:40,2,241.6,2,4,4,4,1,1,1,
23/07/2022,7,12:25,2,154.8,2,3,3,4,1,1,1,
21/07/2022,5,6:26,2,199.4,2,4,3,4,1,1,5,
20/07/2022,4,23:20,2,214.35,2,4,3,4,1,1,1,
20/07/2022,4,20:20,2,156.8,1,4,3,4,1,1,1,
20/07/2022,4,2:47,2,192.5,2,2,3,4,1,1,3,1
19/07/2022,3,23:52,2,261.4,1,4,2,4,1,1,1,
19/07/2022,3,23:05,2,112.1,1,4,2,4,1,1,1,
19/07/2022,3,14:22,2,186.65,1,4,2,4,1,1,1,
19/07/2022,3,3:10,2,237.55,1,4,2,4,1,1,5,
19/07/2022,3,2:09,2,196.5,2,3,2,4,1,1,11,
18/07/2022,2,20:40,2,194,2,2,2,4,1,1,8,
18/07/2022,2,15:42,2,224.8,1,4,4,4,1,1,7,5
18/07/2022,2,2:45,2,159.3,2,2,3,4,1,1,1,
17/07/2022,1,22:49,2,133.7,2,1,3,4,1,1,8,
17/07/2022,1,17:40,2,210.8,1,4,4,4,1,1,1,
17/07/2022,1,17:09,2,201,2,2,3,4,1,1,8,
16/07/2022,7,17:57,2,198.6,2,2,3,4,1,1,1,
16/07/2022,7,16:40,2,178.45,2,4,3,4,1,1,5,
16/07/2022,7,11:29,2,214.4,1,1,3,4,1,1,8,
15/07/2022,6,6:00,2,260.8,2,4,3,4,1,1,5,
14/07/2022,5,20:06,2,221.5,2,2,4,4,1,1,8,1
14/07/2022,5,16:04,2,161.6,1,4,3,4,1,1,5,
14/07/2022,5,9:35,2,207.5,1,4,3,4,1,1,5,
14/07/2022,5,3:05,2,205.4,1,4,3,4,1,1,5,
13/07/2022,4,21:26,2,247.9,2,4,3,4,1,1,1,
13/07/2022,4,17:54,2,237.3,1,4,3,4,1,1,1,
13/07/2022,4,12:44,2,270.6,1,3,3,4,1,1,11,
13/07/2022,4,10:52,2,102.2,1,4,3,4,1,1,1,
13/07/2022,4,6:30,2,264.8,1,4,3,4,1,1,5,
16/08/2022,3,11:15,2,20.6,2,3,2,4,1,1,11,
15/08/2022,2,1:50,2,36.32,2,3,2,4,1,1,1,
14/08/2022,1,16:15,2,14.36,1,2,2,4,1,1,6,
13/08/2022,7,16:30,2,53.35,1,2,2,4,1,1,5,
12/8/2022,6,10:40,2,14.9,2,2,2,4,1,1,6,
11/8/2022,5,10:20,2,28.94,2,4,2,4,1,1,5,
10/8/2022,4,16:30,2,85.85,1,4,2,4,1,5,5,
14/08/2022,1,2:45,2,80.6,1,1,2,4,1,3,5,
19/08/2022,6,12:00,2,137.25,2,2,3,4,1,1,6,6
12/7/2022,3,22:30,2,210.9,2,4,3,4,1,1,5,
12/7/2022,3,21:38,2,222.8,1,4,4,4,1,1,5,
10/7/2022,1,16:10,2,132.2,2,2,2,4,1,1,8,
10/7/2022,1,10:38,2,123.5,1,2,2,4,1,1,8,
10/7/2022,1,6:49,2,202.8,2,4,4,4,1,1,10,
10/7/2022,1,4:33,2,196.25,1,4,4,4,1,1,5,
9/7/2022,7,20:58,2,220.05,2,1,4,4,1,1,11,
9/7/2022,7,19:51,2,212.6,2,3,4,4,1,1,8,
9/7/2022,7,15:29,2,109.75,1,4,4,4,1,1,1,
9/7/2022,7,14:18,2,102.2,2,4,4,4,1,1,1,
4/8/2022,5,10:45,2,244.2,1,2,2,4,1,1,6,
9/8/2022,3,10:40,2,0.26,1,2,2,4,1,5,1,
8/8/2022,2,12:20,2,21.19,1,3,2,4,1,5,6,
7/8/2022,1,2:45,2,27.8,1,2,2,4,1,1,6,
6/8/2022,7,1:15,2,28.34,1,2,2,4,1,1,6,
5/8/2022,6,7:00,1,10.8,1,4,2,4,1,5,5,
4/8/2022,5,8:50,2,22.56,1,3,2,4,1,5,1,
3/8/2022,4,10:05,2,91.63,1,3,2,4,1,5,6,
16/08/2022,3,1:00,2,138.25,2,1,2,4,1,1,3,
16/08/2022,3,1:00,2,138.25,2,1,2,4,1,1,3,
9/7/2022,7,10:35,2,280.6,2,4,4,4,1,1,5,
8/7/2022,6,23:28,2,158.4,2,4,4,4,1,1,1,
8/7/2022,6,19:47,2,102.2,2,2,2,4,1,1,1,
8/7/2022,6,20:55,2,215.2,2,2,4,4,1,1,8,
14/08/2022,1,11:55,1,132.6,1,3,3,4,1,2,10,6
8/7/2022,6,7:22,2,208.1,1,4,2,4,1,1,1,
8/7/2022,6,12:59,2,188.45,1,3,2,4,1,1,8,
7/7/2022,5,16:25,2,203.7,1,4,2,4,1,1,1,
7/7/2022,5,15:27,2,194.25,2,4,2,4,1,1,5,
7/7/2022,5,2:45,2,197.3,2,4,2,4,1,1,1,
12/8/2022,6,12:15,2,78.7,1,3,2,4,1,3,6,
6/7/2022,4,21:58,2,268.8,1,3,4,4,1,1,8,
6/7/2022,4,14:54,2,205.5,1,2,2,4,1,1,7,8
6/7/2022,4,13:42,2,197.2,2,2,2,4,1,1,8,
6/7/2022,4,5:48,2,183,1,2,2,4,1,1,10,
6/7/2022,4,4:23,2,153.3,1,3,2,4,1,1,1,
6/7/2022,4,3:02,2,247.4,1,4,2,4,1,1,10,
5/7/2022,3,19:35,2,254.2,1,4,3,4,1,1,5,1
5/7/2022,3,17:56,2,112,1,3,3,4,1,1,5,5
5/7/2022,3,17:08,2,254.2,1,2,3,4,1,1,8,
5/7/2022,3,13:12,2,270.6,2,4,4,4,1,1,8,
5/7/2022,3,5:00,2,249.2,2,4,3,4,1,1,10,
4/7/2022,2,16:43,2,185.7,2,2,4,4,1,1,8,
3/7/2022,1,22:17,2,261.3,1,1,3,4,1,1,5,8
3/7/2022,1,22:15,2,107.8,1,1,3,4,1,1,11,
3/7/2022,1,15:35,2,161.1,1,2,3,4,1,1,7,
3/7/2022,1,12:35,2,179.6,1,2,3,4,1,1,8,
3/7/2022,1,9:00,2,271.2,1,2,3,4,1,1,8,
2/8/2022,3,6:35,2,22.4,1,4,2,4,1,1,1,
1/8/2022,2,3:10,2,21.52,2,3,2,4,1,1,1,
9/8/2022,3,20:35,1,141.8,2,2,3,4,1,2,7,15
31/07/2022,1,18:40,2,31.48,2,4,2,4,1,1,5,
30/07/2022,7,12:50,1,42.65,2,3,2,4,1,1,6,
29/07/2022,6,13:30,2,45.3,1,3,2,4,1,1,1,
28/07/2022,5,11:50,2,83.5,2,3,2,4,1,1,1,
27/07/2022,4,16:15,2,56.8,2,3,2,4,1,1,5,5
26/07/2022,3,18:15,2,67.5,2,4,2,4,1,1,6,
2/7/2022,7,19:42,2,136.5,1,2,3,4,1,1,8,
1/7/2022,6,10:44,2,129.8,2,2,2,4,1,1,6,
2/8/2022,3,21:35,2,173.2,2,3,5,4,1,1,15,
1/8/2022,2,16:05,2,220,2,1,2,4,1,1,1,
29/07/2022,6,17:50,2,174.75,2,1,2,4,1,1,6,
29/07/2022,6,16:05,2,682.235,2,2,2,4,1,1,6,
29/07/2022,6,16:40,2,706.195,2,3,2,4,1,1,1,
27/07/2022,4,15:05,2,703.595,2,3,2,4,1,1,1,
27/07/2022,4,14:20,2,690.395,2,3,2,4,1,1,6,
29/07/2022,6,22:30,2,465.5,1,1,2,4,1,1,5,6
16/07/2022,7,9:20,2,465.5,2,4,2,4,1,1,5,
11/7/2022,2,15:40,2,465.5,2,4,2,4,1,1,1,
7/7/2022,5,20:20,2,465.5,2,2,2,4,1,1,6,
4/7/2022,2,14:50,2,465.5,1,2,2,4,1,1,5,
1/7/2022,6,10:20,2,465.5,1,4,2,4,1,1,6,
26/07/2022,3,6:20,2,400.575,1,3,4,4,1,1,15,
17/07/2022,1,20:50,2,400.575,1,2,2,4,1,1,6,
11/7/2022,2,16:40,2,400.575,2,3,2,4,1,1,11,
2/7/2022,7,16:40,2,400.575,1,3,2,4,1,1,11,
1/7/2022,6,20:55,2,400.575,2,3,2,4,1,1,1,
31/07/2022,1,11:35,2,381,1,2,4,4,1,1,7,
19/07/2022,3,13:30,2,385,1,1,2,4,1,1,5,
13/07/2022,4,16:35,2,346.5,2,2,2,4,1,1,1,
30/06/2022,5,1:46,2,178.85,1,2,3,4,1,1,3,5
29/06/2022,4,23:31,2,245.7,2,4,3,4,1,1,1,
29/06/2022,4,23:20,2,250.2,1,4,3,4,1,1,1,10
27/06/2022,2,14:49,2,280,2,2,2,4,1,1,8,
26/06/2022,1,21:52,2,277.4,1,2,3,4,1,1,1,
26/06/2022,1,18:30,2,280.6,2,2,3,4,1,1,8,
26/06/2022,1,6:20,2,163.2,2,4,3,4,1,1,1,
25/06/2022,7,16:15,2,282.8,1,4,3,4,1,1,1,
25/06/2022,7,3:42,2,279,1,4,3,4,1,1,10,
25/06/2022,7,2:18,2,189.8,1,4,3,4,1,1,10,
25/06/2022,7,1:12,2,185.2,1,4,3,4,1,1,11,
24/06/2022,6,13:23,2,201.1,1,2,2,4,1,1,8,
23/06/2022,5,17:38,2,165.8,2,4,2,4,1,1,11,
23/06/2022,5,8:50,2,262.1,2,4,2,4,1,1,1,
22/06/2022,4,2:40,2,180.2,2,4,2,4,1,1,5,
21/06/2022,3,15:02,2,236.3,2,2,2,4,1,1,8,8
21/06/2022,3,3:17,2,184.4,1,4,2,4,1,1,1,
20/06/2022,2,2:29,2,211.7,2,4,3,4,1,1,5,
20/06/2022,2,1:05,2,242.4,1,4,3,4,1,1,5,
28/07/2022,5,22:00,2,134.4,1,2,3,4,1,1,10,11
25/07/2022,2,1:30,2,59.32,2,4,2,4,1,1,5,
24/07/2022,1,10:45,2,44.48,2,4,2,4,1,1,5,
23/07/2022,7,18:20,2,19,1,3,2,4,1,1,1,
22/07/2022,6,8:30,2,82.1,1,2,2,4,1,5,1,
19/06/2022,1,19:15,2,261.1,2,2,2,4,1,1,8,
19/06/2022,1,16:19,2,270.6,1,4,2,4,1,1,5,10
19/06/2022,1,18:46,2,189.1,2,4,2,4,1,1,1,
19/06/2022,1,18:18,2,217.9,2,2,2,4,1,1,8,
18/06/2022,7,21:40,2,244.1,1,2,2,4,1,1,8,
18/06/2022,7,16:51,2,275,2,2,4,4,1,1,8,
18/06/2022,7,11:51,2,259.05,2,2,2,4,1,1,1,
18/06/2022,7,4:40,2,252.05,2,4,2,4,1,1,1,
28/07/2022,5,17:55,2,95.2,2,4,2,4,1,1,15,
28/07/2022,5,4:00,2,77.8,2,4,3,4,1,1,15,
20/07/2022,4,9:00,2,247.9,2,1,2,4,1,5,8,
18/06/2022,7,16:38,2,184.9,2,4,3,4,1,1,10,
18/06/2022,7,10:34,2,164.3,2,3,2,4,1,1,8,5
17/06/2022,6,19:27,2,130.15,1,3,2,4,1,1,8,
17/06/2022,6,16:42,2,208.9,1,4,4,4,1,1,11,
17/06/2022,6,12:40,2,170.8,2,4,2,4,1,1,5,
16/06/2022,5,19:52,2,198.5,1,3,3,4,1,1,8,
16/06/2022,5,18:55,2,219.5,1,3,3,4,1,1,3,8
16/06/2022,5,16:30,2,152.5,2,2,3,4,1,1,7,
16/06/2022,5,17:45,2,256,2,2,3,4,1,1,7,
24/07/2022,1,9:30,2,218.9,2,3,2,4,1,1,1,
23/07/2022,7,14:25,2,177.8,2,3,3,4,1,1,6,
21/07/2022,5,18:50,2,216.41,1,3,3,4,1,1,7,
17/07/2022,1,11:40,2,221.1,2,4,2,4,1,1,15,
16/06/2022,5,7:50,2,237.4,2,3,2,4,1,1,1,
15/06/2022,4,23:29,2,223.5,2,4,4,4,1,1,11,
15/06/2022,4,19:12,2,111.8,1,4,3,4,1,1,5,
15/06/2022,4,17:30,2,108.5,1,4,2,4,1,1,10,
15/06/2022,4,6:22,2,262.4,2,2,2,4,1,1,1,
13/06/2022,2,21:45,2,205.5,2,2,2,4,1,1,1,
12/6/2022,1,14:30,2,162.5,2,3,2,4,1,1,8,
12/6/2022,1,12:42,2,191.1,1,2,4,4,1,1,8,
12/6/2022,1,12:29,2,101.8,2,3,2,4,1,1,8,
11/6/2022,7,23:32,2,161.9,2,3,3,4,1,1,1,
11/6/2022,7,19:30,2,183.2,2,2,4,4,1,1,1,7
11/6/2022,7,16:05,2,183,2,2,3,4,1,1,8,
10/6/2022,6,17:52,2,140.45,2,2,3,4,1,1,1,
10/6/2022,6,14:30,2,255.9,2,3,3,4,1,1,8,
10/6/2022,6,9:35,2,253.4,2,2,3,4,1,1,8,
9/6/2022,5,20:34,2,265.1,2,4,3,4,1,1,1,
9/6/2022,5,18:34,2,201.6,2,2,3,4,1,1,6,
9/6/2022,5,7:25,2,110.25,2,4,3,4,1,1,11,
8/6/2022,4,21:00,2,189.7,1,1,3,4,1,1,8,
8/6/2022,4,20:02,2,192.8,1,3,3,4,1,1,8,
8/6/2022,4,18:58,2,161.6,2,4,3,4,1,1,15,
8/6/2022,4,15:10,2,223.5,2,2,4,4,1,1,1,
8/6/2022,4,14:29,2,191.8,1,2,3,4,1,1,11,
8/6/2022,4,14:00,2,241.4,2,2,3,4,1,1,5,5
8/6/2022,4,8:56,2,224.4,1,2,3,4,1,1,8,
7/6/2022,3,3:52,2,118.9,2,4,3,4,1,1,5,5
24/07/2022,1,20:25,2,23.795,1,1,2,4,1,1,1,
21/07/2022,5,14:40,2,23.695,2,2,2,4,1,1,6,
20/07/2022,4,20:30,2,681.495,2,3,5,4,1,1,5,
20/07/2022,4,8:10,2,667.795,1,2,2,4,1,1,5,
20/07/2022,4,23:30,2,24.945,1,2,4,4,1,1,6,
20/07/2022,4,23:30,2,19.395,1,2,2,4,1,1,11,
16/07/2022,7,7:35,2,680.395,2,3,2,4,1,1,5,
15/07/2022,6,18:20,2,703.495,2,1,2,4,1,1,5,
14/07/2022,5,11:00,2,15.195,2,1,2,4,1,1,1,
12/7/2022,3,21:35,2,17.595,1,2,2,4,1,1,5,
11/7/2022,2,3:10,2,676.195,1,2,2,4,1,1,6,
11/7/2022,2,11:40,2,672.095,1,2,2,4,1,1,1,
10/7/2022,1,10:55,2,711.195,2,3,2,4,1,1,5,
9/7/2022,7,23:00,2,704.295,2,2,2,4,1,1,1,
6/6/2022,2,23:30,2,239.8,2,3,3,4,1,1,8,
23/07/2022,7,19:55,1,140.2,1,2,3,4,1,1,6,15
6/6/2022,2,23:29,2,157.3,2,4,4,4,1,1,11,
6/6/2022,2,23:28,2,277.4,1,2,3,4,1,1,5,8
6/6/2022,2,14:24,2,191.8,2,2,3,4,1,1,8,
6/6/2022,2,7:20,2,234.8,2,4,3,4,1,1,1,
6/6/2022,2,6:20,2,256.2,1,3,3,4,1,1,1,
5/6/2022,1,13:40,2,258.8,1,3,2,4,1,1,1,
5/6/2022,1,5:30,2,181.4,2,4,2,4,1,1,5,
22/07/2022,6,23:00,1,73.2,2,3,2,4,1,3,15,15
16/07/2022,7,14:25,2,248,2,3,2,4,1,1,5,
16/07/2022,7,11:55,2,199.595,1,3,2,4,1,1,6,
4/6/2022,7,21:20,2,196.5,1,4,2,4,1,1,10,
4/6/2022,7,9:40,2,236.6,2,4,2,4,1,1,1,
4/6/2022,7,1:07,2,159.2,2,3,2,4,1,1,11,
3/6/2022,6,18:30,2,137.2,1,3,2,4,1,1,9,
21/07/2022,5,11:35,1,55.24,1,4,2,4,1,1,5,
21/07/2022,5,10:35,2,56.94,2,3,2,4,1,1,5,
20/07/2022,4,14:15,2,70.1,2,4,2,4,1,5,1,
14/07/2022,5,16:20,2,183.2,2,3,4,4,1,1,6,
13/07/2022,4,18:15,2,234.4,2,2,3,4,1,1,6,
12/7/2022,3,15:20,2,175.4,1,3,1,4,1,1,6,
3/6/2022,6,12:01,2,106.6,1,2,2,4,1,1,1,
3/6/2022,6,8:16,2,200.2,2,4,2,4,1,1,1,
3/6/2022,6,5:44,2,283,1,4,2,4,1,1,5,5
19/07/2022,3,7:00,2,57.1,1,3,2,4,1,5,5,
18/07/2022,2,5:55,2,57.66,1,3,2,4,1,5,6,
17/07/2022,1,7:00,2,58.2,1,4,2,4,1,5,5,
16/07/2022,7,8:35,2,18.6,1,2,2,4,1,5,1,
15/07/2022,6,6:35,2,18.3,1,2,2,4,1,5,6,
14/07/2022,5,3:45,2,35.36,1,4,2,4,1,5,1,
2/6/2022,5,16:44,2,205.45,2,4,2,4,1,1,1,
13/07/2022,4,7:15,2,16.7,1,2,1,4,1,5,5,
12/7/2022,3,12:45,2,35.89,2,4,2,4,1,5,5,
11/7/2022,2,6:05,2,13.82,2,4,2,4,1,1,1,
10/7/2022,1,5:30,2,42.24,2,4,2,4,1,1,1,
2/6/2022,5,16:21,2,111.4,2,2,2,4,1,1,8,
2/6/2022,5,14:49,2,139.5,2,4,3,4,1,1,10,
2/6/2022,5,14:37,2,136.25,2,4,2,4,1,1,1,
2/6/2022,5,11:30,2,215.8,1,2,2,4,1,1,1,
2/6/2022,5,2:46,2,148,2,4,2,4,1,1,5,
1/6/2022,4,10:00,2,198.7,2,4,2,4,1,1,5,
1/6/2022,4,9:41,2,156,2,4,2,4,1,1,3,3
1/6/2022,4,13:22,2,229.4,2,4,2,4,1,1,5,
16/07/2022,7,1:00,2,70.97,2,4,3,4,1,3,15,
15/07/2022,6,17:05,2,63.85,2,2,2,4,1,3,1,6
14/07/2022,5,6:30,2,64.9,2,3,2,4,1,5,6,
13/07/2022,4,10:10,2,141.23,2,1,3,4,1,2,15,1
13/07/2022,4,10:10,2,141.23,2,1,3,4,1,2,15,1
13/07/2022,4,10:10,2,141.23,2,1,3,4,1,2,15,1
9/7/2022,7,19:15,2,16.7,1,2,1,4,1,5,5,
8/7/2022,6,12:45,2,35.89,2,4,2,4,1,5,5,
7/7/2022,5,18:10,2,13.82,2,4,2,4,1,5,1,
9/7/2022,7,17:15,2,222.02,1,2,4,4,1,1,11,
8/7/2022,6,1:25,2,103.38,2,2,2,4,1,1,1,15
6/7/2022,4,8:10,2,59.69,2,3,2,4,1,1,6,
5/7/2022,3,1:05,2,66.72,2,3,2,4,1,1,5,
4/7/2022,2,3:00,2,26.56,2,4,2,4,1,1,1,
13/06/2022,2,3:35,2,2.9,1,2,2,4,1,1,15,
9/6/2022,5,4:40,2,22,2,2,2,4,1,1,15,
6/6/2022,2,3:15,2,38.4,2,1,2,4,1,1,6,
8/7/2022,6,13:50,2,734.035,2,2,4,4,1,1,5,
4/6/2022,7,3:20,2,43.4,1,2,2,4,1,1,6,
6/7/2022,4,10:15,2,702.095,1,3,3,4,1,1,6,
1/6/2022,4,7:30,2,38.4,1,2,2,4,1,1,6,
6/7/2022,4,16:40,2,737.745,2,1,4,4,1,1,6,
5/7/2022,3,11:55,2,17.495,2,3,4,4,1,1,6,
2/7/2022,7,16:30,2,19.095,1,3,4,4,1,1,6,
29/06/2022,4,17:35,2,24.795,1,1,3,4,1,1,6,
27/06/2022,2,14:05,2,704.395,2,2,4,4,1,1,6,
26/06/2022,1,13:55,2,19.395,1,3,2,4,1,1,6,
9/7/2022,7,1:45,2,63.9,2,3,2,4,1,3,1,
7/7/2022,5,11:35,2,248,1,3,2,4,1,1,15,
6/7/2022,4,10:25,1,253,1,3,2,4,1,1,11,
2/7/2022,7,10:20,2,205.23,2,1,2,4,1,1,1,
1/7/2022,6,10:50,2,245.4,2,3,2,4,1,1,6,
29/06/2022,4,13:20,2,235.35,1,2,2,4,1,1,6,
24/06/2022,6,8:40,2,244.7,2,3,2,4,1,1,1,
22/06/2022,4,11:30,2,185.2,2,4,3,4,1,1,11,
22/06/2022,4,9:35,2,185.1,1,1,4,4,1,1,11,
20/06/2022,2,11:40,2,197.55,1,3,2,4,1,1,6,
19/06/2022,1,13:20,2,180.6,1,3,2,4,1,1,6,
18/06/2022,7,16:00,2,185.6,2,1,4,4,1,1,6,
16/06/2022,5,10:40,2,228.2,1,2,2,4,1,1,11,
15/06/2022,4,10:05,2,249.1,2,2,2,4,1,1,11,
8/6/2022,4,2:00,1,256.8,1,4,5,4,1,1,5,
5/6/2022,1,13:00,2,212.2,1,1,1,4,1,1,6,
7/7/2022,5,16:15,2,76.71,2,3,2,4,1,3,6,
1/6/2022,4,12:00,1,242.2,2,2,3,4,1,1,5,
3/7/2022,1,10:25,2,14.6,1,4,2,4,1,5,1,
3/7/2022,1,17:00,2,14.5,2,4,2,4,1,5,11,
3/7/2022,1,16:25,1,27.6,2,3,2,4,1,1,6,
2/7/2022,7,9:05,1,58.84,2,2,2,4,1,1,1,
1/7/2022,6,15:30,1,21.6,1,4,2,4,1,1,1,
1/7/2022,6,2:45,1,71.05,2,2,2,4,1,1,5,
25/06/2022,7,5:25,2,24,1,3,4,4,1,1,3,
24/06/2022,6,17:35,2,24.795,1,1,3,4,1,1,6,
23/06/2022,5,1:35,2,672.195,2,3,2,4,1,1,6,
22/06/2022,4,22:40,2,682.195,2,2,2,4,1,1,6,
21/06/2022,3,14:15,2,652.845,1,2,3,4,1,1,6,
20/06/2022,2,13:55,2,19.395,1,3,2,4,1,1,6,
19/06/2022,1,13:00,2,704.395,2,2,4,4,1,1,6,
30/06/2022,5,1:30,2,9.18,2,3,2,4,1,1,5,
29/06/2022,4,9:15,2,59,1,3,2,4,1,1,1,
28/06/2022,3,2:30,2,26.38,1,3,2,4,1,1,6,
27/06/2022,2,5:55,2,15.3,1,3,2,4,1,1,6,
26/06/2022,1,18:30,2,94.9,1,4,5,4,1,1,5,3
23/06/2022,5,0:05,2,55.95,1,4,2,4,1,1,5,
26/06/2022,1,20:40,1,23.32,2,3,2,4,1,1,6,
25/06/2022,7,12:00,1,25.34,1,3,2,4,1,1,6,
24/06/2022,6,15:45,1,26.96,1,2,2,4,1,5,5,
23/06/2022,5,14:40,1,14.5,2,4,2,4,1,5,5,
18/06/2022,7,18:30,2,15.045,2,3,4,4,1,1,1,
17/06/2022,6,5:30,2,18.395,2,1,2,4,1,1,1,
16/06/2022,5,7:45,2,707.395,1,2,4,4,1,1,5,
15/06/2022,4,12:35,2,19.945,1,2,4,4,1,1,6,
14/06/2022,3,15:40,2,15.195,2,3,4,4,1,1,6,
13/06/2022,2,12:05,2,737.695,2,3,4,4,1,1,5,
22/06/2022,4,14:05,1,91.68,2,4,2,4,1,5,1,
21/06/2022,3,20:10,1,43.96,2,3,2,4,1,1,1,
20/06/2022,2,18:20,1,44.54,2,4,2,4,1,1,1,
19/06/2022,1,17:15,1,1.5,1,3,2,4,1,1,6,
18/06/2022,7,7:30,2,55.05,1,4,2,4,1,1,5,5
15/06/2022,4,11:30,2,85.7,1,3,2,4,1,1,6,
18/06/2022,7,4:55,2,14.7,2,3,2,4,1,1,6,
17/06/2022,6,4:10,2,17.3,2,3,2,4,1,1,14,
16/06/2022,5,5:00,2,70,2,3,2,4,1,1,5,
15/06/2022,4,4:45,2,13.48,2,3,2,4,1,1,6,
14/06/2022,3,15:50,2,25.29,2,4,2,4,1,1,6,
13/06/2022,2,17:05,2,20.6,2,4,2,4,1,1,5,
13/06/2022,2,17:00,2,16.3,2,4,2,4,1,5,5,
12/6/2022,1,9:30,2,18.945,2,3,2,4,1,1,6,
11/6/2022,7,10:50,2,664.775,2,3,2,4,1,1,5,
10/6/2022,6,11:30,2,710.795,2,2,2,4,1,1,6,
9/6/2022,5,2:30,2,669.525,2,2,2,4,1,1,5,
8/6/2022,4,10:15,2,671.895,2,4,2,4,1,1,6,
7/6/2022,3,1:30,2,669.695,1,2,2,4,1,1,6,
6/6/2022,2,12:50,2,714.395,2,2,2,4,1,1,5,
5/6/2022,1,2:15,2,678.195,2,3,2,4,1,1,1,
4/6/2022,7,9:15,2,691.795,1,2,2,4,1,1,6,
3/6/2022,6,4:30,2,683.295,2,2,2,4,1,1,1,
2/6/2022,5,7:30,2,687.195,2,2,2,4,1,1,6,
1/6/2022,4,8:45,2,681.195,2,2,2,4,1,1,6,
12/6/2022,1,16:00,2,50.29,1,4,2,4,1,1,1,
12/6/2022,1,13:05,2,69.34,1,3,4,4,1,1,6,
11/6/2022,7,15:00,2,11,1,3,2,4,1,1,5,
10/6/2022,6,15:15,2,70.06,2,3,2,4,1,1,5,
8/6/2022,4,17:30,2,77.565,2,4,2,4,1,1,1,
7/6/2022,3,18:45,2,97.5,1,1,2,4,1,1,1,
